2025-04-10 03:24:37.411821 INFO  BF_MC Write LAG node at addr 0x50c8 with id 255 and next node 0x50c9 0x0000_00000000ff050c9c
2025-04-10 03:24:37.411842 INFO  BF_MC Write LAG node at addr 0x50c9 with id 255 and next node 0x50ca 0x00ff_050cac00ff050c9c
2025-04-10 03:24:37.411847 INFO  BF_MC Write LAG node at addr 0x50ca with id 255 and next node 0x50cb 0x0000_00000000ff050cbc
2025-04-10 03:24:37.411852 INFO  BF_MC Write LAG node at addr 0x50cb with id 255 and next node 0x50cc 0x00ff_050ccc00ff050cbc
2025-04-10 03:24:37.411856 INFO  BF_MC Write LAG node at addr 0x50cc with id 255 and next node 0x50cd 0x0000_00000000ff050cdc
2025-04-10 03:24:37.411860 INFO  BF_MC Write LAG node at addr 0x50cd with id 255 and next node 0x50ce 0x00ff_050cec00ff050cdc
2025-04-10 03:24:37.411864 INFO  BF_MC Write LAG node at addr 0x50ce with id 255 and next node 0x50cf 0x0000_00000000ff050cfc
2025-04-10 03:24:37.411869 INFO  BF_MC Write LAG node at addr 0x50cf with id 255 and next node 0x50d0 0x00ff_050d0c00ff050cfc
2025-04-10 03:24:37.411873 INFO  BF_MC Write LAG node at addr 0x50d0 with id 255 and next node 0x50d1 0x0000_00000000ff050d1c
2025-04-10 03:24:37.411878 INFO  BF_MC Write LAG node at addr 0x50d1 with id 255 and next node 0x50d2 0x00ff_050d2c00ff050d1c
2025-04-10 03:24:37.411882 INFO  BF_MC Write LAG node at addr 0x50d2 with id 255 and next node 0x50d3 0x0000_00000000ff050d3c
2025-04-10 03:24:37.411886 INFO  BF_MC Write LAG node at addr 0x50d3 with id 255 and next node 0x50d4 0x00ff_050d4c00ff050d3c
2025-04-10 03:24:37.411890 INFO  BF_MC Write LAG node at addr 0x50d4 with id 255 and next node 0x50d5 0x0000_00000000ff050d5c
2025-04-10 03:24:37.411894 INFO  BF_MC Write LAG node at addr 0x50d5 with id 255 and next node 0x50d6 0x00ff_050d6c00ff050d5c
2025-04-10 03:24:37.411898 INFO  BF_MC Write LAG node at addr 0x50d6 with id 255 and next node 0x50d7 0x0000_00000000ff050d7c
2025-04-10 03:24:37.411903 INFO  BF_MC Write LAG node at addr 0x50d7 with id 255 and next node 0x50d8 0x00ff_050d8c00ff050d7c
2025-04-10 03:24:37.411907 INFO  BF_MC Write LAG node at addr 0x50d8 with id 255 and next node 0x50d9 0x0000_00000000ff050d9c
2025-04-10 03:24:37.411911 INFO  BF_MC Write LAG node at addr 0x50d9 with id 255 and next node 0x50da 0x00ff_050dac00ff050d9c
2025-04-10 03:24:37.411915 INFO  BF_MC Write LAG node at addr 0x50da with id 255 and next node 0x50db 0x0000_00000000ff050dbc
2025-04-10 03:24:37.411920 INFO  BF_MC Write LAG node at addr 0x50db with id 255 and next node 0x50dc 0x00ff_050dcc00ff050dbc
2025-04-10 03:24:37.411924 INFO  BF_MC Write LAG node at addr 0x50dc with id 255 and next node 0x50dd 0x0000_00000000ff050ddc
2025-04-10 03:24:37.411928 INFO  BF_MC Write LAG node at addr 0x50dd with id 255 and next node 0x50de 0x00ff_050dec00ff050ddc
2025-04-10 03:24:37.411932 INFO  BF_MC Write LAG node at addr 0x50de with id 255 and next node 0x50df 0x0000_00000000ff050dfc
2025-04-10 03:24:37.411937 INFO  BF_MC Write LAG node at addr 0x50df with id 255 and next node 0x50e0 0x00ff_050e0c00ff050dfc
2025-04-10 03:24:37.411941 INFO  BF_MC Write LAG node at addr 0x50e0 with id 255 and next node 0x50e1 0x0000_00000000ff050e1c
2025-04-10 03:24:37.411945 INFO  BF_MC Write LAG node at addr 0x50e1 with id 255 and next node 0x50e2 0x00ff_050e2c00ff050e1c
2025-04-10 03:24:37.411949 INFO  BF_MC Write LAG node at addr 0x50e2 with id 255 and next node 0x50e3 0x0000_00000000ff050e3c
2025-04-10 03:24:37.411953 INFO  BF_MC Write LAG node at addr 0x50e3 with id 255 and next node 0x50e4 0x00ff_050e4c00ff050e3c
2025-04-10 03:24:37.411957 INFO  BF_MC Write LAG node at addr 0x50e4 with id 255 and next node 0x50e5 0x0000_00000000ff050e5c
2025-04-10 03:24:37.411962 INFO  BF_MC Write LAG node at addr 0x50e5 with id 255 and next node 0x50e6 0x00ff_050e6c00ff050e5c
2025-04-10 03:24:37.411966 INFO  BF_MC Write LAG node at addr 0x50e6 with id 255 and next node 0x50e7 0x0000_00000000ff050e7c
2025-04-10 03:24:37.411971 INFO  BF_MC Write LAG node at addr 0x50e7 with id 255 and next node 0x50e8 0x00ff_050e8c00ff050e7c
2025-04-10 03:24:37.411975 INFO  BF_MC Write LAG node at addr 0x50e8 with id 255 and next node 0x50e9 0x0000_00000000ff050e9c
2025-04-10 03:24:37.411982 INFO  BF_MC Write LAG node at addr 0x50e9 with id 255 and next node 0x50ea 0x00ff_050eac00ff050e9c
2025-04-10 03:24:37.411986 INFO  BF_MC Write LAG node at addr 0x50ea with id 255 and next node 0x50eb 0x0000_00000000ff050ebc
2025-04-10 03:24:37.411991 INFO  BF_MC Write LAG node at addr 0x50eb with id 255 and next node 0x50ec 0x00ff_050ecc00ff050ebc
2025-04-10 03:24:37.411995 INFO  BF_MC Write LAG node at addr 0x50ec with id 255 and next node 0x50ed 0x0000_00000000ff050edc
2025-04-10 03:24:37.411999 INFO  BF_MC Write LAG node at addr 0x50ed with id 255 and next node 0x50ee 0x00ff_050eec00ff050edc
2025-04-10 03:24:37.412003 INFO  BF_MC Write LAG node at addr 0x50ee with id 255 and next node 0x50ef 0x0000_00000000ff050efc
2025-04-10 03:24:37.412007 INFO  BF_MC Write LAG node at addr 0x50ef with id 255 and next node 0x50f0 0x00ff_050f0c00ff050efc
2025-04-10 03:24:37.412011 INFO  BF_MC Write LAG node at addr 0x50f0 with id 255 and next node 0x50f1 0x0000_00000000ff050f1c
2025-04-10 03:24:37.412015 INFO  BF_MC Write LAG node at addr 0x50f1 with id 255 and next node 0x50f2 0x00ff_050f2c00ff050f1c
2025-04-10 03:24:37.412019 INFO  BF_MC Write LAG node at addr 0x50f2 with id 255 and next node 0x50f3 0x0000_00000000ff050f3c
2025-04-10 03:24:37.412024 INFO  BF_MC Write LAG node at addr 0x50f3 with id 255 and next node 0x50f4 0x00ff_050f4c00ff050f3c
2025-04-10 03:24:37.412028 INFO  BF_MC Write LAG node at addr 0x50f4 with id 255 and next node 0x50f5 0x0000_00000000ff050f5c
2025-04-10 03:24:37.412032 INFO  BF_MC Write LAG node at addr 0x50f5 with id 255 and next node 0x50f6 0x00ff_050f6c00ff050f5c
2025-04-10 03:24:37.412036 INFO  BF_MC Write LAG node at addr 0x50f6 with id 255 and next node 0x50f7 0x0000_00000000ff050f7c
2025-04-10 03:24:37.412041 INFO  BF_MC Write LAG node at addr 0x50f7 with id 255 and next node 0x50f8 0x00ff_050f8c00ff050f7c
2025-04-10 03:24:37.412044 INFO  BF_MC Write LAG node at addr 0x50f8 with id 255 and next node 0x50f9 0x0000_00000000ff050f9c
2025-04-10 03:24:37.412049 INFO  BF_MC Write LAG node at addr 0x50f9 with id 255 and next node 0x50fa 0x00ff_050fac00ff050f9c
2025-04-10 03:24:37.412052 INFO  BF_MC Write LAG node at addr 0x50fa with id 255 and next node 0x50fb 0x0000_00000000ff050fbc
2025-04-10 03:24:37.412057 INFO  BF_MC Write LAG node at addr 0x50fb with id 255 and next node 0x50fc 0x00ff_050fcc00ff050fbc
2025-04-10 03:24:37.412061 INFO  BF_MC Write LAG node at addr 0x50fc with id 255 and next node 0x50fd 0x0000_00000000ff050fdc
2025-04-10 03:24:37.412065 INFO  BF_MC Write LAG node at addr 0x50fd with id 255 and next node 0x50fe 0x00ff_050fec00ff050fdc
2025-04-10 03:24:37.412069 INFO  BF_MC Write LAG node at addr 0x50fe with id 255 and next node 0x50ff 0x0000_00000000ff050ffc
2025-04-10 03:24:37.412074 INFO  BF_MC Write LAG node at addr 0x50ff with id 255 and next node 0x5100 0x00ff_05100c00ff050ffc
2025-04-10 03:24:37.412078 INFO  BF_MC Write LAG node at addr 0x5100 with id 255 and next node 0x5101 0x0000_00000000ff05101c
2025-04-10 03:24:37.412082 INFO  BF_MC Write LAG node at addr 0x5101 with id 255 and next node 0x5102 0x00ff_05102c00ff05101c
2025-04-10 03:24:37.412086 INFO  BF_MC Write LAG node at addr 0x5102 with id 255 and next node 0x5103 0x0000_00000000ff05103c
2025-04-10 03:24:37.412090 INFO  BF_MC Write LAG node at addr 0x5103 with id 255 and next node 0 0x00ff_00000c00ff05103c
2025-04-10 03:24:37.412097 INFO  BF_MC Allocated RDM addresses 0x11c0 - 0x11df
2025-04-10 03:24:37.412110 INFO  BF_MC Write L1End node at addr 0x11c0, rid 0, l2 0x5101
2025-04-10 03:24:37.412114 INFO  BF_MC Write L1End node at addr 0x11c1, rid 0, l2 0x5100
2025-04-10 03:24:37.412118 INFO  BF_MC Write L1End node at addr 0x11c2, rid 0, l2 0x50ff
2025-04-10 03:24:37.412122 INFO  BF_MC Write L1End node at addr 0x11c3, rid 0, l2 0x50fe
2025-04-10 03:24:37.412126 INFO  BF_MC Write L1End node at addr 0x11c4, rid 0, l2 0x50fd
2025-04-10 03:24:37.412130 INFO  BF_MC Write L1End node at addr 0x11c5, rid 0, l2 0x50fc
2025-04-10 03:24:37.412134 INFO  BF_MC Write L1End node at addr 0x11c6, rid 0, l2 0x50fb
2025-04-10 03:24:37.412140 INFO  BF_MC Write L1End node at addr 0x11c7, rid 0, l2 0x50fa
2025-04-10 03:24:37.412144 INFO  BF_MC Write L1End node at addr 0x11c8, rid 0, l2 0x50f8
2025-04-10 03:24:37.412147 INFO  BF_MC Write L1End node at addr 0x11c9, rid 0, l2 0x50f6
2025-04-10 03:24:37.412152 INFO  BF_MC Write L1End node at addr 0x11ca, rid 0, l2 0x50f4
2025-04-10 03:24:37.412156 INFO  BF_MC Write L1End node at addr 0x11cb, rid 0, l2 0x50f2
2025-04-10 03:24:37.412159 INFO  BF_MC Write L1End node at addr 0x11cc, rid 0, l2 0x50f0
2025-04-10 03:24:37.412163 INFO  BF_MC Write L1End node at addr 0x11cd, rid 0, l2 0x50ee
2025-04-10 03:24:37.412167 INFO  BF_MC Write L1End node at addr 0x11ce, rid 0, l2 0x50ec
2025-04-10 03:24:37.412171 INFO  BF_MC Write L1End node at addr 0x11cf, rid 0, l2 0x50ea
2025-04-10 03:24:37.412175 INFO  BF_MC Write L1End node at addr 0x11d0, rid 0, l2 0x50e8
2025-04-10 03:24:37.412179 INFO  BF_MC Write L1End node at addr 0x11d1, rid 0, l2 0x50e6
2025-04-10 03:24:37.412183 INFO  BF_MC Write L1End node at addr 0x11d2, rid 0, l2 0x50e4
2025-04-10 03:24:37.412187 INFO  BF_MC Write L1End node at addr 0x11d3, rid 0, l2 0x50e0
2025-04-10 03:24:37.412191 INFO  BF_MC Write L1End node at addr 0x11d4, rid 0, l2 0x50dc
2025-04-10 03:24:37.412194 INFO  BF_MC Write L1End node at addr 0x11d5, rid 0, l2 0x50d8
2025-04-10 03:24:37.412199 INFO  BF_MC Write L1End node at addr 0x11d6, rid 0, l2 0x50d4
2025-04-10 03:24:37.412202 INFO  BF_MC Write L1End node at addr 0x11d7, rid 0, l2 0x50cc
2025-04-10 03:24:37.412206 INFO  BF_MC Write L1End node at addr 0x11d8, rid 0, l2 0x50c4
2025-04-10 03:24:37.412210 INFO  BF_MC Write L1End node at addr 0x11d9, rid 0, l2 0x50bc
2025-04-10 03:24:37.412214 INFO  BF_MC Write L1End node at addr 0x11da, rid 0, l2 0x50a0
2025-04-10 03:24:37.412218 INFO  BF_MC Write L1End node at addr 0x11db, rid 0, l2 0x5087
2025-04-10 03:24:37.412222 INFO  BF_MC Write L1End node at addr 0x11dc, rid 0, l2 0x506e
2025-04-10 03:24:37.412225 INFO  BF_MC Write L1End node at addr 0x11dd, rid 0, l2 0x5055
2025-04-10 03:24:37.412230 INFO  BF_MC Write L1End node at addr 0x11de, rid 0, l2 0x503c
2025-04-10 03:24:37.412233 INFO  BF_MC Write L1End node at addr 0x11df, rid 0, l2 0x5000
2025-04-10 03:24:37.412239 INFO  BF_MC Allocated RDM addresses 0x6000 - 0x6103
2025-04-10 03:24:37.412243 INFO  BF_MC Write LAG node at addr 0x6000 with id 255 and next node 0x6001 0x0000_00000000ff06001c
2025-04-10 03:24:37.412248 INFO  BF_MC Write LAG node at addr 0x6001 with id 255 and next node 0x6002 0x00ff_06002c00ff06001c
2025-04-10 03:24:37.412252 INFO  BF_MC Write LAG node at addr 0x6002 with id 255 and next node 0x6003 0x0000_00000000ff06003c
2025-04-10 03:24:37.412256 INFO  BF_MC Write LAG node at addr 0x6003 with id 255 and next node 0x6004 0x00ff_06004c00ff06003c
2025-04-10 03:24:37.412260 INFO  BF_MC Write LAG node at addr 0x6004 with id 255 and next node 0x6005 0x0000_00000000ff06005c
2025-04-10 03:24:37.412265 INFO  BF_MC Write LAG node at addr 0x6005 with id 255 and next node 0x6006 0x00ff_06006c00ff06005c
2025-04-10 03:24:37.412269 INFO  BF_MC Write LAG node at addr 0x6006 with id 255 and next node 0x6007 0x0000_00000000ff06007c
2025-04-10 03:24:37.412273 INFO  BF_MC Write LAG node at addr 0x6007 with id 255 and next node 0x6008 0x00ff_06008c00ff06007c
2025-04-10 03:24:37.412277 INFO  BF_MC Write LAG node at addr 0x6008 with id 255 and next node 0x6009 0x0000_00000000ff06009c
2025-04-10 03:24:37.412282 INFO  BF_MC Write LAG node at addr 0x6009 with id 255 and next node 0x600a 0x00ff_0600ac00ff06009c
2025-04-10 03:24:37.412286 INFO  BF_MC Write LAG node at addr 0x600a with id 255 and next node 0x600b 0x0000_00000000ff0600bc
2025-04-10 03:24:37.412290 INFO  BF_MC Write LAG node at addr 0x600b with id 255 and next node 0x600c 0x00ff_0600cc00ff0600bc
2025-04-10 03:24:37.412293 INFO  BF_MC Write LAG node at addr 0x600c with id 255 and next node 0x600d 0x0000_00000000ff0600dc
2025-04-10 03:24:37.412298 INFO  BF_MC Write LAG node at addr 0x600d with id 255 and next node 0x600e 0x00ff_0600ec00ff0600dc
2025-04-10 03:24:37.412304 INFO  BF_MC Write LAG node at addr 0x600e with id 255 and next node 0x600f 0x0000_00000000ff0600fc
2025-04-10 03:24:37.412308 INFO  BF_MC Write LAG node at addr 0x600f with id 255 and next node 0x6010 0x00ff_06010c00ff0600fc
2025-04-10 03:24:37.412312 INFO  BF_MC Write LAG node at addr 0x6010 with id 255 and next node 0x6011 0x0000_00000000ff06011c
2025-04-10 03:24:37.412317 INFO  BF_MC Write LAG node at addr 0x6011 with id 255 and next node 0x6012 0x00ff_06012c00ff06011c
2025-04-10 03:24:37.412321 INFO  BF_MC Write LAG node at addr 0x6012 with id 255 and next node 0x6013 0x0000_00000000ff06013c
2025-04-10 03:24:37.412325 INFO  BF_MC Write LAG node at addr 0x6013 with id 255 and next node 0x6014 0x00ff_06014c00ff06013c
2025-04-10 03:24:37.412329 INFO  BF_MC Write LAG node at addr 0x6014 with id 255 and next node 0x6015 0x0000_00000000ff06015c
2025-04-10 03:24:37.412333 INFO  BF_MC Write LAG node at addr 0x6015 with id 255 and next node 0x6016 0x00ff_06016c00ff06015c
2025-04-10 03:24:37.412337 INFO  BF_MC Write LAG node at addr 0x6016 with id 255 and next node 0x6017 0x0000_00000000ff06017c
2025-04-10 03:24:37.412341 INFO  BF_MC Write LAG node at addr 0x6017 with id 255 and next node 0x6018 0x00ff_06018c00ff06017c
2025-04-10 03:24:37.412345 INFO  BF_MC Write LAG node at addr 0x6018 with id 255 and next node 0x6019 0x0000_00000000ff06019c
2025-04-10 03:24:37.412350 INFO  BF_MC Write LAG node at addr 0x6019 with id 255 and next node 0x601a 0x00ff_0601ac00ff06019c
2025-04-10 03:24:37.412354 INFO  BF_MC Write LAG node at addr 0x601a with id 255 and next node 0x601b 0x0000_00000000ff0601bc
2025-04-10 03:24:37.412358 INFO  BF_MC Write LAG node at addr 0x601b with id 255 and next node 0x601c 0x00ff_0601cc00ff0601bc
2025-04-10 03:24:37.412362 INFO  BF_MC Write LAG node at addr 0x601c with id 255 and next node 0x601d 0x0000_00000000ff0601dc
2025-04-10 03:24:37.412367 INFO  BF_MC Write LAG node at addr 0x601d with id 255 and next node 0x601e 0x00ff_0601ec00ff0601dc
2025-04-10 03:24:37.412371 INFO  BF_MC Write LAG node at addr 0x601e with id 255 and next node 0x601f 0x0000_00000000ff0601fc
2025-04-10 03:24:37.412375 INFO  BF_MC Write LAG node at addr 0x601f with id 255 and next node 0x6020 0x00ff_06020c00ff0601fc
2025-04-10 03:24:37.412379 INFO  BF_MC Write LAG node at addr 0x6020 with id 255 and next node 0x6021 0x0000_00000000ff06021c
2025-04-10 03:24:37.412384 INFO  BF_MC Write LAG node at addr 0x6021 with id 255 and next node 0x6022 0x00ff_06022c00ff06021c
2025-04-10 03:24:37.412388 INFO  BF_MC Write LAG node at addr 0x6022 with id 255 and next node 0x6023 0x0000_00000000ff06023c
2025-04-10 03:24:37.412392 INFO  BF_MC Write LAG node at addr 0x6023 with id 255 and next node 0x6024 0x00ff_06024c00ff06023c
2025-04-10 03:24:37.412396 INFO  BF_MC Write LAG node at addr 0x6024 with id 255 and next node 0x6025 0x0000_00000000ff06025c
2025-04-10 03:24:37.412401 INFO  BF_MC Write LAG node at addr 0x6025 with id 255 and next node 0x6026 0x00ff_06026c00ff06025c
2025-04-10 03:24:37.412405 INFO  BF_MC Write LAG node at addr 0x6026 with id 255 and next node 0x6027 0x0000_00000000ff06027c
2025-04-10 03:24:37.412409 INFO  BF_MC Write LAG node at addr 0x6027 with id 255 and next node 0x6028 0x00ff_06028c00ff06027c
2025-04-10 03:24:37.412413 INFO  BF_MC Write LAG node at addr 0x6028 with id 255 and next node 0x6029 0x0000_00000000ff06029c
2025-04-10 03:24:37.412417 INFO  BF_MC Write LAG node at addr 0x6029 with id 255 and next node 0x602a 0x00ff_0602ac00ff06029c
2025-04-10 03:24:37.412421 INFO  BF_MC Write LAG node at addr 0x602a with id 255 and next node 0x602b 0x0000_00000000ff0602bc
2025-04-10 03:24:37.412425 INFO  BF_MC Write LAG node at addr 0x602b with id 255 and next node 0x602c 0x00ff_0602cc00ff0602bc
2025-04-10 03:24:37.412429 INFO  BF_MC Write LAG node at addr 0x602c with id 255 and next node 0x602d 0x0000_00000000ff0602dc
2025-04-10 03:24:37.412434 INFO  BF_MC Write LAG node at addr 0x602d with id 255 and next node 0x602e 0x00ff_0602ec00ff0602dc
2025-04-10 03:24:37.412438 INFO  BF_MC Write LAG node at addr 0x602e with id 255 and next node 0x602f 0x0000_00000000ff0602fc
2025-04-10 03:24:37.412444 INFO  BF_MC Write LAG node at addr 0x602f with id 255 and next node 0x6030 0x00ff_06030c00ff0602fc
2025-04-10 03:24:37.412448 INFO  BF_MC Write LAG node at addr 0x6030 with id 255 and next node 0x6031 0x0000_00000000ff06031c
2025-04-10 03:24:37.412452 INFO  BF_MC Write LAG node at addr 0x6031 with id 255 and next node 0x6032 0x00ff_06032c00ff06031c
2025-04-10 03:24:37.412456 INFO  BF_MC Write LAG node at addr 0x6032 with id 255 and next node 0x6033 0x0000_00000000ff06033c
2025-04-10 03:24:37.412460 INFO  BF_MC Write LAG node at addr 0x6033 with id 255 and next node 0x6034 0x00ff_06034c00ff06033c
2025-04-10 03:24:37.412464 INFO  BF_MC Write LAG node at addr 0x6034 with id 255 and next node 0x6035 0x0000_00000000ff06035c
2025-04-10 03:24:37.412469 INFO  BF_MC Write LAG node at addr 0x6035 with id 255 and next node 0x6036 0x00ff_06036c00ff06035c
2025-04-10 03:24:37.412473 INFO  BF_MC Write LAG node at addr 0x6036 with id 255 and next node 0x6037 0x0000_00000000ff06037c
2025-04-10 03:24:37.412477 INFO  BF_MC Write LAG node at addr 0x6037 with id 255 and next node 0x6038 0x00ff_06038c00ff06037c
2025-04-10 03:24:37.412481 INFO  BF_MC Write LAG node at addr 0x6038 with id 255 and next node 0x6039 0x0000_00000000ff06039c
2025-04-10 03:24:37.412485 INFO  BF_MC Write LAG node at addr 0x6039 with id 255 and next node 0x603a 0x00ff_0603ac00ff06039c
2025-04-10 03:24:37.412489 INFO  BF_MC Write LAG node at addr 0x603a with id 255 and next node 0x603b 0x0000_00000000ff0603bc
2025-04-10 03:24:37.412493 INFO  BF_MC Write LAG node at addr 0x603b with id 255 and next node 0x603c 0x00ff_0603cc00ff0603bc
2025-04-10 03:24:37.412497 INFO  BF_MC Write LAG node at addr 0x603c with id 255 and next node 0x603d 0x0000_00000000ff0603dc
2025-04-10 03:24:37.412502 INFO  BF_MC Write LAG node at addr 0x603d with id 255 and next node 0x603e 0x00ff_0603ec00ff0603dc
2025-04-10 03:24:37.412506 INFO  BF_MC Write LAG node at addr 0x603e with id 255 and next node 0x603f 0x0000_00000000ff0603fc
2025-04-10 03:24:37.412511 INFO  BF_MC Write LAG node at addr 0x603f with id 255 and next node 0x6040 0x00ff_06040c00ff0603fc
2025-04-10 03:24:37.412515 INFO  BF_MC Write LAG node at addr 0x6040 with id 255 and next node 0x6041 0x0000_00000000ff06041c
2025-04-10 03:24:37.412520 INFO  BF_MC Write LAG node at addr 0x6041 with id 255 and next node 0x6042 0x00ff_06042c00ff06041c
2025-04-10 03:24:37.412524 INFO  BF_MC Write LAG node at addr 0x6042 with id 255 and next node 0x6043 0x0000_00000000ff06043c
2025-04-10 03:24:37.412528 INFO  BF_MC Write LAG node at addr 0x6043 with id 255 and next node 0x6044 0x00ff_06044c00ff06043c
2025-04-10 03:24:37.412532 INFO  BF_MC Write LAG node at addr 0x6044 with id 255 and next node 0x6045 0x0000_00000000ff06045c
2025-04-10 03:24:37.412536 INFO  BF_MC Write LAG node at addr 0x6045 with id 255 and next node 0x6046 0x00ff_06046c00ff06045c
2025-04-10 03:24:37.412540 INFO  BF_MC Write LAG node at addr 0x6046 with id 255 and next node 0x6047 0x0000_00000000ff06047c
2025-04-10 03:24:37.412544 INFO  BF_MC Write LAG node at addr 0x6047 with id 255 and next node 0x6048 0x00ff_06048c00ff06047c
2025-04-10 03:24:37.412548 INFO  BF_MC Write LAG node at addr 0x6048 with id 255 and next node 0x6049 0x0000_00000000ff06049c
2025-04-10 03:24:37.412553 INFO  BF_MC Write LAG node at addr 0x6049 with id 255 and next node 0x604a 0x00ff_0604ac00ff06049c
2025-04-10 03:24:37.412557 INFO  BF_MC Write LAG node at addr 0x604a with id 255 and next node 0x604b 0x0000_00000000ff0604bc
2025-04-10 03:24:37.412561 INFO  BF_MC Write LAG node at addr 0x604b with id 255 and next node 0x604c 0x00ff_0604cc00ff0604bc
2025-04-10 03:24:37.412565 INFO  BF_MC Write LAG node at addr 0x604c with id 255 and next node 0x604d 0x0000_00000000ff0604dc
2025-04-10 03:24:37.412569 INFO  BF_MC Write LAG node at addr 0x604d with id 255 and next node 0x604e 0x00ff_0604ec00ff0604dc
2025-04-10 03:24:37.412573 INFO  BF_MC Write LAG node at addr 0x604e with id 255 and next node 0x604f 0x0000_00000000ff0604fc
2025-04-10 03:24:37.412579 INFO  BF_MC Write LAG node at addr 0x604f with id 255 and next node 0x6050 0x00ff_06050c00ff0604fc
2025-04-10 03:24:37.412583 INFO  BF_MC Write LAG node at addr 0x6050 with id 255 and next node 0x6051 0x0000_00000000ff06051c
2025-04-10 03:24:37.412588 INFO  BF_MC Write LAG node at addr 0x6051 with id 255 and next node 0x6052 0x00ff_06052c00ff06051c
2025-04-10 03:24:37.412592 INFO  BF_MC Write LAG node at addr 0x6052 with id 255 and next node 0x6053 0x0000_00000000ff06053c
2025-04-10 03:24:37.412596 INFO  BF_MC Write LAG node at addr 0x6053 with id 255 and next node 0x6054 0x00ff_06054c00ff06053c
2025-04-10 03:24:37.412600 INFO  BF_MC Write LAG node at addr 0x6054 with id 255 and next node 0x6055 0x0000_00000000ff06055c
2025-04-10 03:24:37.412605 INFO  BF_MC Write LAG node at addr 0x6055 with id 255 and next node 0x6056 0x00ff_06056c00ff06055c
2025-04-10 03:24:37.412620 INFO  BF_MC Write LAG node at addr 0x6056 with id 255 and next node 0x6057 0x0000_00000000ff06057c
2025-04-10 03:24:37.412625 INFO  BF_MC Write LAG node at addr 0x6057 with id 255 and next node 0x6058 0x00ff_06058c00ff06057c
2025-04-10 03:24:37.412629 INFO  BF_MC Write LAG node at addr 0x6058 with id 255 and next node 0x6059 0x0000_00000000ff06059c
2025-04-10 03:24:37.412634 INFO  BF_MC Write LAG node at addr 0x6059 with id 255 and next node 0x605a 0x00ff_0605ac00ff06059c
2025-04-10 03:24:37.412638 INFO  BF_MC Write LAG node at addr 0x605a with id 255 and next node 0x605b 0x0000_00000000ff0605bc
2025-04-10 03:24:37.412642 INFO  BF_MC Write LAG node at addr 0x605b with id 255 and next node 0x605c 0x00ff_0605cc00ff0605bc
2025-04-10 03:24:37.412646 INFO  BF_MC Write LAG node at addr 0x605c with id 255 and next node 0x605d 0x0000_00000000ff0605dc
2025-04-10 03:24:37.412651 INFO  BF_MC Write LAG node at addr 0x605d with id 255 and next node 0x605e 0x00ff_0605ec00ff0605dc
2025-04-10 03:24:37.412655 INFO  BF_MC Write LAG node at addr 0x605e with id 255 and next node 0x605f 0x0000_00000000ff0605fc
2025-04-10 03:24:37.412657 DEBUG BF_PLTFM QSFP     4 : RESETL = false
2025-04-10 03:24:37.412660 INFO  BF_MC Write LAG node at addr 0x605f with id 255 and next node 0x6060 0x00ff_06060c00ff0605fc
2025-04-10 03:24:37.412669 INFO  BF_MC Write LAG node at addr 0x6060 with id 255 and next node 0x6061 0x0000_00000000ff06061c
2025-04-10 03:24:37.412669 DEBUG BF_PLTFM QSFP     4 : False
2025-04-10 03:24:37.412675 INFO  BF_MC Write LAG node at addr 0x6061 with id 255 and next node 0x6062 0x00ff_06062c00ff06061c
2025-04-10 03:24:37.412680 INFO  BF_MC Write LAG node at addr 0x6062 with id 255 and next node 0x6063 0x0000_00000000ff06063c
2025-04-10 03:24:37.412685 INFO  BF_MC Write LAG node at addr 0x6063 with id 255 and next node 0x6064 0x00ff_06064c00ff06063c
2025-04-10 03:24:37.412690 INFO  BF_MC Write LAG node at addr 0x6064 with id 255 and next node 0x6065 0x0000_00000000ff06065c
2025-04-10 03:24:37.412694 INFO  BF_MC Write LAG node at addr 0x6065 with id 255 and next node 0x6066 0x00ff_06066c00ff06065c
2025-04-10 03:24:37.412698 INFO  BF_MC Write LAG node at addr 0x6066 with id 255 and next node 0x6067 0x0000_00000000ff06067c
2025-04-10 03:24:37.412703 INFO  BF_MC Write LAG node at addr 0x6067 with id 255 and next node 0x6068 0x00ff_06068c00ff06067c
2025-04-10 03:24:37.412707 INFO  BF_MC Write LAG node at addr 0x6068 with id 255 and next node 0x6069 0x0000_00000000ff06069c
2025-04-10 03:24:37.412711 INFO  BF_MC Write LAG node at addr 0x6069 with id 255 and next node 0x606a 0x00ff_0606ac00ff06069c
2025-04-10 03:24:37.412715 INFO  BF_MC Write LAG node at addr 0x606a with id 255 and next node 0x606b 0x0000_00000000ff0606bc
2025-04-10 03:24:37.412720 INFO  BF_MC Write LAG node at addr 0x606b with id 255 and next node 0x606c 0x00ff_0606cc00ff0606bc
2025-04-10 03:24:37.412724 INFO  BF_MC Write LAG node at addr 0x606c with id 255 and next node 0x606d 0x0000_00000000ff0606dc
2025-04-10 03:24:37.412728 INFO  BF_MC Write LAG node at addr 0x606d with id 255 and next node 0x606e 0x00ff_0606ec00ff0606dc
2025-04-10 03:24:37.412733 INFO  BF_MC Write LAG node at addr 0x606e with id 255 and next node 0x606f 0x0000_00000000ff0606fc
2025-04-10 03:24:37.412739 INFO  BF_MC Write LAG node at addr 0x606f with id 255 and next node 0x6070 0x00ff_06070c00ff0606fc
2025-04-10 03:24:37.412743 INFO  BF_MC Write LAG node at addr 0x6070 with id 255 and next node 0x6071 0x0000_00000000ff06071c
2025-04-10 03:24:37.412748 INFO  BF_MC Write LAG node at addr 0x6071 with id 255 and next node 0x6072 0x00ff_06072c00ff06071c
2025-04-10 03:24:37.412752 INFO  BF_MC Write LAG node at addr 0x6072 with id 255 and next node 0x6073 0x0000_00000000ff06073c
2025-04-10 03:24:37.412757 INFO  BF_MC Write LAG node at addr 0x6073 with id 255 and next node 0x6074 0x00ff_06074c00ff06073c
2025-04-10 03:24:37.412761 INFO  BF_MC Write LAG node at addr 0x6074 with id 255 and next node 0x6075 0x0000_00000000ff06075c
2025-04-10 03:24:37.412765 INFO  BF_MC Write LAG node at addr 0x6075 with id 255 and next node 0x6076 0x00ff_06076c00ff06075c
2025-04-10 03:24:37.412769 INFO  BF_MC Write LAG node at addr 0x6076 with id 255 and next node 0x6077 0x0000_00000000ff06077c
2025-04-10 03:24:37.412774 INFO  BF_MC Write LAG node at addr 0x6077 with id 255 and next node 0x6078 0x00ff_06078c00ff06077c
2025-04-10 03:24:37.412778 INFO  BF_MC Write LAG node at addr 0x6078 with id 255 and next node 0x6079 0x0000_00000000ff06079c
2025-04-10 03:24:37.412782 INFO  BF_MC Write LAG node at addr 0x6079 with id 255 and next node 0x607a 0x00ff_0607ac00ff06079c
2025-04-10 03:24:37.412786 INFO  BF_MC Write LAG node at addr 0x607a with id 255 and next node 0x607b 0x0000_00000000ff0607bc
2025-04-10 03:24:37.412791 INFO  BF_MC Write LAG node at addr 0x607b with id 255 and next node 0x607c 0x00ff_0607cc00ff0607bc
2025-04-10 03:24:37.412795 INFO  BF_MC Write LAG node at addr 0x607c with id 255 and next node 0x607d 0x0000_00000000ff0607dc
2025-04-10 03:24:37.412800 INFO  BF_MC Write LAG node at addr 0x607d with id 255 and next node 0x607e 0x00ff_0607ec00ff0607dc
2025-04-10 03:24:37.412804 INFO  BF_MC Write LAG node at addr 0x607e with id 255 and next node 0x607f 0x0000_00000000ff0607fc
2025-04-10 03:24:37.412810 INFO  BF_MC Write LAG node at addr 0x607f with id 255 and next node 0x6080 0x00ff_06080c00ff0607fc
2025-04-10 03:24:37.412814 INFO  BF_MC Write LAG node at addr 0x6080 with id 255 and next node 0x6081 0x0000_00000000ff06081c
2025-04-10 03:24:37.412818 INFO  BF_MC Write LAG node at addr 0x6081 with id 255 and next node 0x6082 0x00ff_06082c00ff06081c
2025-04-10 03:24:37.412822 INFO  BF_MC Write LAG node at addr 0x6082 with id 255 and next node 0x6083 0x0000_00000000ff06083c
2025-04-10 03:24:37.412827 INFO  BF_MC Write LAG node at addr 0x6083 with id 255 and next node 0x6084 0x00ff_06084c00ff06083c
2025-04-10 03:24:37.412831 INFO  BF_MC Write LAG node at addr 0x6084 with id 255 and next node 0x6085 0x0000_00000000ff06085c
2025-04-10 03:24:37.412835 INFO  BF_MC Write LAG node at addr 0x6085 with id 255 and next node 0x6086 0x00ff_06086c00ff06085c
2025-04-10 03:24:37.412839 INFO  BF_MC Write LAG node at addr 0x6086 with id 255 and next node 0x6087 0x0000_00000000ff06087c
2025-04-10 03:24:37.412844 INFO  BF_MC Write LAG node at addr 0x6087 with id 255 and next node 0x6088 0x00ff_06088c00ff06087c
2025-04-10 03:24:37.412848 INFO  BF_MC Write LAG node at addr 0x6088 with id 255 and next node 0x6089 0x0000_00000000ff06089c
2025-04-10 03:24:37.412852 INFO  BF_MC Write LAG node at addr 0x6089 with id 255 and next node 0x608a 0x00ff_0608ac00ff06089c
2025-04-10 03:24:37.412857 INFO  BF_MC Write LAG node at addr 0x608a with id 255 and next node 0x608b 0x0000_00000000ff0608bc
2025-04-10 03:24:37.412861 INFO  BF_MC Write LAG node at addr 0x608b with id 255 and next node 0x608c 0x00ff_0608cc00ff0608bc
2025-04-10 03:24:37.412866 INFO  BF_MC Write LAG node at addr 0x608c with id 255 and next node 0x608d 0x0000_00000000ff0608dc
2025-04-10 03:24:37.412870 INFO  BF_MC Write LAG node at addr 0x608d with id 255 and next node 0x608e 0x00ff_0608ec00ff0608dc
2025-04-10 03:24:37.412874 INFO  BF_MC Write LAG node at addr 0x608e with id 255 and next node 0x608f 0x0000_00000000ff0608fc
2025-04-10 03:24:37.412881 INFO  BF_MC Write LAG node at addr 0x608f with id 255 and next node 0x6090 0x00ff_06090c00ff0608fc
2025-04-10 03:24:37.412885 INFO  BF_MC Write LAG node at addr 0x6090 with id 255 and next node 0x6091 0x0000_00000000ff06091c
2025-04-10 03:24:37.412889 INFO  BF_MC Write LAG node at addr 0x6091 with id 255 and next node 0x6092 0x00ff_06092c00ff06091c
2025-04-10 03:24:37.412893 INFO  BF_MC Write LAG node at addr 0x6092 with id 255 and next node 0x6093 0x0000_00000000ff06093c
2025-04-10 03:24:37.412898 INFO  BF_MC Write LAG node at addr 0x6093 with id 255 and next node 0x6094 0x00ff_06094c00ff06093c
2025-04-10 03:24:37.412902 INFO  BF_MC Write LAG node at addr 0x6094 with id 255 and next node 0x6095 0x0000_00000000ff06095c
2025-04-10 03:24:37.412906 INFO  BF_MC Write LAG node at addr 0x6095 with id 255 and next node 0x6096 0x00ff_06096c00ff06095c
2025-04-10 03:24:37.412910 INFO  BF_MC Write LAG node at addr 0x6096 with id 255 and next node 0x6097 0x0000_00000000ff06097c
2025-04-10 03:24:37.412915 INFO  BF_MC Write LAG node at addr 0x6097 with id 255 and next node 0x6098 0x00ff_06098c00ff06097c
2025-04-10 03:24:37.412919 INFO  BF_MC Write LAG node at addr 0x6098 with id 255 and next node 0x6099 0x0000_00000000ff06099c
2025-04-10 03:24:37.412923 INFO  BF_MC Write LAG node at addr 0x6099 with id 255 and next node 0x609a 0x00ff_0609ac00ff06099c
2025-04-10 03:24:37.412928 INFO  BF_MC Write LAG node at addr 0x609a with id 255 and next node 0x609b 0x0000_00000000ff0609bc
2025-04-10 03:24:37.412933 INFO  BF_MC Write LAG node at addr 0x609b with id 255 and next node 0x609c 0x00ff_0609cc00ff0609bc
2025-04-10 03:24:37.412937 INFO  BF_MC Write LAG node at addr 0x609c with id 255 and next node 0x609d 0x0000_00000000ff0609dc
2025-04-10 03:24:37.412941 INFO  BF_MC Write LAG node at addr 0x609d with id 255 and next node 0x609e 0x00ff_0609ec00ff0609dc
2025-04-10 03:24:37.412945 INFO  BF_MC Write LAG node at addr 0x609e with id 255 and next node 0x609f 0x0000_00000000ff0609fc
2025-04-10 03:24:37.412951 INFO  BF_MC Write LAG node at addr 0x609f with id 255 and next node 0x60a0 0x00ff_060a0c00ff0609fc
2025-04-10 03:24:37.412955 INFO  BF_MC Write LAG node at addr 0x60a0 with id 255 and next node 0x60a1 0x0000_00000000ff060a1c
2025-04-10 03:24:37.412959 INFO  BF_MC Write LAG node at addr 0x60a1 with id 255 and next node 0x60a2 0x00ff_060a2c00ff060a1c
2025-04-10 03:24:37.412963 INFO  BF_MC Write LAG node at addr 0x60a2 with id 255 and next node 0x60a3 0x0000_00000000ff060a3c
2025-04-10 03:24:37.412968 INFO  BF_MC Write LAG node at addr 0x60a3 with id 255 and next node 0x60a4 0x00ff_060a4c00ff060a3c
2025-04-10 03:24:37.412972 INFO  BF_MC Write LAG node at addr 0x60a4 with id 255 and next node 0x60a5 0x0000_00000000ff060a5c
2025-04-10 03:24:37.412976 INFO  BF_MC Write LAG node at addr 0x60a5 with id 255 and next node 0x60a6 0x00ff_060a6c00ff060a5c
2025-04-10 03:24:37.412980 INFO  BF_MC Write LAG node at addr 0x60a6 with id 255 and next node 0x60a7 0x0000_00000000ff060a7c
2025-04-10 03:24:37.412985 INFO  BF_MC Write LAG node at addr 0x60a7 with id 255 and next node 0x60a8 0x00ff_060a8c00ff060a7c
2025-04-10 03:24:37.412989 INFO  BF_MC Write LAG node at addr 0x60a8 with id 255 and next node 0x60a9 0x0000_00000000ff060a9c
2025-04-10 03:24:37.412994 INFO  BF_MC Write LAG node at addr 0x60a9 with id 255 and next node 0x60aa 0x00ff_060aac00ff060a9c
2025-04-10 03:24:37.412998 INFO  BF_MC Write LAG node at addr 0x60aa with id 255 and next node 0x60ab 0x0000_00000000ff060abc
2025-04-10 03:24:37.413003 INFO  BF_MC Write LAG node at addr 0x60ab with id 255 and next node 0x60ac 0x00ff_060acc00ff060abc
2025-04-10 03:24:37.413007 INFO  BF_MC Write LAG node at addr 0x60ac with id 255 and next node 0x60ad 0x0000_00000000ff060adc
2025-04-10 03:24:37.413011 INFO  BF_MC Write LAG node at addr 0x60ad with id 255 and next node 0x60ae 0x00ff_060aec00ff060adc
2025-04-10 03:24:37.413015 INFO  BF_MC Write LAG node at addr 0x60ae with id 255 and next node 0x60af 0x0000_00000000ff060afc
2025-04-10 03:24:37.413020 INFO  BF_MC Write LAG node at addr 0x60af with id 255 and next node 0x60b0 0x00ff_060b0c00ff060afc
2025-04-10 03:24:37.413026 INFO  BF_MC Write LAG node at addr 0x60b0 with id 255 and next node 0x60b1 0x0000_00000000ff060b1c
2025-04-10 03:24:37.413030 INFO  BF_MC Write LAG node at addr 0x60b1 with id 255 and next node 0x60b2 0x00ff_060b2c00ff060b1c
2025-04-10 03:24:37.413034 INFO  BF_MC Write LAG node at addr 0x60b2 with id 255 and next node 0x60b3 0x0000_00000000ff060b3c
2025-04-10 03:24:37.413039 INFO  BF_MC Write LAG node at addr 0x60b3 with id 255 and next node 0x60b4 0x00ff_060b4c00ff060b3c
2025-04-10 03:24:37.413043 INFO  BF_MC Write LAG node at addr 0x60b4 with id 255 and next node 0x60b5 0x0000_00000000ff060b5c
2025-04-10 03:24:37.413047 INFO  BF_MC Write LAG node at addr 0x60b5 with id 255 and next node 0x60b6 0x00ff_060b6c00ff060b5c
2025-04-10 03:24:37.413052 INFO  BF_MC Write LAG node at addr 0x60b6 with id 255 and next node 0x60b7 0x0000_00000000ff060b7c
2025-04-10 03:24:37.413056 INFO  BF_MC Write LAG node at addr 0x60b7 with id 255 and next node 0x60b8 0x00ff_060b8c00ff060b7c
2025-04-10 03:24:37.413061 INFO  BF_MC Write LAG node at addr 0x60b8 with id 255 and next node 0x60b9 0x0000_00000000ff060b9c
2025-04-10 03:24:37.413065 INFO  BF_MC Write LAG node at addr 0x60b9 with id 255 and next node 0x60ba 0x00ff_060bac00ff060b9c
2025-04-10 03:24:37.413069 INFO  BF_MC Write LAG node at addr 0x60ba with id 255 and next node 0x60bb 0x0000_00000000ff060bbc
2025-04-10 03:24:37.413074 INFO  BF_MC Write LAG node at addr 0x60bb with id 255 and next node 0x60bc 0x00ff_060bcc00ff060bbc
2025-04-10 03:24:37.413078 INFO  BF_MC Write LAG node at addr 0x60bc with id 255 and next node 0x60bd 0x0000_00000000ff060bdc
2025-04-10 03:24:37.413082 INFO  BF_MC Write LAG node at addr 0x60bd with id 255 and next node 0x60be 0x00ff_060bec00ff060bdc
2025-04-10 03:24:37.413086 INFO  BF_MC Write LAG node at addr 0x60be with id 255 and next node 0x60bf 0x0000_00000000ff060bfc
2025-04-10 03:24:37.413092 INFO  BF_MC Write LAG node at addr 0x60bf with id 255 and next node 0x60c0 0x00ff_060c0c00ff060bfc
2025-04-10 03:24:37.413096 INFO  BF_MC Write LAG node at addr 0x60c0 with id 255 and next node 0x60c1 0x0000_00000000ff060c1c
2025-04-10 03:24:37.413104 INFO  BF_MC Write LAG node at addr 0x60c1 with id 255 and next node 0x60c2 0x00ff_060c2c00ff060c1c
2025-04-10 03:24:37.413109 INFO  BF_MC Write LAG node at addr 0x60c2 with id 255 and next node 0x60c3 0x0000_00000000ff060c3c
2025-04-10 03:24:37.413114 INFO  BF_MC Write LAG node at addr 0x60c3 with id 255 and next node 0x60c4 0x00ff_060c4c00ff060c3c
2025-04-10 03:24:37.413118 INFO  BF_MC Write LAG node at addr 0x60c4 with id 255 and next node 0x60c5 0x0000_00000000ff060c5c
2025-04-10 03:24:37.413122 INFO  BF_MC Write LAG node at addr 0x60c5 with id 255 and next node 0x60c6 0x00ff_060c6c00ff060c5c
2025-04-10 03:24:37.413126 INFO  BF_MC Write LAG node at addr 0x60c6 with id 255 and next node 0x60c7 0x0000_00000000ff060c7c
2025-04-10 03:24:37.413131 INFO  BF_MC Write LAG node at addr 0x60c7 with id 255 and next node 0x60c8 0x00ff_060c8c00ff060c7c
2025-04-10 03:24:37.413135 INFO  BF_MC Write LAG node at addr 0x60c8 with id 255 and next node 0x60c9 0x0000_00000000ff060c9c
2025-04-10 03:24:37.413140 INFO  BF_MC Write LAG node at addr 0x60c9 with id 255 and next node 0x60ca 0x00ff_060cac00ff060c9c
2025-04-10 03:24:37.413144 INFO  BF_MC Write LAG node at addr 0x60ca with id 255 and next node 0x60cb 0x0000_00000000ff060cbc
2025-04-10 03:24:37.413149 INFO  BF_MC Write LAG node at addr 0x60cb with id 255 and next node 0x60cc 0x00ff_060ccc00ff060cbc
2025-04-10 03:24:37.413153 INFO  BF_MC Write LAG node at addr 0x60cc with id 255 and next node 0x60cd 0x0000_00000000ff060cdc
2025-04-10 03:24:37.413157 INFO  BF_MC Write LAG node at addr 0x60cd with id 255 and next node 0x60ce 0x00ff_060cec00ff060cdc
2025-04-10 03:24:37.413161 INFO  BF_MC Write LAG node at addr 0x60ce with id 255 and next node 0x60cf 0x0000_00000000ff060cfc
2025-04-10 03:24:37.413166 INFO  BF_MC Write LAG node at addr 0x60cf with id 255 and next node 0x60d0 0x00ff_060d0c00ff060cfc
2025-04-10 03:24:37.413172 INFO  BF_MC Write LAG node at addr 0x60d0 with id 255 and next node 0x60d1 0x0000_00000000ff060d1c
2025-04-10 03:24:37.413176 INFO  BF_MC Write LAG node at addr 0x60d1 with id 255 and next node 0x60d2 0x00ff_060d2c00ff060d1c
2025-04-10 03:24:37.413181 INFO  BF_MC Write LAG node at addr 0x60d2 with id 255 and next node 0x60d3 0x0000_00000000ff060d3c
2025-04-10 03:24:37.413185 INFO  BF_MC Write LAG node at addr 0x60d3 with id 255 and next node 0x60d4 0x00ff_060d4c00ff060d3c
2025-04-10 03:24:37.413190 INFO  BF_MC Write LAG node at addr 0x60d4 with id 255 and next node 0x60d5 0x0000_00000000ff060d5c
2025-04-10 03:24:37.413194 INFO  BF_MC Write LAG node at addr 0x60d5 with id 255 and next node 0x60d6 0x00ff_060d6c00ff060d5c
2025-04-10 03:24:37.413198 INFO  BF_MC Write LAG node at addr 0x60d6 with id 255 and next node 0x60d7 0x0000_00000000ff060d7c
2025-04-10 03:24:37.413203 INFO  BF_MC Write LAG node at addr 0x60d7 with id 255 and next node 0x60d8 0x00ff_060d8c00ff060d7c
2025-04-10 03:24:37.413207 INFO  BF_MC Write LAG node at addr 0x60d8 with id 255 and next node 0x60d9 0x0000_00000000ff060d9c
2025-04-10 03:24:37.413211 INFO  BF_MC Write LAG node at addr 0x60d9 with id 255 and next node 0x60da 0x00ff_060dac00ff060d9c
2025-04-10 03:24:37.413215 INFO  BF_MC Write LAG node at addr 0x60da with id 255 and next node 0x60db 0x0000_00000000ff060dbc
2025-04-10 03:24:37.413220 INFO  BF_MC Write LAG node at addr 0x60db with id 255 and next node 0x60dc 0x00ff_060dcc00ff060dbc
2025-04-10 03:24:37.413224 INFO  BF_MC Write LAG node at addr 0x60dc with id 255 and next node 0x60dd 0x0000_00000000ff060ddc
2025-04-10 03:24:37.413228 INFO  BF_MC Write LAG node at addr 0x60dd with id 255 and next node 0x60de 0x00ff_060dec00ff060ddc
2025-04-10 03:24:37.413232 INFO  BF_MC Write LAG node at addr 0x60de with id 255 and next node 0x60df 0x0000_00000000ff060dfc
2025-04-10 03:24:37.413238 INFO  BF_MC Write LAG node at addr 0x60df with id 255 and next node 0x60e0 0x00ff_060e0c00ff060dfc
2025-04-10 03:24:37.413242 INFO  BF_MC Write LAG node at addr 0x60e0 with id 255 and next node 0x60e1 0x0000_00000000ff060e1c
2025-04-10 03:24:37.413246 INFO  BF_MC Write LAG node at addr 0x60e1 with id 255 and next node 0x60e2 0x00ff_060e2c00ff060e1c
2025-04-10 03:24:37.413251 INFO  BF_MC Write LAG node at addr 0x60e2 with id 255 and next node 0x60e3 0x0000_00000000ff060e3c
2025-04-10 03:24:37.413255 INFO  BF_MC Write LAG node at addr 0x60e3 with id 255 and next node 0x60e4 0x00ff_060e4c00ff060e3c
2025-04-10 03:24:37.413260 INFO  BF_MC Write LAG node at addr 0x60e4 with id 255 and next node 0x60e5 0x0000_00000000ff060e5c
2025-04-10 03:24:37.413264 INFO  BF_MC Write LAG node at addr 0x60e5 with id 255 and next node 0x60e6 0x00ff_060e6c00ff060e5c
2025-04-10 03:24:37.413268 INFO  BF_MC Write LAG node at addr 0x60e6 with id 255 and next node 0x60e7 0x0000_00000000ff060e7c
2025-04-10 03:24:37.413273 INFO  BF_MC Write LAG node at addr 0x60e7 with id 255 and next node 0x60e8 0x00ff_060e8c00ff060e7c
2025-04-10 03:24:37.413277 INFO  BF_MC Write LAG node at addr 0x60e8 with id 255 and next node 0x60e9 0x0000_00000000ff060e9c
2025-04-10 03:24:37.413281 INFO  BF_MC Write LAG node at addr 0x60e9 with id 255 and next node 0x60ea 0x00ff_060eac00ff060e9c
2025-04-10 03:24:37.413285 INFO  BF_MC Write LAG node at addr 0x60ea with id 255 and next node 0x60eb 0x0000_00000000ff060ebc
2025-04-10 03:24:37.413290 INFO  BF_MC Write LAG node at addr 0x60eb with id 255 and next node 0x60ec 0x00ff_060ecc00ff060ebc
2025-04-10 03:24:37.413294 INFO  BF_MC Write LAG node at addr 0x60ec with id 255 and next node 0x60ed 0x0000_00000000ff060edc
2025-04-10 03:24:37.413298 INFO  BF_MC Write LAG node at addr 0x60ed with id 255 and next node 0x60ee 0x00ff_060eec00ff060edc
2025-04-10 03:24:37.413303 INFO  BF_MC Write LAG node at addr 0x60ee with id 255 and next node 0x60ef 0x0000_00000000ff060efc
2025-04-10 03:24:37.413307 INFO  BF_MC Write LAG node at addr 0x60ef with id 255 and next node 0x60f0 0x00ff_060f0c00ff060efc
2025-04-10 03:24:37.413311 INFO  BF_MC Write LAG node at addr 0x60f0 with id 255 and next node 0x60f1 0x0000_00000000ff060f1c
2025-04-10 03:24:37.413317 INFO  BF_MC Write LAG node at addr 0x60f1 with id 255 and next node 0x60f2 0x00ff_060f2c00ff060f1c
2025-04-10 03:24:37.413322 INFO  BF_MC Write LAG node at addr 0x60f2 with id 255 and next node 0x60f3 0x0000_00000000ff060f3c
2025-04-10 03:24:37.413327 INFO  BF_MC Write LAG node at addr 0x60f3 with id 255 and next node 0x60f4 0x00ff_060f4c00ff060f3c
2025-04-10 03:24:37.413331 INFO  BF_MC Write LAG node at addr 0x60f4 with id 255 and next node 0x60f5 0x0000_00000000ff060f5c
2025-04-10 03:24:37.413335 INFO  BF_MC Write LAG node at addr 0x60f5 with id 255 and next node 0x60f6 0x00ff_060f6c00ff060f5c
2025-04-10 03:24:37.413339 INFO  BF_MC Write LAG node at addr 0x60f6 with id 255 and next node 0x60f7 0x0000_00000000ff060f7c
2025-04-10 03:24:37.413344 INFO  BF_MC Write LAG node at addr 0x60f7 with id 255 and next node 0x60f8 0x00ff_060f8c00ff060f7c
2025-04-10 03:24:37.413348 INFO  BF_MC Write LAG node at addr 0x60f8 with id 255 and next node 0x60f9 0x0000_00000000ff060f9c
2025-04-10 03:24:37.413352 INFO  BF_MC Write LAG node at addr 0x60f9 with id 255 and next node 0x60fa 0x00ff_060fac00ff060f9c
2025-04-10 03:24:37.413356 INFO  BF_MC Write LAG node at addr 0x60fa with id 255 and next node 0x60fb 0x0000_00000000ff060fbc
2025-04-10 03:24:37.413361 INFO  BF_MC Write LAG node at addr 0x60fb with id 255 and next node 0x60fc 0x00ff_060fcc00ff060fbc
2025-04-10 03:24:37.413365 INFO  BF_MC Write LAG node at addr 0x60fc with id 255 and next node 0x60fd 0x0000_00000000ff060fdc
2025-04-10 03:24:37.413369 INFO  BF_MC Write LAG node at addr 0x60fd with id 255 and next node 0x60fe 0x00ff_060fec00ff060fdc
2025-04-10 03:24:37.413374 INFO  BF_MC Write LAG node at addr 0x60fe with id 255 and next node 0x60ff 0x0000_00000000ff060ffc
2025-04-10 03:24:37.413380 INFO  BF_MC Write LAG node at addr 0x60ff with id 255 and next node 0x6100 0x00ff_06100c00ff060ffc
2025-04-10 03:24:37.413384 INFO  BF_MC Write LAG node at addr 0x6100 with id 255 and next node 0x6101 0x0000_00000000ff06101c
2025-04-10 03:24:37.413388 INFO  BF_MC Write LAG node at addr 0x6101 with id 255 and next node 0x6102 0x00ff_06102c00ff06101c
2025-04-10 03:24:37.413392 INFO  BF_MC Write LAG node at addr 0x6102 with id 255 and next node 0x6103 0x0000_00000000ff06103c
2025-04-10 03:24:37.413397 INFO  BF_MC Write LAG node at addr 0x6103 with id 255 and next node 0 0x00ff_00000c00ff06103c
2025-04-10 03:24:37.413402 INFO  BF_MC Allocated RDM addresses 0x21c0 - 0x21df
2025-04-10 03:24:37.413406 INFO  BF_MC Write L1End node at addr 0x21c0, rid 0, l2 0x6101
2025-04-10 03:24:37.413410 INFO  BF_MC Write L1End node at addr 0x21c1, rid 0, l2 0x6100
2025-04-10 03:24:37.413415 INFO  BF_MC Write L1End node at addr 0x21c2, rid 0, l2 0x60ff
2025-04-10 03:24:37.413419 INFO  BF_MC Write L1End node at addr 0x21c3, rid 0, l2 0x60fe
2025-04-10 03:24:37.413423 INFO  BF_MC Write L1End node at addr 0x21c4, rid 0, l2 0x60fd
2025-04-10 03:24:37.413427 INFO  BF_MC Write L1End node at addr 0x21c5, rid 0, l2 0x60fc
2025-04-10 03:24:37.413431 INFO  BF_MC Write L1End node at addr 0x21c6, rid 0, l2 0x60fb
2025-04-10 03:24:37.413435 INFO  BF_MC Write L1End node at addr 0x21c7, rid 0, l2 0x60fa
2025-04-10 03:24:37.413439 INFO  BF_MC Write L1End node at addr 0x21c8, rid 0, l2 0x60f8
2025-04-10 03:24:37.413443 INFO  BF_MC Write L1End node at addr 0x21c9, rid 0, l2 0x60f6
2025-04-10 03:24:37.413447 INFO  BF_MC Write L1End node at addr 0x21ca, rid 0, l2 0x60f4
2025-04-10 03:24:37.413451 INFO  BF_MC Write L1End node at addr 0x21cb, rid 0, l2 0x60f2
2025-04-10 03:24:37.413455 INFO  BF_MC Write L1End node at addr 0x21cc, rid 0, l2 0x60f0
2025-04-10 03:24:37.413459 INFO  BF_MC Write L1End node at addr 0x21cd, rid 0, l2 0x60ee
2025-04-10 03:24:37.413464 INFO  BF_MC Write L1End node at addr 0x21ce, rid 0, l2 0x60ec
2025-04-10 03:24:37.413468 INFO  BF_MC Write L1End node at addr 0x21cf, rid 0, l2 0x60ea
2025-04-10 03:24:37.413471 INFO  BF_MC Write L1End node at addr 0x21d0, rid 0, l2 0x60e8
2025-04-10 03:24:37.413475 INFO  BF_MC Write L1End node at addr 0x21d1, rid 0, l2 0x60e6
2025-04-10 03:24:37.413482 INFO  BF_MC Write L1End node at addr 0x21d2, rid 0, l2 0x60e4
2025-04-10 03:24:37.413486 INFO  BF_MC Write L1End node at addr 0x21d3, rid 0, l2 0x60e0
2025-04-10 03:24:37.413490 INFO  BF_MC Write L1End node at addr 0x21d4, rid 0, l2 0x60dc
2025-04-10 03:24:37.413493 INFO  BF_MC Write L1End node at addr 0x21d5, rid 0, l2 0x60d8
2025-04-10 03:24:37.413498 INFO  BF_MC Write L1End node at addr 0x21d6, rid 0, l2 0x60d4
2025-04-10 03:24:37.413502 INFO  BF_MC Write L1End node at addr 0x21d7, rid 0, l2 0x60cc
2025-04-10 03:24:37.413506 INFO  BF_MC Write L1End node at addr 0x21d8, rid 0, l2 0x60c4
2025-04-10 03:24:37.413510 INFO  BF_MC Write L1End node at addr 0x21d9, rid 0, l2 0x60bc
2025-04-10 03:24:37.413515 INFO  BF_MC Write L1End node at addr 0x21da, rid 0, l2 0x60a0
2025-04-10 03:24:37.413519 INFO  BF_MC Write L1End node at addr 0x21db, rid 0, l2 0x6087
2025-04-10 03:24:37.413523 INFO  BF_MC Write L1End node at addr 0x21dc, rid 0, l2 0x606e
2025-04-10 03:24:37.413527 INFO  BF_MC Write L1End node at addr 0x21dd, rid 0, l2 0x6055
2025-04-10 03:24:37.413531 INFO  BF_MC Write L1End node at addr 0x21de, rid 0, l2 0x603c
2025-04-10 03:24:37.413535 INFO  BF_MC Write L1End node at addr 0x21df, rid 0, l2 0x6000
2025-04-10 03:24:37.413539 INFO  BF_MC Allocated RDM addresses 0x7000 - 0x7103
2025-04-10 03:24:37.413544 INFO  BF_MC Write LAG node at addr 0x7000 with id 255 and next node 0x7001 0x0000_00000000ff07001c
2025-04-10 03:24:37.413549 INFO  BF_MC Write LAG node at addr 0x7001 with id 255 and next node 0x7002 0x00ff_07002c00ff07001c
2025-04-10 03:24:37.413553 INFO  BF_MC Write LAG node at addr 0x7002 with id 255 and next node 0x7003 0x0000_00000000ff07003c
2025-04-10 03:24:37.413557 INFO  BF_MC Write LAG node at addr 0x7003 with id 255 and next node 0x7004 0x00ff_07004c00ff07003c
2025-04-10 03:24:37.413561 INFO  BF_MC Write LAG node at addr 0x7004 with id 255 and next node 0x7005 0x0000_00000000ff07005c
2025-04-10 03:24:37.413566 INFO  BF_MC Write LAG node at addr 0x7005 with id 255 and next node 0x7006 0x00ff_07006c00ff07005c
2025-04-10 03:24:37.413570 INFO  BF_MC Write LAG node at addr 0x7006 with id 255 and next node 0x7007 0x0000_00000000ff07007c
2025-04-10 03:24:37.413574 INFO  BF_MC Write LAG node at addr 0x7007 with id 255 and next node 0x7008 0x00ff_07008c00ff07007c
2025-04-10 03:24:37.413578 INFO  BF_MC Write LAG node at addr 0x7008 with id 255 and next node 0x7009 0x0000_00000000ff07009c
2025-04-10 03:24:37.413583 INFO  BF_MC Write LAG node at addr 0x7009 with id 255 and next node 0x700a 0x00ff_0700ac00ff07009c
2025-04-10 03:24:37.413587 INFO  BF_MC Write LAG node at addr 0x700a with id 255 and next node 0x700b 0x0000_00000000ff0700bc
2025-04-10 03:24:37.413592 INFO  BF_MC Write LAG node at addr 0x700b with id 255 and next node 0x700c 0x00ff_0700cc00ff0700bc
2025-04-10 03:24:37.413596 INFO  BF_MC Write LAG node at addr 0x700c with id 255 and next node 0x700d 0x0000_00000000ff0700dc
2025-04-10 03:24:37.413601 INFO  BF_MC Write LAG node at addr 0x700d with id 255 and next node 0x700e 0x00ff_0700ec00ff0700dc
2025-04-10 03:24:37.413605 INFO  BF_MC Write LAG node at addr 0x700e with id 255 and next node 0x700f 0x0000_00000000ff0700fc
2025-04-10 03:24:37.413609 INFO  BF_MC Write LAG node at addr 0x700f with id 255 and next node 0x7010 0x00ff_07010c00ff0700fc
2025-04-10 03:24:37.413613 INFO  BF_MC Write LAG node at addr 0x7010 with id 255 and next node 0x7011 0x0000_00000000ff07011c
2025-04-10 03:24:37.413618 INFO  BF_MC Write LAG node at addr 0x7011 with id 255 and next node 0x7012 0x00ff_07012c00ff07011c
2025-04-10 03:24:37.413622 INFO  BF_MC Write LAG node at addr 0x7012 with id 255 and next node 0x7013 0x0000_00000000ff07013c
2025-04-10 03:24:37.413626 INFO  BF_MC Write LAG node at addr 0x7013 with id 255 and next node 0x7014 0x00ff_07014c00ff07013c
2025-04-10 03:24:37.413630 INFO  BF_MC Write LAG node at addr 0x7014 with id 255 and next node 0x7015 0x0000_00000000ff07015c
2025-04-10 03:24:37.413635 INFO  BF_MC Write LAG node at addr 0x7015 with id 255 and next node 0x7016 0x00ff_07016c00ff07015c
2025-04-10 03:24:37.413641 INFO  BF_MC Write LAG node at addr 0x7016 with id 255 and next node 0x7017 0x0000_00000000ff07017c
2025-04-10 03:24:37.413645 INFO  BF_MC Write LAG node at addr 0x7017 with id 255 and next node 0x7018 0x00ff_07018c00ff07017c
2025-04-10 03:24:37.413649 INFO  BF_MC Write LAG node at addr 0x7018 with id 255 and next node 0x7019 0x0000_00000000ff07019c
2025-04-10 03:24:37.413655 INFO  BF_MC Write LAG node at addr 0x7019 with id 255 and next node 0x701a 0x00ff_0701ac00ff07019c
2025-04-10 03:24:37.413659 INFO  BF_MC Write LAG node at addr 0x701a with id 255 and next node 0x701b 0x0000_00000000ff0701bc
2025-04-10 03:24:37.413664 INFO  BF_MC Write LAG node at addr 0x701b with id 255 and next node 0x701c 0x00ff_0701cc00ff0701bc
2025-04-10 03:24:37.413668 INFO  BF_MC Write LAG node at addr 0x701c with id 255 and next node 0x701d 0x0000_00000000ff0701dc
2025-04-10 03:24:37.413673 INFO  BF_MC Write LAG node at addr 0x701d with id 255 and next node 0x701e 0x00ff_0701ec00ff0701dc
2025-04-10 03:24:37.413677 INFO  BF_MC Write LAG node at addr 0x701e with id 255 and next node 0x701f 0x0000_00000000ff0701fc
2025-04-10 03:24:37.413681 INFO  BF_MC Write LAG node at addr 0x701f with id 255 and next node 0x7020 0x00ff_07020c00ff0701fc
2025-04-10 03:24:37.413685 INFO  BF_MC Write LAG node at addr 0x7020 with id 255 and next node 0x7021 0x0000_00000000ff07021c
2025-04-10 03:24:37.413690 INFO  BF_MC Write LAG node at addr 0x7021 with id 255 and next node 0x7022 0x00ff_07022c00ff07021c
2025-04-10 03:24:37.413694 INFO  BF_MC Write LAG node at addr 0x7022 with id 255 and next node 0x7023 0x0000_00000000ff07023c
2025-04-10 03:24:37.413698 INFO  BF_MC Write LAG node at addr 0x7023 with id 255 and next node 0x7024 0x00ff_07024c00ff07023c
2025-04-10 03:24:37.413702 INFO  BF_MC Write LAG node at addr 0x7024 with id 255 and next node 0x7025 0x0000_00000000ff07025c
2025-04-10 03:24:37.413707 INFO  BF_MC Write LAG node at addr 0x7025 with id 255 and next node 0x7026 0x00ff_07026c00ff07025c
2025-04-10 03:24:37.413711 INFO  BF_MC Write LAG node at addr 0x7026 with id 255 and next node 0x7027 0x0000_00000000ff07027c
2025-04-10 03:24:37.413715 INFO  BF_MC Write LAG node at addr 0x7027 with id 255 and next node 0x7028 0x00ff_07028c00ff07027c
2025-04-10 03:24:37.413719 INFO  BF_MC Write LAG node at addr 0x7028 with id 255 and next node 0x7029 0x0000_00000000ff07029c
2025-04-10 03:24:37.413724 INFO  BF_MC Write LAG node at addr 0x7029 with id 255 and next node 0x702a 0x00ff_0702ac00ff07029c
2025-04-10 03:24:37.413728 INFO  BF_MC Write LAG node at addr 0x702a with id 255 and next node 0x702b 0x0000_00000000ff0702bc
2025-04-10 03:24:37.413733 INFO  BF_MC Write LAG node at addr 0x702b with id 255 and next node 0x702c 0x00ff_0702cc00ff0702bc
2025-04-10 03:24:37.413737 INFO  BF_MC Write LAG node at addr 0x702c with id 255 and next node 0x702d 0x0000_00000000ff0702dc
2025-04-10 03:24:37.413742 INFO  BF_MC Write LAG node at addr 0x702d with id 255 and next node 0x702e 0x00ff_0702ec00ff0702dc
2025-04-10 03:24:37.413746 INFO  BF_MC Write LAG node at addr 0x702e with id 255 and next node 0x702f 0x0000_00000000ff0702fc
2025-04-10 03:24:37.413750 INFO  BF_MC Write LAG node at addr 0x702f with id 255 and next node 0x7030 0x00ff_07030c00ff0702fc
2025-04-10 03:24:37.413754 INFO  BF_MC Write LAG node at addr 0x7030 with id 255 and next node 0x7031 0x0000_00000000ff07031c
2025-04-10 03:24:37.413759 INFO  BF_MC Write LAG node at addr 0x7031 with id 255 and next node 0x7032 0x00ff_07032c00ff07031c
2025-04-10 03:24:37.413763 INFO  BF_MC Write LAG node at addr 0x7032 with id 255 and next node 0x7033 0x0000_00000000ff07033c
2025-04-10 03:24:37.413767 INFO  BF_MC Write LAG node at addr 0x7033 with id 255 and next node 0x7034 0x00ff_07034c00ff07033c
2025-04-10 03:24:37.413771 INFO  BF_MC Write LAG node at addr 0x7034 with id 255 and next node 0x7035 0x0000_00000000ff07035c
2025-04-10 03:24:37.413776 INFO  BF_MC Write LAG node at addr 0x7035 with id 255 and next node 0x7036 0x00ff_07036c00ff07035c
2025-04-10 03:24:37.413782 INFO  BF_MC Write LAG node at addr 0x7036 with id 255 and next node 0x7037 0x0000_00000000ff07037c
2025-04-10 03:24:37.413786 INFO  BF_MC Write LAG node at addr 0x7037 with id 255 and next node 0x7038 0x00ff_07038c00ff07037c
2025-04-10 03:24:37.413790 INFO  BF_MC Write LAG node at addr 0x7038 with id 255 and next node 0x7039 0x0000_00000000ff07039c
2025-04-10 03:24:37.413796 INFO  BF_MC Write LAG node at addr 0x7039 with id 255 and next node 0x703a 0x00ff_0703ac00ff07039c
2025-04-10 03:24:37.413800 INFO  BF_MC Write LAG node at addr 0x703a with id 255 and next node 0x703b 0x0000_00000000ff0703bc
2025-04-10 03:24:37.413804 INFO  BF_MC Write LAG node at addr 0x703b with id 255 and next node 0x703c 0x00ff_0703cc00ff0703bc
2025-04-10 03:24:37.413808 INFO  BF_MC Write LAG node at addr 0x703c with id 255 and next node 0x703d 0x0000_00000000ff0703dc
2025-04-10 03:24:37.413813 INFO  BF_MC Write LAG node at addr 0x703d with id 255 and next node 0x703e 0x00ff_0703ec00ff0703dc
2025-04-10 03:24:37.413817 INFO  BF_MC Write LAG node at addr 0x703e with id 255 and next node 0x703f 0x0000_00000000ff0703fc
2025-04-10 03:24:37.413821 INFO  BF_MC Write LAG node at addr 0x703f with id 255 and next node 0x7040 0x00ff_07040c00ff0703fc
2025-04-10 03:24:37.413826 INFO  BF_MC Write LAG node at addr 0x7040 with id 255 and next node 0x7041 0x0000_00000000ff07041c
2025-04-10 03:24:37.413830 INFO  BF_MC Write LAG node at addr 0x7041 with id 255 and next node 0x7042 0x00ff_07042c00ff07041c
2025-04-10 03:24:37.413835 INFO  BF_MC Write LAG node at addr 0x7042 with id 255 and next node 0x7043 0x0000_00000000ff07043c
2025-04-10 03:24:37.413839 INFO  BF_MC Write LAG node at addr 0x7043 with id 255 and next node 0x7044 0x00ff_07044c00ff07043c
2025-04-10 03:24:37.413843 INFO  BF_MC Write LAG node at addr 0x7044 with id 255 and next node 0x7045 0x0000_00000000ff07045c
2025-04-10 03:24:37.413848 INFO  BF_MC Write LAG node at addr 0x7045 with id 255 and next node 0x7046 0x00ff_07046c00ff07045c
2025-04-10 03:24:37.413852 INFO  BF_MC Write LAG node at addr 0x7046 with id 255 and next node 0x7047 0x0000_00000000ff07047c
2025-04-10 03:24:37.413856 INFO  BF_MC Write LAG node at addr 0x7047 with id 255 and next node 0x7048 0x00ff_07048c00ff07047c
2025-04-10 03:24:37.413860 INFO  BF_MC Write LAG node at addr 0x7048 with id 255 and next node 0x7049 0x0000_00000000ff07049c
2025-04-10 03:24:37.413865 INFO  BF_MC Write LAG node at addr 0x7049 with id 255 and next node 0x704a 0x00ff_0704ac00ff07049c
2025-04-10 03:24:37.413869 INFO  BF_MC Write LAG node at addr 0x704a with id 255 and next node 0x704b 0x0000_00000000ff0704bc
2025-04-10 03:24:37.413873 INFO  BF_MC Write LAG node at addr 0x704b with id 255 and next node 0x704c 0x00ff_0704cc00ff0704bc
2025-04-10 03:24:37.413877 INFO  BF_MC Write LAG node at addr 0x704c with id 255 and next node 0x704d 0x0000_00000000ff0704dc
2025-04-10 03:24:37.413882 INFO  BF_MC Write LAG node at addr 0x704d with id 255 and next node 0x704e 0x00ff_0704ec00ff0704dc
2025-04-10 03:24:37.413886 INFO  BF_MC Write LAG node at addr 0x704e with id 255 and next node 0x704f 0x0000_00000000ff0704fc
2025-04-10 03:24:37.413891 INFO  BF_MC Write LAG node at addr 0x704f with id 255 and next node 0x7050 0x00ff_07050c00ff0704fc
2025-04-10 03:24:37.413895 INFO  BF_MC Write LAG node at addr 0x7050 with id 255 and next node 0x7051 0x0000_00000000ff07051c
2025-04-10 03:24:37.413900 INFO  BF_MC Write LAG node at addr 0x7051 with id 255 and next node 0x7052 0x00ff_07052c00ff07051c
2025-04-10 03:24:37.413904 INFO  BF_MC Write LAG node at addr 0x7052 with id 255 and next node 0x7053 0x0000_00000000ff07053c
2025-04-10 03:24:37.413908 INFO  BF_MC Write LAG node at addr 0x7053 with id 255 and next node 0x7054 0x00ff_07054c00ff07053c
2025-04-10 03:24:37.413912 INFO  BF_MC Write LAG node at addr 0x7054 with id 255 and next node 0x7055 0x0000_00000000ff07055c
2025-04-10 03:24:37.413917 INFO  BF_MC Write LAG node at addr 0x7055 with id 255 and next node 0x7056 0x00ff_07056c00ff07055c
2025-04-10 03:24:37.413921 INFO  BF_MC Write LAG node at addr 0x7056 with id 255 and next node 0x7057 0x0000_00000000ff07057c
2025-04-10 03:24:37.413928 INFO  BF_MC Write LAG node at addr 0x7057 with id 255 and next node 0x7058 0x00ff_07058c00ff07057c
2025-04-10 03:24:37.413932 INFO  BF_MC Write LAG node at addr 0x7058 with id 255 and next node 0x7059 0x0000_00000000ff07059c
2025-04-10 03:24:37.413938 INFO  BF_MC Write LAG node at addr 0x7059 with id 255 and next node 0x705a 0x00ff_0705ac00ff07059c
2025-04-10 03:24:37.413942 INFO  BF_MC Write LAG node at addr 0x705a with id 255 and next node 0x705b 0x0000_00000000ff0705bc
2025-04-10 03:24:37.413946 INFO  BF_MC Write LAG node at addr 0x705b with id 255 and next node 0x705c 0x00ff_0705cc00ff0705bc
2025-04-10 03:24:37.413951 INFO  BF_MC Write LAG node at addr 0x705c with id 255 and next node 0x705d 0x0000_00000000ff0705dc
2025-04-10 03:24:37.413955 INFO  BF_MC Write LAG node at addr 0x705d with id 255 and next node 0x705e 0x00ff_0705ec00ff0705dc
2025-04-10 03:24:37.413960 INFO  BF_MC Write LAG node at addr 0x705e with id 255 and next node 0x705f 0x0000_00000000ff0705fc
2025-04-10 03:24:37.413964 INFO  BF_MC Write LAG node at addr 0x705f with id 255 and next node 0x7060 0x00ff_07060c00ff0705fc
2025-04-10 03:24:37.413968 INFO  BF_MC Write LAG node at addr 0x7060 with id 255 and next node 0x7061 0x0000_00000000ff07061c
2025-04-10 03:24:37.413973 INFO  BF_MC Write LAG node at addr 0x7061 with id 255 and next node 0x7062 0x00ff_07062c00ff07061c
2025-04-10 03:24:37.413977 INFO  BF_MC Write LAG node at addr 0x7062 with id 255 and next node 0x7063 0x0000_00000000ff07063c
2025-04-10 03:24:37.413981 INFO  BF_MC Write LAG node at addr 0x7063 with id 255 and next node 0x7064 0x00ff_07064c00ff07063c
2025-04-10 03:24:37.413985 INFO  BF_MC Write LAG node at addr 0x7064 with id 255 and next node 0x7065 0x0000_00000000ff07065c
2025-04-10 03:24:37.413990 INFO  BF_MC Write LAG node at addr 0x7065 with id 255 and next node 0x7066 0x00ff_07066c00ff07065c
2025-04-10 03:24:37.413994 INFO  BF_MC Write LAG node at addr 0x7066 with id 255 and next node 0x7067 0x0000_00000000ff07067c
2025-04-10 03:24:37.413998 INFO  BF_MC Write LAG node at addr 0x7067 with id 255 and next node 0x7068 0x00ff_07068c00ff07067c
2025-04-10 03:24:37.414003 INFO  BF_MC Write LAG node at addr 0x7068 with id 255 and next node 0x7069 0x0000_00000000ff07069c
2025-04-10 03:24:37.414007 INFO  BF_MC Write LAG node at addr 0x7069 with id 255 and next node 0x706a 0x00ff_0706ac00ff07069c
2025-04-10 03:24:37.414012 INFO  BF_MC Write LAG node at addr 0x706a with id 255 and next node 0x706b 0x0000_00000000ff0706bc
2025-04-10 03:24:37.414016 INFO  BF_MC Write LAG node at addr 0x706b with id 255 and next node 0x706c 0x00ff_0706cc00ff0706bc
2025-04-10 03:24:37.414020 INFO  BF_MC Write LAG node at addr 0x706c with id 255 and next node 0x706d 0x0000_00000000ff0706dc
2025-04-10 03:24:37.415255 DEBUG BF_PLTFM QSFPMSM  4 : QSFP_FSM_ST_WAIT_T_RESET     --> QSFP_FSM_ST_WAIT_TON_TXDIS   (2000ms)
2025-04-10 03:24:37.415270 DEBUG BF_PLTFM QSFP     7 : RESETL = false
2025-04-10 03:24:37.415277 DEBUG BF_PLTFM QSFP     7 : False
2025-04-10 03:24:37.416136 INFO  BF_MC Write LAG node at addr 0x706d with id 255 and next node 0x706e 0x00ff_0706ec00ff0706dc
2025-04-10 03:24:37.416153 INFO  BF_MC Write LAG node at addr 0x706e with id 255 and next node 0x706f 0x0000_00000000ff0706fc
2025-04-10 03:24:37.416158 INFO  BF_MC Write LAG node at addr 0x706f with id 255 and next node 0x7070 0x00ff_07070c00ff0706fc
2025-04-10 03:24:37.416162 INFO  BF_MC Write LAG node at addr 0x7070 with id 255 and next node 0x7071 0x0000_00000000ff07071c
2025-04-10 03:24:37.416166 INFO  BF_MC Write LAG node at addr 0x7071 with id 255 and next node 0x7072 0x00ff_07072c00ff07071c
2025-04-10 03:24:37.416171 INFO  BF_MC Write LAG node at addr 0x7072 with id 255 and next node 0x7073 0x0000_00000000ff07073c
2025-04-10 03:24:37.416176 INFO  BF_MC Write LAG node at addr 0x7073 with id 255 and next node 0x7074 0x00ff_07074c00ff07073c
2025-04-10 03:24:37.416180 INFO  BF_MC Write LAG node at addr 0x7074 with id 255 and next node 0x7075 0x0000_00000000ff07075c
2025-04-10 03:24:37.416189 INFO  BF_MC Write LAG node at addr 0x7075 with id 255 and next node 0x7076 0x00ff_07076c00ff07075c
2025-04-10 03:24:37.416194 INFO  BF_MC Write LAG node at addr 0x7076 with id 255 and next node 0x7077 0x0000_00000000ff07077c
2025-04-10 03:24:37.416198 INFO  BF_MC Write LAG node at addr 0x7077 with id 255 and next node 0x7078 0x00ff_07078c00ff07077c
2025-04-10 03:24:37.416202 INFO  BF_MC Write LAG node at addr 0x7078 with id 255 and next node 0x7079 0x0000_00000000ff07079c
2025-04-10 03:24:37.416207 INFO  BF_MC Write LAG node at addr 0x7079 with id 255 and next node 0x707a 0x00ff_0707ac00ff07079c
2025-04-10 03:24:37.416212 INFO  BF_MC Write LAG node at addr 0x707a with id 255 and next node 0x707b 0x0000_00000000ff0707bc
2025-04-10 03:24:37.416216 INFO  BF_MC Write LAG node at addr 0x707b with id 255 and next node 0x707c 0x00ff_0707cc00ff0707bc
2025-04-10 03:24:37.416220 INFO  BF_MC Write LAG node at addr 0x707c with id 255 and next node 0x707d 0x0000_00000000ff0707dc
2025-04-10 03:24:37.416224 INFO  BF_MC Write LAG node at addr 0x707d with id 255 and next node 0x707e 0x00ff_0707ec00ff0707dc
2025-04-10 03:24:37.416229 INFO  BF_MC Write LAG node at addr 0x707e with id 255 and next node 0x707f 0x0000_00000000ff0707fc
2025-04-10 03:24:37.416233 INFO  BF_MC Write LAG node at addr 0x707f with id 255 and next node 0x7080 0x00ff_07080c00ff0707fc
2025-04-10 03:24:37.416237 INFO  BF_MC Write LAG node at addr 0x7080 with id 255 and next node 0x7081 0x0000_00000000ff07081c
2025-04-10 03:24:37.416242 INFO  BF_MC Write LAG node at addr 0x7081 with id 255 and next node 0x7082 0x00ff_07082c00ff07081c
2025-04-10 03:24:37.416246 INFO  BF_MC Write LAG node at addr 0x7082 with id 255 and next node 0x7083 0x0000_00000000ff07083c
2025-04-10 03:24:37.416251 INFO  BF_MC Write LAG node at addr 0x7083 with id 255 and next node 0x7084 0x00ff_07084c00ff07083c
2025-04-10 03:24:37.416255 INFO  BF_MC Write LAG node at addr 0x7084 with id 255 and next node 0x7085 0x0000_00000000ff07085c
2025-04-10 03:24:37.416260 INFO  BF_MC Write LAG node at addr 0x7085 with id 255 and next node 0x7086 0x00ff_07086c00ff07085c
2025-04-10 03:24:37.416265 INFO  BF_MC Write LAG node at addr 0x7086 with id 255 and next node 0x7087 0x0000_00000000ff07087c
2025-04-10 03:24:37.416269 INFO  BF_MC Write LAG node at addr 0x7087 with id 255 and next node 0x7088 0x00ff_07088c00ff07087c
2025-04-10 03:24:37.416273 INFO  BF_MC Write LAG node at addr 0x7088 with id 255 and next node 0x7089 0x0000_00000000ff07089c
2025-04-10 03:24:37.416277 INFO  BF_MC Write LAG node at addr 0x7089 with id 255 and next node 0x708a 0x00ff_0708ac00ff07089c
2025-04-10 03:24:37.416282 INFO  BF_MC Write LAG node at addr 0x708a with id 255 and next node 0x708b 0x0000_00000000ff0708bc
2025-04-10 03:24:37.416286 INFO  BF_MC Write LAG node at addr 0x708b with id 255 and next node 0x708c 0x00ff_0708cc00ff0708bc
2025-04-10 03:24:37.416290 INFO  BF_MC Write LAG node at addr 0x708c with id 255 and next node 0x708d 0x0000_00000000ff0708dc
2025-04-10 03:24:37.416295 INFO  BF_MC Write LAG node at addr 0x708d with id 255 and next node 0x708e 0x00ff_0708ec00ff0708dc
2025-04-10 03:24:37.416300 INFO  BF_MC Write LAG node at addr 0x708e with id 255 and next node 0x708f 0x0000_00000000ff0708fc
2025-04-10 03:24:37.416308 INFO  BF_MC Write LAG node at addr 0x708f with id 255 and next node 0x7090 0x00ff_07090c00ff0708fc
2025-04-10 03:24:37.416312 INFO  BF_MC Write LAG node at addr 0x7090 with id 255 and next node 0x7091 0x0000_00000000ff07091c
2025-04-10 03:24:37.416316 INFO  BF_MC Write LAG node at addr 0x7091 with id 255 and next node 0x7092 0x00ff_07092c00ff07091c
2025-04-10 03:24:37.416321 INFO  BF_MC Write LAG node at addr 0x7092 with id 255 and next node 0x7093 0x0000_00000000ff07093c
2025-04-10 03:24:37.416325 INFO  BF_MC Write LAG node at addr 0x7093 with id 255 and next node 0x7094 0x00ff_07094c00ff07093c
2025-04-10 03:24:37.416329 INFO  BF_MC Write LAG node at addr 0x7094 with id 255 and next node 0x7095 0x0000_00000000ff07095c
2025-04-10 03:24:37.416333 INFO  BF_MC Write LAG node at addr 0x7095 with id 255 and next node 0x7096 0x00ff_07096c00ff07095c
2025-04-10 03:24:37.416341 INFO  BF_MC Write LAG node at addr 0x7096 with id 255 and next node 0x7097 0x0000_00000000ff07097c
2025-04-10 03:24:37.416345 INFO  BF_MC Write LAG node at addr 0x7097 with id 255 and next node 0x7098 0x00ff_07098c00ff07097c
2025-04-10 03:24:37.416349 INFO  BF_MC Write LAG node at addr 0x7098 with id 255 and next node 0x7099 0x0000_00000000ff07099c
2025-04-10 03:24:37.416353 INFO  BF_MC Write LAG node at addr 0x7099 with id 255 and next node 0x709a 0x00ff_0709ac00ff07099c
2025-04-10 03:24:37.416358 INFO  BF_MC Write LAG node at addr 0x709a with id 255 and next node 0x709b 0x0000_00000000ff0709bc
2025-04-10 03:24:37.416362 INFO  BF_MC Write LAG node at addr 0x709b with id 255 and next node 0x709c 0x00ff_0709cc00ff0709bc
2025-04-10 03:24:37.416366 INFO  BF_MC Write LAG node at addr 0x709c with id 255 and next node 0x709d 0x0000_00000000ff0709dc
2025-04-10 03:24:37.416371 INFO  BF_MC Write LAG node at addr 0x709d with id 255 and next node 0x709e 0x00ff_0709ec00ff0709dc
2025-04-10 03:24:37.416375 INFO  BF_MC Write LAG node at addr 0x709e with id 255 and next node 0x709f 0x0000_00000000ff0709fc
2025-04-10 03:24:37.416380 INFO  BF_MC Write LAG node at addr 0x709f with id 255 and next node 0x70a0 0x00ff_070a0c00ff0709fc
2025-04-10 03:24:37.416384 INFO  BF_MC Write LAG node at addr 0x70a0 with id 255 and next node 0x70a1 0x0000_00000000ff070a1c
2025-04-10 03:24:37.416388 INFO  BF_MC Write LAG node at addr 0x70a1 with id 255 and next node 0x70a2 0x00ff_070a2c00ff070a1c
2025-04-10 03:24:37.416393 INFO  BF_MC Write LAG node at addr 0x70a2 with id 255 and next node 0x70a3 0x0000_00000000ff070a3c
2025-04-10 03:24:37.416397 INFO  BF_MC Write LAG node at addr 0x70a3 with id 255 and next node 0x70a4 0x00ff_070a4c00ff070a3c
2025-04-10 03:24:37.416401 INFO  BF_MC Write LAG node at addr 0x70a4 with id 255 and next node 0x70a5 0x0000_00000000ff070a5c
2025-04-10 03:24:37.416406 INFO  BF_MC Write LAG node at addr 0x70a5 with id 255 and next node 0x70a6 0x00ff_070a6c00ff070a5c
2025-04-10 03:24:37.416411 INFO  BF_MC Write LAG node at addr 0x70a6 with id 255 and next node 0x70a7 0x0000_00000000ff070a7c
2025-04-10 03:24:37.416415 INFO  BF_MC Write LAG node at addr 0x70a7 with id 255 and next node 0x70a8 0x00ff_070a8c00ff070a7c
2025-04-10 03:24:37.416419 INFO  BF_MC Write LAG node at addr 0x70a8 with id 255 and next node 0x70a9 0x0000_00000000ff070a9c
2025-04-10 03:24:37.416423 INFO  BF_MC Write LAG node at addr 0x70a9 with id 255 and next node 0x70aa 0x00ff_070aac00ff070a9c
2025-04-10 03:24:37.416428 INFO  BF_MC Write LAG node at addr 0x70aa with id 255 and next node 0x70ab 0x0000_00000000ff070abc
2025-04-10 03:24:37.416432 INFO  BF_MC Write LAG node at addr 0x70ab with id 255 and next node 0x70ac 0x00ff_070acc00ff070abc
2025-04-10 03:24:37.416436 INFO  BF_MC Write LAG node at addr 0x70ac with id 255 and next node 0x70ad 0x0000_00000000ff070adc
2025-04-10 03:24:37.416440 INFO  BF_MC Write LAG node at addr 0x70ad with id 255 and next node 0x70ae 0x00ff_070aec00ff070adc
2025-04-10 03:24:37.416445 INFO  BF_MC Write LAG node at addr 0x70ae with id 255 and next node 0x70af 0x0000_00000000ff070afc
2025-04-10 03:24:37.416449 INFO  BF_MC Write LAG node at addr 0x70af with id 255 and next node 0x70b0 0x00ff_070b0c00ff070afc
2025-04-10 03:24:37.416454 INFO  BF_MC Write LAG node at addr 0x70b0 with id 255 and next node 0x70b1 0x0000_00000000ff070b1c
2025-04-10 03:24:37.416458 INFO  BF_MC Write LAG node at addr 0x70b1 with id 255 and next node 0x70b2 0x00ff_070b2c00ff070b1c
2025-04-10 03:24:37.416463 INFO  BF_MC Write LAG node at addr 0x70b2 with id 255 and next node 0x70b3 0x0000_00000000ff070b3c
2025-04-10 03:24:37.416467 INFO  BF_MC Write LAG node at addr 0x70b3 with id 255 and next node 0x70b4 0x00ff_070b4c00ff070b3c
2025-04-10 03:24:37.416471 INFO  BF_MC Write LAG node at addr 0x70b4 with id 255 and next node 0x70b5 0x0000_00000000ff070b5c
2025-04-10 03:24:37.416475 INFO  BF_MC Write LAG node at addr 0x70b5 with id 255 and next node 0x70b6 0x00ff_070b6c00ff070b5c
2025-04-10 03:24:37.416482 INFO  BF_MC Write LAG node at addr 0x70b6 with id 255 and next node 0x70b7 0x0000_00000000ff070b7c
2025-04-10 03:24:37.416486 INFO  BF_MC Write LAG node at addr 0x70b7 with id 255 and next node 0x70b8 0x00ff_070b8c00ff070b7c
2025-04-10 03:24:37.416490 INFO  BF_MC Write LAG node at addr 0x70b8 with id 255 and next node 0x70b9 0x0000_00000000ff070b9c
2025-04-10 03:24:37.416494 INFO  BF_MC Write LAG node at addr 0x70b9 with id 255 and next node 0x70ba 0x00ff_070bac00ff070b9c
2025-04-10 03:24:37.416499 INFO  BF_MC Write LAG node at addr 0x70ba with id 255 and next node 0x70bb 0x0000_00000000ff070bbc
2025-04-10 03:24:37.416503 INFO  BF_MC Write LAG node at addr 0x70bb with id 255 and next node 0x70bc 0x00ff_070bcc00ff070bbc
2025-04-10 03:24:37.416508 INFO  BF_MC Write LAG node at addr 0x70bc with id 255 and next node 0x70bd 0x0000_00000000ff070bdc
2025-04-10 03:24:37.416512 INFO  BF_MC Write LAG node at addr 0x70bd with id 255 and next node 0x70be 0x00ff_070bec00ff070bdc
2025-04-10 03:24:37.416517 INFO  BF_MC Write LAG node at addr 0x70be with id 255 and next node 0x70bf 0x0000_00000000ff070bfc
2025-04-10 03:24:37.416521 INFO  BF_MC Write LAG node at addr 0x70bf with id 255 and next node 0x70c0 0x00ff_070c0c00ff070bfc
2025-04-10 03:24:37.416525 INFO  BF_MC Write LAG node at addr 0x70c0 with id 255 and next node 0x70c1 0x0000_00000000ff070c1c
2025-04-10 03:24:37.416529 INFO  BF_MC Write LAG node at addr 0x70c1 with id 255 and next node 0x70c2 0x00ff_070c2c00ff070c1c
2025-04-10 03:24:37.416534 INFO  BF_MC Write LAG node at addr 0x70c2 with id 255 and next node 0x70c3 0x0000_00000000ff070c3c
2025-04-10 03:24:37.416538 INFO  BF_MC Write LAG node at addr 0x70c3 with id 255 and next node 0x70c4 0x00ff_070c4c00ff070c3c
2025-04-10 03:24:37.416542 INFO  BF_MC Write LAG node at addr 0x70c4 with id 255 and next node 0x70c5 0x0000_00000000ff070c5c
2025-04-10 03:24:37.416547 INFO  BF_MC Write LAG node at addr 0x70c5 with id 255 and next node 0x70c6 0x00ff_070c6c00ff070c5c
2025-04-10 03:24:37.416552 INFO  BF_MC Write LAG node at addr 0x70c6 with id 255 and next node 0x70c7 0x0000_00000000ff070c7c
2025-04-10 03:24:37.416556 INFO  BF_MC Write LAG node at addr 0x70c7 with id 255 and next node 0x70c8 0x00ff_070c8c00ff070c7c
2025-04-10 03:24:37.416560 INFO  BF_MC Write LAG node at addr 0x70c8 with id 255 and next node 0x70c9 0x0000_00000000ff070c9c
2025-04-10 03:24:37.416564 INFO  BF_MC Write LAG node at addr 0x70c9 with id 255 and next node 0x70ca 0x00ff_070cac00ff070c9c
2025-04-10 03:24:37.416569 INFO  BF_MC Write LAG node at addr 0x70ca with id 255 and next node 0x70cb 0x0000_00000000ff070cbc
2025-04-10 03:24:37.416573 INFO  BF_MC Write LAG node at addr 0x70cb with id 255 and next node 0x70cc 0x00ff_070ccc00ff070cbc
2025-04-10 03:24:37.416577 INFO  BF_MC Write LAG node at addr 0x70cc with id 255 and next node 0x70cd 0x0000_00000000ff070cdc
2025-04-10 03:24:37.416581 INFO  BF_MC Write LAG node at addr 0x70cd with id 255 and next node 0x70ce 0x00ff_070cec00ff070cdc
2025-04-10 03:24:37.416586 INFO  BF_MC Write LAG node at addr 0x70ce with id 255 and next node 0x70cf 0x0000_00000000ff070cfc
2025-04-10 03:24:37.416590 INFO  BF_MC Write LAG node at addr 0x70cf with id 255 and next node 0x70d0 0x00ff_070d0c00ff070cfc
2025-04-10 03:24:37.416595 INFO  BF_MC Write LAG node at addr 0x70d0 with id 255 and next node 0x70d1 0x0000_00000000ff070d1c
2025-04-10 03:24:37.416599 INFO  BF_MC Write LAG node at addr 0x70d1 with id 255 and next node 0x70d2 0x00ff_070d2c00ff070d1c
2025-04-10 03:24:37.416604 INFO  BF_MC Write LAG node at addr 0x70d2 with id 255 and next node 0x70d3 0x0000_00000000ff070d3c
2025-04-10 03:24:37.416608 INFO  BF_MC Write LAG node at addr 0x70d3 with id 255 and next node 0x70d4 0x00ff_070d4c00ff070d3c
2025-04-10 03:24:37.416612 INFO  BF_MC Write LAG node at addr 0x70d4 with id 255 and next node 0x70d5 0x0000_00000000ff070d5c
2025-04-10 03:24:37.416616 INFO  BF_MC Write LAG node at addr 0x70d5 with id 255 and next node 0x70d6 0x00ff_070d6c00ff070d5c
2025-04-10 03:24:37.416621 INFO  BF_MC Write LAG node at addr 0x70d6 with id 255 and next node 0x70d7 0x0000_00000000ff070d7c
2025-04-10 03:24:37.416627 INFO  BF_MC Write LAG node at addr 0x70d7 with id 255 and next node 0x70d8 0x00ff_070d8c00ff070d7c
2025-04-10 03:24:37.416631 INFO  BF_MC Write LAG node at addr 0x70d8 with id 255 and next node 0x70d9 0x0000_00000000ff070d9c
2025-04-10 03:24:37.416635 INFO  BF_MC Write LAG node at addr 0x70d9 with id 255 and next node 0x70da 0x00ff_070dac00ff070d9c
2025-04-10 03:24:37.416640 INFO  BF_MC Write LAG node at addr 0x70da with id 255 and next node 0x70db 0x0000_00000000ff070dbc
2025-04-10 03:24:37.416644 INFO  BF_MC Write LAG node at addr 0x70db with id 255 and next node 0x70dc 0x00ff_070dcc00ff070dbc
2025-04-10 03:24:37.416649 INFO  BF_MC Write LAG node at addr 0x70dc with id 255 and next node 0x70dd 0x0000_00000000ff070ddc
2025-04-10 03:24:37.416653 INFO  BF_MC Write LAG node at addr 0x70dd with id 255 and next node 0x70de 0x00ff_070dec00ff070ddc
2025-04-10 03:24:37.416658 INFO  BF_MC Write LAG node at addr 0x70de with id 255 and next node 0x70df 0x0000_00000000ff070dfc
2025-04-10 03:24:37.416662 INFO  BF_MC Write LAG node at addr 0x70df with id 255 and next node 0x70e0 0x00ff_070e0c00ff070dfc
2025-04-10 03:24:37.416666 INFO  BF_MC Write LAG node at addr 0x70e0 with id 255 and next node 0x70e1 0x0000_00000000ff070e1c
2025-04-10 03:24:37.416670 INFO  BF_MC Write LAG node at addr 0x70e1 with id 255 and next node 0x70e2 0x00ff_070e2c00ff070e1c
2025-04-10 03:24:37.416675 INFO  BF_MC Write LAG node at addr 0x70e2 with id 255 and next node 0x70e3 0x0000_00000000ff070e3c
2025-04-10 03:24:37.416679 INFO  BF_MC Write LAG node at addr 0x70e3 with id 255 and next node 0x70e4 0x00ff_070e4c00ff070e3c
2025-04-10 03:24:37.416683 INFO  BF_MC Write LAG node at addr 0x70e4 with id 255 and next node 0x70e5 0x0000_00000000ff070e5c
2025-04-10 03:24:37.416688 INFO  BF_MC Write LAG node at addr 0x70e5 with id 255 and next node 0x70e6 0x00ff_070e6c00ff070e5c
2025-04-10 03:24:37.416693 INFO  BF_MC Write LAG node at addr 0x70e6 with id 255 and next node 0x70e7 0x0000_00000000ff070e7c
2025-04-10 03:24:37.416697 INFO  BF_MC Write LAG node at addr 0x70e7 with id 255 and next node 0x70e8 0x00ff_070e8c00ff070e7c
2025-04-10 03:24:37.416701 INFO  BF_MC Write LAG node at addr 0x70e8 with id 255 and next node 0x70e9 0x0000_00000000ff070e9c
2025-04-10 03:24:37.416705 INFO  BF_MC Write LAG node at addr 0x70e9 with id 255 and next node 0x70ea 0x00ff_070eac00ff070e9c
2025-04-10 03:24:37.416710 INFO  BF_MC Write LAG node at addr 0x70ea with id 255 and next node 0x70eb 0x0000_00000000ff070ebc
2025-04-10 03:24:37.416714 INFO  BF_MC Write LAG node at addr 0x70eb with id 255 and next node 0x70ec 0x00ff_070ecc00ff070ebc
2025-04-10 03:24:37.416718 INFO  BF_MC Write LAG node at addr 0x70ec with id 255 and next node 0x70ed 0x0000_00000000ff070edc
2025-04-10 03:24:37.416722 INFO  BF_MC Write LAG node at addr 0x70ed with id 255 and next node 0x70ee 0x00ff_070eec00ff070edc
2025-04-10 03:24:37.416727 INFO  BF_MC Write LAG node at addr 0x70ee with id 255 and next node 0x70ef 0x0000_00000000ff070efc
2025-04-10 03:24:37.416731 INFO  BF_MC Write LAG node at addr 0x70ef with id 255 and next node 0x70f0 0x00ff_070f0c00ff070efc
2025-04-10 03:24:37.416735 INFO  BF_MC Write LAG node at addr 0x70f0 with id 255 and next node 0x70f1 0x0000_00000000ff070f1c
2025-04-10 03:24:37.416740 INFO  BF_MC Write LAG node at addr 0x70f1 with id 255 and next node 0x70f2 0x00ff_070f2c00ff070f1c
2025-04-10 03:24:37.416745 INFO  BF_MC Write LAG node at addr 0x70f2 with id 255 and next node 0x70f3 0x0000_00000000ff070f3c
2025-04-10 03:24:37.416749 INFO  BF_MC Write LAG node at addr 0x70f3 with id 255 and next node 0x70f4 0x00ff_070f4c00ff070f3c
2025-04-10 03:24:37.416753 INFO  BF_MC Write LAG node at addr 0x70f4 with id 255 and next node 0x70f5 0x0000_00000000ff070f5c
2025-04-10 03:24:37.416757 INFO  BF_MC Write LAG node at addr 0x70f5 with id 255 and next node 0x70f6 0x00ff_070f6c00ff070f5c
2025-04-10 03:24:37.416762 INFO  BF_MC Write LAG node at addr 0x70f6 with id 255 and next node 0x70f7 0x0000_00000000ff070f7c
2025-04-10 03:24:37.416768 INFO  BF_MC Write LAG node at addr 0x70f7 with id 255 and next node 0x70f8 0x00ff_070f8c00ff070f7c
2025-04-10 03:24:37.416772 INFO  BF_MC Write LAG node at addr 0x70f8 with id 255 and next node 0x70f9 0x0000_00000000ff070f9c
2025-04-10 03:24:37.416776 INFO  BF_MC Write LAG node at addr 0x70f9 with id 255 and next node 0x70fa 0x00ff_070fac00ff070f9c
2025-04-10 03:24:37.416781 INFO  BF_MC Write LAG node at addr 0x70fa with id 255 and next node 0x70fb 0x0000_00000000ff070fbc
2025-04-10 03:24:37.416785 INFO  BF_MC Write LAG node at addr 0x70fb with id 255 and next node 0x70fc 0x00ff_070fcc00ff070fbc
2025-04-10 03:24:37.416789 INFO  BF_MC Write LAG node at addr 0x70fc with id 255 and next node 0x70fd 0x0000_00000000ff070fdc
2025-04-10 03:24:37.416793 INFO  BF_MC Write LAG node at addr 0x70fd with id 255 and next node 0x70fe 0x00ff_070fec00ff070fdc
2025-04-10 03:24:37.416798 INFO  BF_MC Write LAG node at addr 0x70fe with id 255 and next node 0x70ff 0x0000_00000000ff070ffc
2025-04-10 03:24:37.416802 INFO  BF_MC Write LAG node at addr 0x70ff with id 255 and next node 0x7100 0x00ff_07100c00ff070ffc
2025-04-10 03:24:37.416807 INFO  BF_MC Write LAG node at addr 0x7100 with id 255 and next node 0x7101 0x0000_00000000ff07101c
2025-04-10 03:24:37.416811 INFO  BF_MC Write LAG node at addr 0x7101 with id 255 and next node 0x7102 0x00ff_07102c00ff07101c
2025-04-10 03:24:37.416816 INFO  BF_MC Write LAG node at addr 0x7102 with id 255 and next node 0x7103 0x0000_00000000ff07103c
2025-04-10 03:24:37.416820 INFO  BF_MC Write LAG node at addr 0x7103 with id 255 and next node 0 0x00ff_00000c00ff07103c
2025-04-10 03:24:37.416827 INFO  BF_MC Allocated RDM addresses 0x31c0 - 0x31df
2025-04-10 03:24:37.416832 INFO  BF_MC Write L1End node at addr 0x31c0, rid 0, l2 0x7101
2025-04-10 03:24:37.416837 INFO  BF_MC Write L1End node at addr 0x31c1, rid 0, l2 0x7100
2025-04-10 03:24:37.416841 INFO  BF_MC Write L1End node at addr 0x31c2, rid 0, l2 0x70ff
2025-04-10 03:24:37.416845 INFO  BF_MC Write L1End node at addr 0x31c3, rid 0, l2 0x70fe
2025-04-10 03:24:37.416849 INFO  BF_MC Write L1End node at addr 0x31c4, rid 0, l2 0x70fd
2025-04-10 03:24:37.416853 INFO  BF_MC Write L1End node at addr 0x31c5, rid 0, l2 0x70fc
2025-04-10 03:24:37.416857 INFO  BF_MC Write L1End node at addr 0x31c6, rid 0, l2 0x70fb
2025-04-10 03:24:37.416861 INFO  BF_MC Write L1End node at addr 0x31c7, rid 0, l2 0x70fa
2025-04-10 03:24:37.416865 INFO  BF_MC Write L1End node at addr 0x31c8, rid 0, l2 0x70f8
2025-04-10 03:24:37.416870 INFO  BF_MC Write L1End node at addr 0x31c9, rid 0, l2 0x70f6
2025-04-10 03:24:37.416873 INFO  BF_MC Write L1End node at addr 0x31ca, rid 0, l2 0x70f4
2025-04-10 03:24:37.416877 INFO  BF_MC Write L1End node at addr 0x31cb, rid 0, l2 0x70f2
2025-04-10 03:24:37.416881 INFO  BF_MC Write L1End node at addr 0x31cc, rid 0, l2 0x70f0
2025-04-10 03:24:37.416886 INFO  BF_MC Write L1End node at addr 0x31cd, rid 0, l2 0x70ee
2025-04-10 03:24:37.416890 INFO  BF_MC Write L1End node at addr 0x31ce, rid 0, l2 0x70ec
2025-04-10 03:24:37.416894 INFO  BF_MC Write L1End node at addr 0x31cf, rid 0, l2 0x70ea
2025-04-10 03:24:37.416898 INFO  BF_MC Write L1End node at addr 0x31d0, rid 0, l2 0x70e8
2025-04-10 03:24:37.416902 INFO  BF_MC Write L1End node at addr 0x31d1, rid 0, l2 0x70e6
2025-04-10 03:24:37.416906 INFO  BF_MC Write L1End node at addr 0x31d2, rid 0, l2 0x70e4
2025-04-10 03:24:37.416910 INFO  BF_MC Write L1End node at addr 0x31d3, rid 0, l2 0x70e0
2025-04-10 03:24:37.416914 INFO  BF_MC Write L1End node at addr 0x31d4, rid 0, l2 0x70dc
2025-04-10 03:24:37.416918 INFO  BF_MC Write L1End node at addr 0x31d5, rid 0, l2 0x70d8
2025-04-10 03:24:37.416922 INFO  BF_MC Write L1End node at addr 0x31d6, rid 0, l2 0x70d4
2025-04-10 03:24:37.416926 INFO  BF_MC Write L1End node at addr 0x31d7, rid 0, l2 0x70cc
2025-04-10 03:24:37.416930 INFO  BF_MC Write L1End node at addr 0x31d8, rid 0, l2 0x70c4
2025-04-10 03:24:37.416935 INFO  BF_MC Write L1End node at addr 0x31d9, rid 0, l2 0x70bc
2025-04-10 03:24:37.416938 INFO  BF_MC Write L1End node at addr 0x31da, rid 0, l2 0x70a0
2025-04-10 03:24:37.416944 INFO  BF_MC Write L1End node at addr 0x31db, rid 0, l2 0x7087
2025-04-10 03:24:37.416948 INFO  BF_MC Write L1End node at addr 0x31dc, rid 0, l2 0x706e
2025-04-10 03:24:37.416953 INFO  BF_MC Write L1End node at addr 0x31dd, rid 0, l2 0x7055
2025-04-10 03:24:37.416957 INFO  BF_MC Write L1End node at addr 0x31de, rid 0, l2 0x703c
2025-04-10 03:24:37.416960 INFO  BF_MC Write L1End node at addr 0x31df, rid 0, l2 0x7000
2025-04-10 03:24:37.418988 DEBUG BF_PLTFM QSFPMSM  7 : QSFP_FSM_ST_WAIT_T_RESET     --> QSFP_FSM_ST_WAIT_TON_TXDIS   (2000ms)
2025-04-10 03:24:37.419000 DEBUG BF_PLTFM QSFP     8 : RESETL = false
2025-04-10 03:24:37.419006 DEBUG BF_PLTFM QSFP     8 : False
2025-04-10 03:24:37.422617 DEBUG BF_PLTFM QSFPMSM  8 : QSFP_FSM_ST_WAIT_T_RESET     --> QSFP_FSM_ST_WAIT_TON_TXDIS   (2000ms)
2025-04-10 03:24:37.426610 INFO  BF_MC mc_mgr_add_device: Device 0 add successful.
2025-04-10 03:24:37.448158 INFO  BF_PM bf_pm_port_add_with_lanes:4847 0:4/0:2(speed):0(fec):1(n_lanes)
2025-04-10 03:24:37.448202 DEBUG BF_PORT 0:152: 2(speed): 0(fec): 1(n_lanes)
2025-04-10 03:24:37.448210 DEBUG BF_PORT port_mgr_tof1_port_add:1030:0:152:2(speed):0(fec)
2025-04-10 03:24:37.448230 DEBUG BF_PORT PRT :0:152:-: MACs serdesmux.sig_ok=LOW
2025-04-10 03:24:37.448310 DEBUG BF_PORT PRT :0:152:-: Disable MAC Rx
2025-04-10 03:24:37.448319 DEBUG BF_PORT MAC: 0:41:0 :  set rx enable = false
2025-04-10 03:24:37.452734 DEBUG BF_PORT MAC: DIS: 0:41:0 : Disable channel
2025-04-10 03:24:37.452744 DEBUG BF_PORT MAC: DIS: 0:41:0 : ERROR! : ch0mode.ena = 0!
2025-04-10 03:24:37.453143 INFO  BF_TM TM buffers egress usage count after disabling qac_rx for dev 0, dev_port 152 before wait 1 is 0
2025-04-10 03:24:37.453152 INFO  BF_TM TM buffers got drained after disabling qac_rx for dev 0, dev_port 152 after 0 waits
2025-04-10 03:24:37.453633 DEBUG BF_PORT 0:152: 2(speed): 0(fec): 1(n_lanes)
2025-04-10 03:24:37.453639 DEBUG BF_PORT port_mgr_tof1_port_add:1030:0:152:2(speed):0(fec)
2025-04-10 03:24:37.453800 INFO  BF_DVM Dev 0 port 152 added sts Success (0)
2025-04-10 03:24:37.453806 INFO  BF_PM bf_pm_port_direction_clear:4449 0:4/0
2025-04-10 03:24:37.453817 DEBUG BF_PLTFM Extended Mac addr: 6c:ec:5a:a:dd:19 

2025-04-10 03:24:37.453835 DEBUG BF_PORT SDS :0:152:0: MAP: Rx inv=0
2025-04-10 03:24:37.453945 DEBUG BF_PORT SDS :0:152:0: MAP: Tx inv=0
2025-04-10 03:24:37.455139 INFO  BF_PM bf_pm_port_enable:5106 0:4/0
2025-04-10 03:24:37.455149 INFO  BF_PM bf_pm_port_add_with_lanes:4847 0:4/1:2(speed):0(fec):1(n_lanes)
2025-04-10 03:24:37.455158 DEBUG BF_PORT 0:153: 2(speed): 0(fec): 1(n_lanes)
2025-04-10 03:24:37.455164 DEBUG BF_PORT port_mgr_tof1_port_add:1030:0:153:2(speed):0(fec)
2025-04-10 03:24:37.455173 DEBUG BF_PORT PRT :0:153:-: MACs serdesmux.sig_ok=LOW
2025-04-10 03:24:37.455245 DEBUG BF_PORT PRT :0:153:-: Disable MAC Rx
2025-04-10 03:24:37.455252 DEBUG BF_PORT MAC: 0:41:1 :  set rx enable = false
2025-04-10 03:24:37.459627 DEBUG BF_PORT MAC: DIS: 0:41:1 : Disable channel
2025-04-10 03:24:37.459635 DEBUG BF_PORT MAC: DIS: 0:41:1 : ERROR! : ch0mode.ena = 0!
2025-04-10 03:24:37.460010 INFO  BF_TM TM buffers egress usage count after disabling qac_rx for dev 0, dev_port 153 before wait 1 is 0
2025-04-10 03:24:37.460018 INFO  BF_TM TM buffers got drained after disabling qac_rx for dev 0, dev_port 153 after 0 waits
2025-04-10 03:24:37.460492 DEBUG BF_PORT 0:153: 2(speed): 0(fec): 1(n_lanes)
2025-04-10 03:24:37.460498 DEBUG BF_PORT port_mgr_tof1_port_add:1030:0:153:2(speed):0(fec)
2025-04-10 03:24:37.460657 INFO  BF_DVM Dev 0 port 153 added sts Success (0)
2025-04-10 03:24:37.460662 INFO  BF_PM bf_pm_port_direction_clear:4449 0:4/1
2025-04-10 03:24:37.460670 DEBUG BF_PLTFM Extended Mac addr: 6c:ec:5a:a:dd:1a 

2025-04-10 03:24:37.460677 DEBUG BF_PORT SDS :0:153:0: MAP: Rx inv=0
2025-04-10 03:24:37.460782 DEBUG BF_PORT SDS :0:153:0: MAP: Tx inv=0
2025-04-10 03:24:37.461955 INFO  BF_PM bf_pm_port_enable:5106 0:4/1
2025-04-10 03:24:37.461964 INFO  BF_PM bf_pm_port_add_with_lanes:4847 0:4/2:2(speed):0(fec):1(n_lanes)
2025-04-10 03:24:37.461980 DEBUG BF_PORT 0:154: 2(speed): 0(fec): 1(n_lanes)
2025-04-10 03:24:37.461984 DEBUG BF_PORT port_mgr_tof1_port_add:1030:0:154:2(speed):0(fec)
2025-04-10 03:24:37.461992 DEBUG BF_PORT PRT :0:154:-: MACs serdesmux.sig_ok=LOW
2025-04-10 03:24:37.462067 DEBUG BF_PORT PRT :0:154:-: Disable MAC Rx
2025-04-10 03:24:37.462073 DEBUG BF_PORT MAC: 0:41:2 :  set rx enable = false
2025-04-10 03:24:37.466457 DEBUG BF_PORT MAC: DIS: 0:41:2 : Disable channel
2025-04-10 03:24:37.466466 DEBUG BF_PORT MAC: DIS: 0:41:2 : ERROR! : ch0mode.ena = 0!
2025-04-10 03:24:37.466840 INFO  BF_TM TM buffers egress usage count after disabling qac_rx for dev 0, dev_port 154 before wait 1 is 0
2025-04-10 03:24:37.466847 INFO  BF_TM TM buffers got drained after disabling qac_rx for dev 0, dev_port 154 after 0 waits
2025-04-10 03:24:37.467319 DEBUG BF_PORT 0:154: 2(speed): 0(fec): 1(n_lanes)
2025-04-10 03:24:37.467325 DEBUG BF_PORT port_mgr_tof1_port_add:1030:0:154:2(speed):0(fec)
2025-04-10 03:24:37.467485 INFO  BF_DVM Dev 0 port 154 added sts Success (0)
2025-04-10 03:24:37.467490 INFO  BF_PM bf_pm_port_direction_clear:4449 0:4/2
2025-04-10 03:24:37.467495 DEBUG BF_PLTFM Extended Mac addr: 6c:ec:5a:a:dd:1b 

2025-04-10 03:24:37.467503 DEBUG BF_PORT SDS :0:154:0: MAP: Rx inv=0
2025-04-10 03:24:37.467608 DEBUG BF_PORT SDS :0:154:0: MAP: Tx inv=0
2025-04-10 03:24:37.468782 INFO  BF_PM bf_pm_port_enable:5106 0:4/2
2025-04-10 03:24:37.468789 INFO  BF_PM bf_pm_port_add_with_lanes:4847 0:4/3:2(speed):0(fec):1(n_lanes)
2025-04-10 03:24:37.468798 DEBUG BF_PORT 0:155: 2(speed): 0(fec): 1(n_lanes)
2025-04-10 03:24:37.468804 DEBUG BF_PORT port_mgr_tof1_port_add:1030:0:155:2(speed):0(fec)
2025-04-10 03:24:37.468812 DEBUG BF_PORT PRT :0:155:-: MACs serdesmux.sig_ok=LOW
2025-04-10 03:24:37.468884 DEBUG BF_PORT PRT :0:155:-: Disable MAC Rx
2025-04-10 03:24:37.468890 DEBUG BF_PORT MAC: 0:41:3 :  set rx enable = false
2025-04-10 03:24:37.473267 DEBUG BF_PORT MAC: DIS: 0:41:3 : Disable channel
2025-04-10 03:24:37.473275 DEBUG BF_PORT MAC: DIS: 0:41:3 : ERROR! : ch0mode.ena = 0!
2025-04-10 03:24:37.473646 INFO  BF_TM TM buffers egress usage count after disabling qac_rx for dev 0, dev_port 155 before wait 1 is 0
2025-04-10 03:24:37.473654 INFO  BF_TM TM buffers got drained after disabling qac_rx for dev 0, dev_port 155 after 0 waits
2025-04-10 03:24:37.474107 DEBUG BF_PORT 0:155: 2(speed): 0(fec): 1(n_lanes)
2025-04-10 03:24:37.474115 DEBUG BF_PORT port_mgr_tof1_port_add:1030:0:155:2(speed):0(fec)
2025-04-10 03:24:37.474273 INFO  BF_DVM Dev 0 port 155 added sts Success (0)
2025-04-10 03:24:37.474279 INFO  BF_PM bf_pm_port_direction_clear:4449 0:4/3
2025-04-10 03:24:37.474286 DEBUG BF_PLTFM Extended Mac addr: 6c:ec:5a:a:dd:1c 

2025-04-10 03:24:37.474294 DEBUG BF_PORT SDS :0:155:0: MAP: Rx inv=0
2025-04-10 03:24:37.474397 DEBUG BF_PORT SDS :0:155:0: MAP: Tx inv=0
2025-04-10 03:24:37.475567 INFO  BF_PM bf_pm_port_enable:5106 0:4/3
2025-04-10 03:24:38.923604 DEBUG BF_PLTFM QSFP Scan started..
2025-04-10 03:24:39.448764 DEBUG BF_PLTFM QSFP     4 : Clear existing alarms..
2025-04-10 03:24:39.452811 DEBUG BF_PLTFM QSFP     4 : Alarms (Bytes 2-14) : 00 fe 00 00 01 00 00 05 55 00 00 00 00
2025-04-10 03:24:39.452824 DEBUG BF_PLTFM QSFP     4 : [7:4] Tx LOS: f -> f : [3:0] Rx LOS: f -> e
2025-04-10 03:24:39.452832 DEBUG BF_PLTFM QSFP     4 : Temp Alarm/Warn: 00 -> 01
2025-04-10 03:24:39.452838 DEBUG BF_PLTFM QSFP     4 : Rx Power Alarm/Warn CH1/2: 00 -> 05
2025-04-10 03:24:39.452844 DEBUG BF_PLTFM QSFP     4 : Rx Power Alarm/Warn CH3/4: 00 -> 55
2025-04-10 03:24:39.452849 DEBUG BF_PLTFM QSFP     4 : Now check for current alarms..
2025-04-10 03:24:39.456851 DEBUG BF_PLTFM QSFP     4 : Alarms (Bytes 2-14) : 02 00 00 00 00 00 00 00 00 00 00 00 00
2025-04-10 03:24:39.456861 DEBUG BF_PLTFM QSFP     4 : IntL : 0 -> 1
2025-04-10 03:24:39.456867 DEBUG BF_PLTFM QSFP     4 : [7:4] Tx LOS: f -> 0 : [3:0] Rx LOS: e -> 0
2025-04-10 03:24:39.456875 DEBUG BF_PLTFM QSFP     4 : Temp Alarm/Warn: 01 -> 00
2025-04-10 03:24:39.456899 DEBUG BF_PLTFM QSFP     4 : Rx Power Alarm/Warn CH1/2: 05 -> 00
2025-04-10 03:24:39.456913 DEBUG BF_PLTFM QSFP     4 : Rx Power Alarm/Warn CH3/4: 55 -> 00
2025-04-10 03:24:39.456927 DEBUG BF_PLTFM QSFP     4 : TX_DISABLE, mask=0xf, new value=1
2025-04-10 03:24:39.862402 DEBUG BF_PLTFM QSFPMSM  4 : QSFP_FSM_ST_WAIT_TON_TXDIS   --> QSFP_FSM_ST_WAIT_TOFF_LPMODE (100ms)
2025-04-10 03:24:39.862420 DEBUG BF_PLTFM QSFP     7 : Clear existing alarms..
2025-04-10 03:24:39.867259 DEBUG BF_PLTFM QSFP     7 : Alarms (Bytes 2-14) : 00 0f 00 00 a1 00 00 00 00 00 00 00 00
2025-04-10 03:24:39.867271 DEBUG BF_PLTFM QSFP     7 : [7:4] Tx LOS: f -> 0 : [3:0] Rx LOS: f -> f
2025-04-10 03:24:39.867277 DEBUG BF_PLTFM QSFP     7 : Temp Alarm/Warn: 00 -> a1
2025-04-10 03:24:39.867286 DEBUG BF_PLTFM QSFP     7 : Now check for current alarms..
2025-04-10 03:24:39.872449 DEBUG BF_PLTFM QSFP     7 : Alarms (Bytes 2-14) : 00 00 00 00 a0 00 00 00 00 00 00 00 00
2025-04-10 03:24:39.872461 DEBUG BF_PLTFM QSFP     7 : [7:4] Tx LOS: 0 -> 0 : [3:0] Rx LOS: f -> 0
2025-04-10 03:24:39.872468 DEBUG BF_PLTFM QSFP     7 : Temp Alarm/Warn: a1 -> a0
2025-04-10 03:24:39.872480 DEBUG BF_PLTFM QSFP     7 : TX_DISABLE, mask=0xf, new value=1
2025-04-10 03:24:40.280104 DEBUG BF_PLTFM QSFPMSM  7 : QSFP_FSM_ST_WAIT_TON_TXDIS   --> QSFP_FSM_ST_WAIT_TOFF_LPMODE (100ms)
2025-04-10 03:24:40.280152 DEBUG BF_PLTFM QSFP     8 : Clear existing alarms..
2025-04-10 03:24:40.284212 DEBUG BF_PLTFM QSFP     8 : Alarms (Bytes 2-14) : 00 f0 00 00 00 00 00 00 00 00 00 00 00
2025-04-10 03:24:40.284225 DEBUG BF_PLTFM QSFP     8 : [7:4] Tx LOS: f -> f : [3:0] Rx LOS: f -> 0
2025-04-10 03:24:40.284232 DEBUG BF_PLTFM QSFP     8 : Now check for current alarms..
2025-04-10 03:24:40.288296 DEBUG BF_PLTFM QSFP     8 : TX_DISABLE, mask=0xf, new value=1
2025-04-10 03:24:40.693813 DEBUG BF_PLTFM QSFPMSM  8 : QSFP_FSM_ST_WAIT_TON_TXDIS   --> QSFP_FSM_ST_WAIT_TOFF_LPMODE (100ms)
2025-04-10 03:24:40.698247 DEBUG BF_PLTFM QSFP     4 : value read from qsfp Power Control byte : 0x0
2025-04-10 03:24:40.698693 INFO  BF_PM bf_pm_pltfm_front_port_eligible_for_autoneg:4161 0:4/0:0(an_eligibility)
2025-04-10 03:24:40.698706 INFO  BF_PM bf_pm_pltfm_front_port_ready_for_bringup:4058 0:4/0:1(ready)
2025-04-10 03:24:40.703796 DEBUG BF_PLTFM QSFP:  4 : ch[0] : dev_port=152 : is OPTICAL
2025-04-10 03:24:40.703828 DEBUG BF_PORT port_mgr_port_enable:134:0:152:1(enb)
2025-04-10 03:24:40.703837 DEBUG BF_PORT port_mgr_tof1_port_enable:1328:0:152:1(enb)
2025-04-10 03:24:40.703846 DEBUG BF_PORT PRT :0:152:-: Enable
2025-04-10 03:24:40.703869 INFO  BF_TM Enabling QAC rx during port-enable for dev 0, dev_port 152
2025-04-10 03:24:40.703894 INFO  BF_PM bf_pm_pltfm_front_port_eligible_for_autoneg:4161 0:4/1:0(an_eligibility)
2025-04-10 03:24:40.703903 INFO  BF_PM bf_pm_pltfm_front_port_ready_for_bringup:4058 0:4/1:1(ready)
2025-04-10 03:24:40.704441 DEBUG BF_PORT FSM :0:152:-: MACs serdesmux.sig_ok=LOW
2025-04-10 03:24:40.708831 DEBUG BF_PORT FSM :0:152:-: BF_FSM_ST_IDLE             --> BF_FSM_ST_WAIT_PLL         
2025-04-10 03:24:40.709270 DEBUG BF_PLTFM QSFP:  4 : ch[1] : dev_port=153 : is OPTICAL
2025-04-10 03:24:40.709288 DEBUG BF_PORT port_mgr_port_enable:134:0:153:1(enb)
2025-04-10 03:24:40.709296 DEBUG BF_PORT port_mgr_tof1_port_enable:1328:0:153:1(enb)
2025-04-10 03:24:40.709303 DEBUG BF_PORT PRT :0:153:-: Enable
2025-04-10 03:24:40.709317 INFO  BF_TM Enabling QAC rx during port-enable for dev 0, dev_port 153
2025-04-10 03:24:40.709333 INFO  BF_PM bf_pm_pltfm_front_port_eligible_for_autoneg:4161 0:4/2:0(an_eligibility)
2025-04-10 03:24:40.709343 INFO  BF_PM bf_pm_pltfm_front_port_ready_for_bringup:4058 0:4/2:1(ready)
2025-04-10 03:24:40.709674 DEBUG BF_PORT FSM :0:153:-: MACs serdesmux.sig_ok=LOW
2025-04-10 03:24:40.714261 DEBUG BF_PORT FSM :0:153:-: BF_FSM_ST_IDLE             --> BF_FSM_ST_WAIT_PLL         
2025-04-10 03:24:40.714595 DEBUG BF_PLTFM QSFP:  4 : ch[2] : dev_port=154 : is OPTICAL
2025-04-10 03:24:40.714610 DEBUG BF_PORT port_mgr_port_enable:134:0:154:1(enb)
2025-04-10 03:24:40.714619 DEBUG BF_PORT port_mgr_tof1_port_enable:1328:0:154:1(enb)
2025-04-10 03:24:40.714628 DEBUG BF_PORT PRT :0:154:-: Enable
2025-04-10 03:24:40.714649 INFO  BF_TM Enabling QAC rx during port-enable for dev 0, dev_port 154
2025-04-10 03:24:40.714663 INFO  BF_PM bf_pm_pltfm_front_port_eligible_for_autoneg:4161 0:4/3:0(an_eligibility)
2025-04-10 03:24:40.714671 INFO  BF_PM bf_pm_pltfm_front_port_ready_for_bringup:4058 0:4/3:1(ready)
2025-04-10 03:24:40.714690 DEBUG BF_PORT FSM :0:154:-: MACs serdesmux.sig_ok=LOW
2025-04-10 03:24:40.719752 DEBUG BF_PORT FSM :0:154:-: BF_FSM_ST_IDLE             --> BF_FSM_ST_WAIT_PLL         
2025-04-10 03:24:40.720121 DEBUG BF_PLTFM QSFP:  4 : ch[3] : dev_port=155 : is OPTICAL
2025-04-10 03:24:40.720137 DEBUG BF_PORT port_mgr_port_enable:134:0:155:1(enb)
2025-04-10 03:24:40.720148 DEBUG BF_PORT port_mgr_tof1_port_enable:1328:0:155:1(enb)
2025-04-10 03:24:40.720154 DEBUG BF_PORT PRT :0:155:-: Enable
2025-04-10 03:24:40.720167 INFO  BF_TM Enabling QAC rx during port-enable for dev 0, dev_port 155
2025-04-10 03:24:40.720179 DEBUG BF_PLTFM QSFPMSM  4 : QSFP_FSM_ST_WAIT_TOFF_LPMODE --> QSFP_FSM_ST_DETECTED         (300ms)
2025-04-10 03:24:40.720555 DEBUG BF_PORT FSM :0:155:-: MACs serdesmux.sig_ok=LOW
2025-04-10 03:24:40.724311 DEBUG BF_PORT FSM :0:155:-: BF_FSM_ST_IDLE             --> BF_FSM_ST_WAIT_PLL         
2025-04-10 03:24:40.725428 DEBUG BF_PLTFM QSFP     7 : value read from qsfp Power Control byte : 0x0
2025-04-10 03:24:40.725869 INFO  BF_PM bf_pm_pltfm_front_port_eligible_for_autoneg:4161 0:7/0:0(an_eligibility)
2025-04-10 03:24:40.725880 INFO  BF_PM bf_pm_pltfm_front_port_ready_for_bringup:4058 0:7/0:1(ready)
2025-04-10 03:24:40.725888 INFO  BF_PM bf_pm_pltfm_front_port_eligible_for_autoneg:4161 0:7/1:0(an_eligibility)
2025-04-10 03:24:40.725896 INFO  BF_PM bf_pm_pltfm_front_port_ready_for_bringup:4058 0:7/1:1(ready)
2025-04-10 03:24:40.725917 INFO  BF_PM bf_pm_pltfm_front_port_eligible_for_autoneg:4161 0:7/2:0(an_eligibility)
2025-04-10 03:24:40.725925 INFO  BF_PM bf_pm_pltfm_front_port_ready_for_bringup:4058 0:7/2:1(ready)
2025-04-10 03:24:40.725931 INFO  BF_PM bf_pm_pltfm_front_port_eligible_for_autoneg:4161 0:7/3:0(an_eligibility)
2025-04-10 03:24:40.725938 INFO  BF_PM bf_pm_pltfm_front_port_ready_for_bringup:4058 0:7/3:1(ready)
2025-04-10 03:24:40.725945 DEBUG BF_PLTFM QSFPMSM  7 : QSFP_FSM_ST_WAIT_TOFF_LPMODE --> QSFP_FSM_ST_DETECTED         (300ms)
2025-04-10 03:24:40.759429 DEBUG BF_PORT FSM :0:152:-: BF_FSM_ST_WAIT_PLL         --> BF_FSM_ST_CFG_SERDES       
2025-04-10 03:24:40.764709 DEBUG BF_PORT FSM :0:153:-: BF_FSM_ST_WAIT_PLL         --> BF_FSM_ST_CFG_SERDES       
2025-04-10 03:24:40.771569 DEBUG BF_PORT FSM :0:1: 38: Tx loop bandwidth setting: 503h <1283>
2025-04-10 03:24:40.771750 DEBUG BF_PORT FSM :0:152:-: Disable MAC CH TX/RX, toggle swreset
2025-04-10 03:24:40.771797 DEBUG BF_PORT MAC: 0:41:0 :  set tx enable = false
2025-04-10 03:24:40.771825 DEBUG BF_PORT MAC: 0:41:0 :  set rx enable = false
2025-04-10 03:24:40.771865 DEBUG BF_PORT MAC: DIS: 0:41:0 : Disable channel
2025-04-10 03:24:40.771920 DEBUG BF_PORT MAC: ENA: 0:41:0 : Enable channel
2025-04-10 03:24:40.772216 DEBUG BF_PORT FSM :0:152:-: Serdes TX driver ON
2025-04-10 03:24:40.772236 DEBUG BF_PORT FSM :0:152:-: BF_FSM_ST_CFG_SERDES       --> BF_FSM_ST_WAIT_SIGNAL_OK   
2025-04-10 03:24:40.772282 DEBUG BF_PLTFM QSFP:  4 : ch[0] : dev_port=152 : is OPTICAL
2025-04-10 03:24:40.772319 INFO  BF_PM bf_pm_pltfm_front_port_num_lanes_get:4192 0:4/0
2025-04-10 03:24:40.772348 DEBUG BF_PLTFM QSFP:  4 : ch[0] Enable (dev_port=152, ln=0)
2025-04-10 03:24:40.772386 DEBUG BF_PLTFM QSFPCSM  4/0 : QSFP_CH_FSM_ST_DISABLED --> QSFP_CH_FSM_ST_ENABLING (0ms)
2025-04-10 03:24:40.772547 DEBUG BF_PORT FSM :0:154:-: BF_FSM_ST_WAIT_PLL         --> BF_FSM_ST_CFG_SERDES       
2025-04-10 03:24:40.774505 DEBUG BF_PORT FSM :0:155:-: BF_FSM_ST_WAIT_PLL         --> BF_FSM_ST_CFG_SERDES       
2025-04-10 03:24:40.776619 DEBUG BF_PORT FSM :0:1: 39: Tx loop bandwidth setting: 503h <1283>
2025-04-10 03:24:40.776766 DEBUG BF_PORT FSM :0:153:-: Disable MAC CH TX/RX, toggle swreset
2025-04-10 03:24:40.776794 DEBUG BF_PORT MAC: 0:41:1 :  set tx enable = false
2025-04-10 03:24:40.776850 DEBUG BF_PORT MAC: 0:41:1 :  set rx enable = false
2025-04-10 03:24:40.776880 DEBUG BF_PORT MAC: DIS: 0:41:1 : Disable channel
2025-04-10 03:24:40.776940 DEBUG BF_PORT MAC: ENA: 0:41:1 : Enable channel
2025-04-10 03:24:40.777190 DEBUG BF_PORT FSM :0:153:-: Serdes TX driver ON
2025-04-10 03:24:40.777218 DEBUG BF_PORT FSM :0:153:-: BF_FSM_ST_CFG_SERDES       --> BF_FSM_ST_WAIT_SIGNAL_OK   
2025-04-10 03:24:40.777255 DEBUG BF_PLTFM QSFP:  4 : ch[1] : dev_port=153 : is OPTICAL
2025-04-10 03:24:40.777282 INFO  BF_PM bf_pm_pltfm_front_port_num_lanes_get:4192 0:4/1
2025-04-10 03:24:40.777302 DEBUG BF_PLTFM QSFP:  4 : ch[1] Enable (dev_port=153, ln=0)
2025-04-10 03:24:40.777329 DEBUG BF_PLTFM QSFPCSM  4/1 : QSFP_CH_FSM_ST_DISABLED --> QSFP_CH_FSM_ST_ENABLING (0ms)
2025-04-10 03:24:40.784569 DEBUG BF_PORT FSM :0:1: 40: Tx loop bandwidth setting: 503h <1283>
2025-04-10 03:24:40.784726 DEBUG BF_PORT FSM :0:154:-: Disable MAC CH TX/RX, toggle swreset
2025-04-10 03:24:40.784754 DEBUG BF_PORT MAC: 0:41:2 :  set tx enable = false
2025-04-10 03:24:40.784774 DEBUG BF_PORT MAC: 0:41:2 :  set rx enable = false
2025-04-10 03:24:40.784803 DEBUG BF_PORT MAC: DIS: 0:41:2 : Disable channel
2025-04-10 03:24:40.784841 DEBUG BF_PORT MAC: ENA: 0:41:2 : Enable channel
2025-04-10 03:24:40.785078 DEBUG BF_PORT FSM :0:154:-: Serdes TX driver ON
2025-04-10 03:24:40.785131 DEBUG BF_PORT FSM :0:154:-: BF_FSM_ST_CFG_SERDES       --> BF_FSM_ST_WAIT_SIGNAL_OK   
2025-04-10 03:24:40.785178 DEBUG BF_PLTFM QSFP:  4 : ch[2] : dev_port=154 : is OPTICAL
2025-04-10 03:24:40.785197 INFO  BF_PM bf_pm_pltfm_front_port_num_lanes_get:4192 0:4/2
2025-04-10 03:24:40.785225 DEBUG BF_PLTFM QSFP:  4 : ch[2] Enable (dev_port=154, ln=0)
2025-04-10 03:24:40.785252 DEBUG BF_PLTFM QSFPCSM  4/2 : QSFP_CH_FSM_ST_DISABLED --> QSFP_CH_FSM_ST_ENABLING (0ms)
2025-04-10 03:24:40.786984 DEBUG BF_PORT FSM :0:1: 41: Tx loop bandwidth setting: 503h <1283>
2025-04-10 03:24:40.787140 DEBUG BF_PORT FSM :0:155:-: Disable MAC CH TX/RX, toggle swreset
2025-04-10 03:24:40.787177 DEBUG BF_PORT MAC: 0:41:3 :  set tx enable = false
2025-04-10 03:24:40.787197 DEBUG BF_PORT MAC: 0:41:3 :  set rx enable = false
2025-04-10 03:24:40.787227 DEBUG BF_PORT MAC: DIS: 0:41:3 : Disable channel
2025-04-10 03:24:40.787265 DEBUG BF_PORT MAC: ENA: 0:41:3 : Enable channel
2025-04-10 03:24:40.787516 DEBUG BF_PORT FSM :0:155:-: Serdes TX driver ON
2025-04-10 03:24:40.787543 DEBUG BF_PORT FSM :0:155:-: BF_FSM_ST_CFG_SERDES       --> BF_FSM_ST_WAIT_SIGNAL_OK   
2025-04-10 03:24:40.787572 DEBUG BF_PLTFM QSFP:  4 : ch[3] : dev_port=155 : is OPTICAL
2025-04-10 03:24:40.787607 INFO  BF_PM bf_pm_pltfm_front_port_num_lanes_get:4192 0:4/3
2025-04-10 03:24:40.787643 DEBUG BF_PLTFM QSFP:  4 : ch[3] Enable (dev_port=155, ln=0)
2025-04-10 03:24:40.787663 DEBUG BF_PLTFM QSFPCSM  4/3 : QSFP_CH_FSM_ST_DISABLED --> QSFP_CH_FSM_ST_ENABLING (0ms)
2025-04-10 03:24:40.795801 DEBUG BF_PLTFM QSFP     4 : ch[0] : NOT Ready 
2025-04-10 03:24:40.795815 DEBUG BF_PLTFM QSFPCSM  4/0 : QSFP_CH_FSM_ST_ENABLING.0 --> QSFP_CH_FSM_ST_ENA_CDR.0 (300ms)
2025-04-10 03:24:40.795825 DEBUG BF_PLTFM QSFP     4 : ch[1] : NOT Ready 
2025-04-10 03:24:40.795832 DEBUG BF_PLTFM QSFPCSM  4/1 : QSFP_CH_FSM_ST_ENABLING.0 --> QSFP_CH_FSM_ST_ENA_CDR.0 (300ms)
2025-04-10 03:24:40.795840 DEBUG BF_PLTFM QSFP     4 : ch[2] : NOT Ready 
2025-04-10 03:24:40.795845 DEBUG BF_PLTFM QSFPCSM  4/2 : QSFP_CH_FSM_ST_ENABLING.0 --> QSFP_CH_FSM_ST_ENA_CDR.0 (300ms)
2025-04-10 03:24:40.795853 DEBUG BF_PLTFM QSFP     4 : ch[3] : NOT Ready 
2025-04-10 03:24:40.795858 DEBUG BF_PLTFM QSFPCSM  4/3 : QSFP_CH_FSM_ST_ENABLING.0 --> QSFP_CH_FSM_ST_ENA_CDR.0 (300ms)
2025-04-10 03:24:40.798715 DEBUG BF_PLTFM QSFP     8 : value read from qsfp Power Control byte : 0x0
2025-04-10 03:24:40.799129 INFO  BF_PM bf_pm_pltfm_front_port_eligible_for_autoneg:4161 0:8/0:0(an_eligibility)
2025-04-10 03:24:40.799141 INFO  BF_PM bf_pm_pltfm_front_port_ready_for_bringup:4058 0:8/0:1(ready)
2025-04-10 03:24:40.799150 INFO  BF_PM bf_pm_pltfm_front_port_eligible_for_autoneg:4161 0:8/1:0(an_eligibility)
2025-04-10 03:24:40.799162 INFO  BF_PM bf_pm_pltfm_front_port_ready_for_bringup:4058 0:8/1:1(ready)
2025-04-10 03:24:40.799168 INFO  BF_PM bf_pm_pltfm_front_port_eligible_for_autoneg:4161 0:8/2:0(an_eligibility)
2025-04-10 03:24:40.799175 INFO  BF_PM bf_pm_pltfm_front_port_ready_for_bringup:4058 0:8/2:1(ready)
2025-04-10 03:24:40.799182 INFO  BF_PM bf_pm_pltfm_front_port_eligible_for_autoneg:4161 0:8/3:0(an_eligibility)
2025-04-10 03:24:40.799188 INFO  BF_PM bf_pm_pltfm_front_port_ready_for_bringup:4058 0:8/3:1(ready)
2025-04-10 03:24:40.799196 DEBUG BF_PLTFM QSFPMSM  8 : QSFP_FSM_ST_WAIT_TOFF_LPMODE --> QSFP_FSM_ST_DETECTED         (300ms)
2025-04-10 03:24:41.119512 DEBUG BF_PLTFM QSFPMSM  4 : QSFP_FSM_ST_DETECTED         --> QSFP_FSM_ST_UPDATE           (0ms)
2025-04-10 03:24:41.119532 DEBUG BF_PLTFM QSFPCSM  4/0 : QSFP_CH_FSM_ST_ENA_CDR.0 --> QSFP_CH_FSM_ST_ENA_CDR.1 (300ms)
2025-04-10 03:24:41.119541 DEBUG BF_PLTFM QSFPCSM  4/1 : QSFP_CH_FSM_ST_ENA_CDR.0 --> QSFP_CH_FSM_ST_ENA_CDR.1 (300ms)
2025-04-10 03:24:41.119549 DEBUG BF_PLTFM QSFPCSM  4/2 : QSFP_CH_FSM_ST_ENA_CDR.0 --> QSFP_CH_FSM_ST_ENA_CDR.1 (300ms)
2025-04-10 03:24:41.119556 DEBUG BF_PLTFM QSFPCSM  4/3 : QSFP_CH_FSM_ST_ENA_CDR.0 --> QSFP_CH_FSM_ST_ENA_CDR.1 (300ms)
2025-04-10 03:24:41.130350 DEBUG BF_PLTFM QSFP     8 : Alarms (Bytes 2-14) : 00 f0 00 00 00 00 00 00 00 55 55 55 55
2025-04-10 03:24:41.130363 DEBUG BF_PLTFM QSFP     8 : Tx Bias Alarm/Warn CH1/2: 00 -> 55
2025-04-10 03:24:41.130368 DEBUG BF_PLTFM QSFP     8 : Tx Bias Alarm/Warn CH3/4: 00 -> 55
2025-04-10 03:24:41.130375 DEBUG BF_PLTFM QSFP     8 : Tx Power Alarm/Warn CH1/2: 00 -> 55
2025-04-10 03:24:41.130380 DEBUG BF_PLTFM QSFP     8 : Tx Power Alarm/Warn CH3/4: 00 -> 55
2025-04-10 03:24:41.134198 DEBUG BF_PLTFM QSFPMSM  4 : QSFP_FSM_ST_UPDATE           --> QSFP_FSM_ST_WAIT_UPDATE      (300ms)
2025-04-10 03:24:41.430556 DEBUG BF_PLTFM QSFP     8 : Alarms (Bytes 2-14) : 00 00 00 00 00 00 00 00 00 55 55 55 55
2025-04-10 03:24:41.430569 DEBUG BF_PLTFM QSFP     8 : [7:4] Tx LOS: f -> 0 : [3:0] Rx LOS: 0 -> 0
2025-04-10 03:24:41.520477 DEBUG BF_PLTFM QSFPMSM  4 : QSFP_FSM_ST_WAIT_UPDATE      --> QSFP_FSM_ST_DETECTED         (0ms)
2025-04-10 03:24:41.625022 DEBUG BF_PLTFM QSFP     4 : ch[0] : TX LOS (byte 3) = 0e : TX CDR LOL (byte 5) = 00 : [ok] <num_lanes=1 : msk=10>
2025-04-10 03:24:41.630468 DEBUG BF_PLTFM QSFP     4 : ch[0] : TX LOS (byte 3) = 00 : TX CDR LOL (byte 5) = 00 : [ok] <num_lanes=1 : msk=10>
2025-04-10 03:24:41.635980 DEBUG BF_PLTFM QSFP     4 : ch[0] : TX LOS (byte 3) = 00 : TX CDR LOL (byte 5) = 00 : [ok] <num_lanes=1 : msk=10>
2025-04-10 03:24:41.635992 DEBUG BF_PLTFM QSFPCSM  4/0 : QSFP_CH_FSM_ST_ENA_CDR.1 --> QSFP_CH_FSM_ST_ENA_OPTICAL_TX.0 (0ms)
2025-04-10 03:24:41.641458 DEBUG BF_PLTFM QSFP     4 : ch[1] : TX LOS (byte 3) = 00 : TX CDR LOL (byte 5) = 00 : [ok] <num_lanes=1 : msk=20>
2025-04-10 03:24:41.646930 DEBUG BF_PLTFM QSFP     4 : ch[1] : TX LOS (byte 3) = 00 : TX CDR LOL (byte 5) = 00 : [ok] <num_lanes=1 : msk=20>
2025-04-10 03:24:41.652442 DEBUG BF_PLTFM QSFP     4 : ch[1] : TX LOS (byte 3) = 00 : TX CDR LOL (byte 5) = 00 : [ok] <num_lanes=1 : msk=20>
2025-04-10 03:24:41.652466 DEBUG BF_PLTFM QSFPCSM  4/1 : QSFP_CH_FSM_ST_ENA_CDR.1 --> QSFP_CH_FSM_ST_ENA_OPTICAL_TX.0 (0ms)
2025-04-10 03:24:41.657978 DEBUG BF_PLTFM QSFP     4 : ch[2] : TX LOS (byte 3) = 00 : TX CDR LOL (byte 5) = 00 : [ok] <num_lanes=1 : msk=40>
2025-04-10 03:24:41.663444 DEBUG BF_PLTFM QSFP     4 : ch[2] : TX LOS (byte 3) = 00 : TX CDR LOL (byte 5) = 00 : [ok] <num_lanes=1 : msk=40>
2025-04-10 03:24:41.668869 DEBUG BF_PLTFM QSFP     4 : ch[2] : TX LOS (byte 3) = 00 : TX CDR LOL (byte 5) = 00 : [ok] <num_lanes=1 : msk=40>
2025-04-10 03:24:41.668878 DEBUG BF_PLTFM QSFPCSM  4/2 : QSFP_CH_FSM_ST_ENA_CDR.1 --> QSFP_CH_FSM_ST_ENA_OPTICAL_TX.0 (0ms)
2025-04-10 03:24:41.674341 DEBUG BF_PLTFM QSFP     4 : ch[3] : TX LOS (byte 3) = 00 : TX CDR LOL (byte 5) = 00 : [ok] <num_lanes=1 : msk=80>
2025-04-10 03:24:41.679883 DEBUG BF_PLTFM QSFP     4 : ch[3] : TX LOS (byte 3) = 00 : TX CDR LOL (byte 5) = 00 : [ok] <num_lanes=1 : msk=80>
2025-04-10 03:24:41.685394 DEBUG BF_PLTFM QSFP     4 : ch[3] : TX LOS (byte 3) = 00 : TX CDR LOL (byte 5) = 00 : [ok] <num_lanes=1 : msk=80>
2025-04-10 03:24:41.685407 DEBUG BF_PLTFM QSFPCSM  4/3 : QSFP_CH_FSM_ST_ENA_CDR.1 --> QSFP_CH_FSM_ST_ENA_OPTICAL_TX.0 (0ms)
2025-04-10 03:24:41.689450 DEBUG BF_PLTFM QSFP     4 : Alarms (Bytes 2-14) : 02 00 00 00 00 00 00 05 55 11 11 55 55
2025-04-10 03:24:41.689461 DEBUG BF_PLTFM QSFP     4 : Rx Power Alarm/Warn CH1/2: 00 -> 05
2025-04-10 03:24:41.689467 DEBUG BF_PLTFM QSFP     4 : Rx Power Alarm/Warn CH3/4: 00 -> 55
2025-04-10 03:24:41.689474 DEBUG BF_PLTFM QSFP     4 : Tx Bias Alarm/Warn CH1/2: 00 -> 11
2025-04-10 03:24:41.689481 DEBUG BF_PLTFM QSFP     4 : Tx Bias Alarm/Warn CH3/4: 00 -> 11
2025-04-10 03:24:41.689488 DEBUG BF_PLTFM QSFP     4 : Tx Power Alarm/Warn CH1/2: 00 -> 55
2025-04-10 03:24:41.689494 DEBUG BF_PLTFM QSFP     4 : Tx Power Alarm/Warn CH3/4: 00 -> 55
2025-04-10 03:24:41.720340 DEBUG BF_PLTFM QSFPMSM  4 : QSFP_FSM_ST_DETECTED         --> QSFP_FSM_ST_UPDATE           (0ms)
2025-04-10 03:24:41.720353 DEBUG BF_PLTFM QSFPCSM  4/0 : QSFP_CH_FSM_ST_ENA_OPTICAL_TX.0 --> QSFP_CH_FSM_ST_ENA_OPTICAL_TX.1 (0ms)
2025-04-10 03:24:41.720361 DEBUG BF_PLTFM QSFPCSM  4/1 : QSFP_CH_FSM_ST_ENA_OPTICAL_TX.0 --> QSFP_CH_FSM_ST_ENA_OPTICAL_TX.1 (0ms)
2025-04-10 03:24:41.720368 DEBUG BF_PLTFM QSFPCSM  4/2 : QSFP_CH_FSM_ST_ENA_OPTICAL_TX.0 --> QSFP_CH_FSM_ST_ENA_OPTICAL_TX.1 (0ms)
2025-04-10 03:24:41.720375 DEBUG BF_PLTFM QSFPCSM  4/3 : QSFP_CH_FSM_ST_ENA_OPTICAL_TX.0 --> QSFP_CH_FSM_ST_ENA_OPTICAL_TX.1 (0ms)
2025-04-10 03:24:41.829674 DEBUG BF_PLTFM QSFPMSM  4 : QSFP_FSM_ST_UPDATE           --> QSFP_FSM_ST_WAIT_UPDATE      (0ms)
2025-04-10 03:24:41.919674 DEBUG BF_PLTFM QSFPMSM  4 : QSFP_FSM_ST_WAIT_UPDATE      --> QSFP_FSM_ST_DETECTED         (0ms)
2025-04-10 03:24:42.019859 DEBUG BF_PLTFM QSFPCSM  4/0 : First enable after reset. Extra 3.1 sec wait
2025-04-10 03:24:42.019879 DEBUG BF_PLTFM QSFPCSM  4/0 : QSFP_CH_FSM_ST_ENA_OPTICAL_TX.1 --> QSFP_CH_FSM_ST_NOTIFY_ENABLED.0 (3500ms)
2025-04-10 03:24:42.019889 DEBUG BF_PLTFM QSFPCSM  4/1 : First enable after reset. Extra 3.1 sec wait
2025-04-10 03:24:42.019895 DEBUG BF_PLTFM QSFPCSM  4/1 : QSFP_CH_FSM_ST_ENA_OPTICAL_TX.1 --> QSFP_CH_FSM_ST_NOTIFY_ENABLED.0 (3500ms)
2025-04-10 03:24:42.019906 DEBUG BF_PLTFM QSFPCSM  4/2 : First enable after reset. Extra 3.1 sec wait
2025-04-10 03:24:42.019912 DEBUG BF_PLTFM QSFPCSM  4/2 : QSFP_CH_FSM_ST_ENA_OPTICAL_TX.1 --> QSFP_CH_FSM_ST_NOTIFY_ENABLED.0 (3500ms)
2025-04-10 03:24:42.019918 DEBUG BF_PLTFM QSFPCSM  4/3 : First enable after reset. Extra 3.1 sec wait
2025-04-10 03:24:42.019924 DEBUG BF_PLTFM QSFPCSM  4/3 : QSFP_CH_FSM_ST_ENA_OPTICAL_TX.1 --> QSFP_CH_FSM_ST_NOTIFY_ENABLED.0 (3500ms)
2025-04-10 03:24:42.026165 DEBUG BF_PLTFM QSFP     4 : Alarms (Bytes 2-14) : 00 0e 00 00 00 00 00 05 55 11 11 55 55
2025-04-10 03:24:42.026176 DEBUG BF_PLTFM QSFP     4 : IntL : 1 -> 0
2025-04-10 03:24:42.026183 DEBUG BF_PLTFM QSFP     4 : [7:4] Tx LOS: 0 -> 0 : [3:0] Rx LOS: 0 -> e
2025-04-10 03:24:42.032855 DEBUG BF_PLTFM QSFP     4 : dev_port=153 : LOS=1
2025-04-10 03:24:42.032868 DEBUG BF_PLTFM QSFP     4 : dev_port=154 : LOS=1
2025-04-10 03:24:42.032874 DEBUG BF_PLTFM QSFP     4 : dev_port=155 : LOS=1
2025-04-10 03:24:42.173161 DEBUG BF_PORT FSM :0:152: is_opt=1 : is_ready=1 : LOS=0 debounce_thr=8
2025-04-10 03:24:42.174136 DEBUG BF_PORT FSM :0:152:0: LOS=1 EI=0 flock= 1 calibration=ok
2025-04-10 03:24:42.174174 DEBUG BF_PORT FSM :0:152:-: BF_FSM_ST_WAIT_SIGNAL_OK   --> BF_FSM_ST_START_DFE        
2025-04-10 03:24:42.184852 DEBUG BF_PORT FSM :0:152:-: BF_FSM_ST_START_DFE        --> BF_FSM_ST_WAIT_DFE_DONE    
2025-04-10 03:24:42.324432 DEBUG BF_PLTFM QSFP     4 : Alarms (Bytes 2-14) : 00 0e 00 00 00 00 00 05 55 00 00 00 00
2025-04-10 03:24:42.324447 DEBUG BF_PLTFM QSFP     4 : Tx Bias Alarm/Warn CH1/2: 11 -> 00
2025-04-10 03:24:42.324454 DEBUG BF_PLTFM QSFP     4 : Tx Bias Alarm/Warn CH3/4: 11 -> 00
2025-04-10 03:24:42.324460 DEBUG BF_PLTFM QSFP     4 : Tx Power Alarm/Warn CH1/2: 55 -> 00
2025-04-10 03:24:42.324470 DEBUG BF_PLTFM QSFP     4 : Tx Power Alarm/Warn CH3/4: 55 -> 00
2025-04-10 03:24:43.100899 DEBUG BF_PORT Upper eye edge: +/- 260 mV (ht=520mV)
2025-04-10 03:24:43.100983 DEBUG BF_PORT FSM :0:152:0: 1e06=520mV/ 40mV
2025-04-10 03:24:43.101011 DEBUG BF_PORT FSM :0:152:-: MACs serdesmux.sig_ok=PASS-THRU
2025-04-10 03:24:43.101067 DEBUG BF_PORT FSM :0:152:-: Enable MAC TX and RX for app logic
2025-04-10 03:24:43.101095 DEBUG BF_PORT MAC: 0:41:0 :  set rx enable = true
2025-04-10 03:24:43.101143 DEBUG BF_PORT MAC: 0:41:0 :  set tx enable = true
2025-04-10 03:24:43.101492 DEBUG BF_PORT FSM :0:152:-: BF_FSM_ST_WAIT_DFE_DONE    --> BF_FSM_ST_WAIT_PCS_UP      
2025-04-10 03:24:43.201778 DEBUG BF_PORT FSM :0:152:-: state=1 PCS_status=1 local_fault=0 remote fault =0
2025-04-10 03:24:43.202160 DEBUG BF_PORT FSM :0:152:-: PCS err-blk=0 : syn-lst=0 : bk-lk-lst=0 : hi_ber=0 : val-err=0 : unk-err=0 : inv-err=0 : bip=0
2025-04-10 03:24:43.302286 DEBUG BF_PORT FSM :0:152:-: state=1 PCS_status=1 local_fault=0 remote fault =0
2025-04-10 03:24:43.302593 DEBUG BF_PORT FSM :0:152:-: PCS err-blk=0 : syn-lst=0 : bk-lk-lst=0 : hi_ber=0 : val-err=0 : unk-err=0 : inv-err=0 : bip=0
2025-04-10 03:24:43.402849 DEBUG BF_PORT FSM :0:152:-: state=1 PCS_status=1 local_fault=0 remote fault =0
2025-04-10 03:24:43.403192 DEBUG BF_PORT FSM :0:152:-: PCS err-blk=0 : syn-lst=0 : bk-lk-lst=0 : hi_ber=0 : val-err=0 : unk-err=0 : inv-err=0 : bip=0
2025-04-10 03:24:43.503501 DEBUG BF_PORT FSM :0:152:-: state=1 PCS_status=1 local_fault=0 remote fault =0
2025-04-10 03:24:43.503807 DEBUG BF_PORT FSM :0:152:-: PCS err-blk=0 : syn-lst=0 : bk-lk-lst=0 : hi_ber=0 : val-err=0 : unk-err=0 : inv-err=0 : bip=0
2025-04-10 03:24:43.603876 DEBUG BF_PORT FSM :0:152:-: state=1 PCS_status=1 local_fault=0 remote fault =0
2025-04-10 03:24:43.604189 DEBUG BF_PORT FSM :0:152:-: PCS err-blk=0 : syn-lst=0 : bk-lk-lst=0 : hi_ber=0 : val-err=0 : unk-err=0 : inv-err=0 : bip=0
2025-04-10 03:24:43.704285 DEBUG BF_PORT FSM :0:152:-: state=1 PCS_status=1 local_fault=0 remote fault =0
2025-04-10 03:24:43.704559 DEBUG BF_PORT FSM :0:152:-: PCS err-blk=0 : syn-lst=0 : bk-lk-lst=0 : hi_ber=0 : val-err=0 : unk-err=0 : inv-err=0 : bip=0
2025-04-10 03:24:43.804945 DEBUG BF_PORT FSM :0:152:-: state=1 PCS_status=1 local_fault=0 remote fault =0
2025-04-10 03:24:43.805289 DEBUG BF_PORT FSM :0:152:-: PCS err-blk=0 : syn-lst=0 : bk-lk-lst=0 : hi_ber=0 : val-err=0 : unk-err=0 : inv-err=0 : bip=0
2025-04-10 03:24:43.905497 DEBUG BF_PORT FSM :0:152:-: state=1 PCS_status=1 local_fault=0 remote fault =0
2025-04-10 03:24:43.905844 DEBUG BF_PORT FSM :0:152:-: PCS err-blk=0 : syn-lst=0 : bk-lk-lst=0 : hi_ber=0 : val-err=0 : unk-err=0 : inv-err=0 : bip=0
2025-04-10 03:24:43.907985 DEBUG BF_PORT FSM :0:152:-: BF_FSM_ST_WAIT_PCS_UP      --> BF_FSM_ST_WAIT_DWN_EVNT    
2025-04-10 03:24:43.908024 DEBUG BF_PORT 0:152: --- Up
2025-04-10 03:24:43.908164 DEBUG BF_PM pm_port_link_status_chg_cb:3798 PM: Dev 0 : front port 4/0 (152) : UP
2025-04-10 03:24:45.589057 DEBUG BF_PLTFM QSFP     4 : ch[0] : Ready 
2025-04-10 03:24:45.589148 DEBUG BF_PLTFM QSFPCSM  4/0 : QSFP_CH_FSM_ST_NOTIFY_ENABLED.0 --> QSFP_CH_FSM_ST_ENABLED.0 (0ms)
2025-04-10 03:24:45.602141 DEBUG BF_PLTFM QSFP     4 : ch[1] : Ready <LOS>
2025-04-10 03:24:45.602182 DEBUG BF_PLTFM QSFPCSM  4/1 : QSFP_CH_FSM_ST_NOTIFY_ENABLED.0 --> QSFP_CH_FSM_ST_ENABLED.0 (0ms)
2025-04-10 03:24:45.615169 DEBUG BF_PLTFM QSFP     4 : ch[2] : Ready <LOS>
2025-04-10 03:24:45.615219 DEBUG BF_PLTFM QSFPCSM  4/2 : QSFP_CH_FSM_ST_NOTIFY_ENABLED.0 --> QSFP_CH_FSM_ST_ENABLED.0 (0ms)
2025-04-10 03:24:45.628162 DEBUG BF_PLTFM QSFP     4 : ch[3] : Ready <LOS>
2025-04-10 03:24:45.628203 DEBUG BF_PLTFM QSFPCSM  4/3 : QSFP_CH_FSM_ST_NOTIFY_ENABLED.0 --> QSFP_CH_FSM_ST_ENABLED.0 (0ms)
2025-04-10 03:24:52.901278 DEBUG BF_PLTFM Platform-mgr started 

2025-04-10 03:24:52.901843 DEBUG BF_PLTFM Checking path /tmp/.bf_platform_ingrasys
2025-04-10 03:24:52.912897 DEBUG BF_PLTFM Checking path /sys/bus/i2c/devices/0-0053/eeprom
2025-04-10 03:24:52.923330 DEBUG BF_PLTFM Checking path /sys/bus/i2c/devices/0-0051/eeprom
2025-04-10 03:24:52.926593 DEBUG BF_PLTFM The platform ingrasys s9180_32x has been detected (2)
bd_id: 0x9180

2025-04-10 03:24:52.926690 DEBUG BF_PLTFM Parsing EEPROM DATA ...

2025-04-10 03:24:52.928095 DEBUG BF_PLTFM Ready to init qsfp on platform ingrasys: 9180

2025-04-10 03:24:52.928165 DEBUG BF_PLTFM GPIO BASE is 256

2025-04-10 03:24:52.928259 DEBUG BF_PLTFM pltfm_mgr: health monitor initialized

2025-04-10 03:24:52.928551 DEBUG BF_PLTFM num of QSFP ports=34
2025-04-10 03:24:52.928573 DEBUG BF_PLTFM QSFP: Assert RESETL on all QSFPs
2025-04-10 03:24:52.928592 DEBUG BF_PLTFM QSFP     1 : RESETL = true
2025-04-10 03:24:52.928602 DEBUG BF_PLTFM QSFP     1 : True
2025-04-10 03:24:52.929578 DEBUG BF_PLTFM QSFP     2 : RESETL = true
2025-04-10 03:24:52.929590 DEBUG BF_PLTFM QSFP     2 : True
2025-04-10 03:24:52.930542 DEBUG BF_PLTFM QSFP     3 : RESETL = true
2025-04-10 03:24:52.930552 DEBUG BF_PLTFM QSFP     3 : True
2025-04-10 03:24:52.931501 DEBUG BF_PLTFM QSFP     4 : RESETL = true
2025-04-10 03:24:52.931511 DEBUG BF_PLTFM QSFP     4 : True
2025-04-10 03:24:52.932469 DEBUG BF_PLTFM QSFP     5 : RESETL = true
2025-04-10 03:24:52.932479 DEBUG BF_PLTFM QSFP     5 : True
2025-04-10 03:24:52.933435 DEBUG BF_PLTFM QSFP     6 : RESETL = true
2025-04-10 03:24:52.933446 DEBUG BF_PLTFM QSFP     6 : True
2025-04-10 03:24:52.934461 DEBUG BF_PLTFM QSFP     7 : RESETL = true
2025-04-10 03:24:52.934491 DEBUG BF_PLTFM QSFP     7 : True
2025-04-10 03:24:52.935477 DEBUG BF_PLTFM QSFP     8 : RESETL = true
2025-04-10 03:24:52.935493 DEBUG BF_PLTFM QSFP     8 : True
2025-04-10 03:24:52.936462 DEBUG BF_PLTFM QSFP     9 : RESETL = true
2025-04-10 03:24:52.936475 DEBUG BF_PLTFM QSFP     9 : True
2025-04-10 03:24:52.937443 DEBUG BF_PLTFM QSFP    10 : RESETL = true
2025-04-10 03:24:52.937457 DEBUG BF_PLTFM QSFP    10 : True
2025-04-10 03:24:52.938430 DEBUG BF_PLTFM QSFP    11 : RESETL = true
2025-04-10 03:24:52.938442 DEBUG BF_PLTFM QSFP    11 : True
2025-04-10 03:24:52.939478 DEBUG BF_PLTFM QSFP    12 : RESETL = true
2025-04-10 03:24:52.939513 DEBUG BF_PLTFM QSFP    12 : True
2025-04-10 03:24:52.940490 DEBUG BF_PLTFM QSFP    13 : RESETL = true
2025-04-10 03:24:52.940503 DEBUG BF_PLTFM QSFP    13 : True
2025-04-10 03:24:52.941467 DEBUG BF_PLTFM QSFP    14 : RESETL = true
2025-04-10 03:24:52.941482 DEBUG BF_PLTFM QSFP    14 : True
2025-04-10 03:24:52.942448 DEBUG BF_PLTFM QSFP    15 : RESETL = true
2025-04-10 03:24:52.942460 DEBUG BF_PLTFM QSFP    15 : True
2025-04-10 03:24:52.943429 DEBUG BF_PLTFM QSFP    16 : RESETL = true
2025-04-10 03:24:52.943444 DEBUG BF_PLTFM QSFP    16 : True
2025-04-10 03:24:52.944478 DEBUG BF_PLTFM QSFP    17 : RESETL = true
2025-04-10 03:24:52.944508 DEBUG BF_PLTFM QSFP    17 : True
2025-04-10 03:24:52.945493 DEBUG BF_PLTFM QSFP    18 : RESETL = true
2025-04-10 03:24:52.945508 DEBUG BF_PLTFM QSFP    18 : True
2025-04-10 03:24:52.946477 DEBUG BF_PLTFM QSFP    19 : RESETL = true
2025-04-10 03:24:52.946490 DEBUG BF_PLTFM QSFP    19 : True
2025-04-10 03:24:52.947452 DEBUG BF_PLTFM QSFP    20 : RESETL = true
2025-04-10 03:24:52.947466 DEBUG BF_PLTFM QSFP    20 : True
2025-04-10 03:24:52.948433 DEBUG BF_PLTFM QSFP    21 : RESETL = true
2025-04-10 03:24:52.948446 DEBUG BF_PLTFM QSFP    21 : True
2025-04-10 03:24:52.949471 DEBUG BF_PLTFM QSFP    22 : RESETL = true
2025-04-10 03:24:52.949511 DEBUG BF_PLTFM QSFP    22 : True
2025-04-10 03:24:52.950495 DEBUG BF_PLTFM QSFP    23 : RESETL = true
2025-04-10 03:24:52.950511 DEBUG BF_PLTFM QSFP    23 : True
2025-04-10 03:24:52.951481 DEBUG BF_PLTFM QSFP    24 : RESETL = true
2025-04-10 03:24:52.951496 DEBUG BF_PLTFM QSFP    24 : True
2025-04-10 03:24:52.952474 DEBUG BF_PLTFM QSFP    25 : RESETL = true
2025-04-10 03:24:52.952488 DEBUG BF_PLTFM QSFP    25 : True
2025-04-10 03:24:52.953457 DEBUG BF_PLTFM QSFP    26 : RESETL = true
2025-04-10 03:24:52.953473 DEBUG BF_PLTFM QSFP    26 : True
2025-04-10 03:24:52.954447 DEBUG BF_PLTFM QSFP    27 : RESETL = true
2025-04-10 03:24:52.954463 DEBUG BF_PLTFM QSFP    27 : True
2025-04-10 03:24:52.955455 DEBUG BF_PLTFM QSFP    28 : RESETL = true
2025-04-10 03:24:52.955471 DEBUG BF_PLTFM QSFP    28 : True
2025-04-10 03:24:52.956447 DEBUG BF_PLTFM QSFP    29 : RESETL = true
2025-04-10 03:24:52.956462 DEBUG BF_PLTFM QSFP    29 : True
2025-04-10 03:24:52.957433 DEBUG BF_PLTFM QSFP    30 : RESETL = true
2025-04-10 03:24:52.957448 DEBUG BF_PLTFM QSFP    30 : True
2025-04-10 03:24:52.958425 DEBUG BF_PLTFM QSFP    31 : RESETL = true
2025-04-10 03:24:52.958440 DEBUG BF_PLTFM QSFP    31 : True
2025-04-10 03:24:52.959469 DEBUG BF_PLTFM QSFP    32 : RESETL = true
2025-04-10 03:24:52.959508 DEBUG BF_PLTFM QSFP    32 : True
2025-04-10 03:24:52.960494 DEBUG BF_PLTFM QSFP    33 : RESETL = true
2025-04-10 03:24:52.960508 DEBUG BF_PLTFM QSFP    33 : True
2025-04-10 03:24:52.960520 DEBUG BF_PLTFM QSFP    34 : RESETL = true
2025-04-10 03:24:52.960530 DEBUG BF_PLTFM QSFP    34 : True
2025-04-10 03:24:52.961672 DEBUG BF_PLTFM QSFP: Assert LPMODE and De-assert RESETL on all QSFPs
2025-04-10 03:24:52.961709 DEBUG BF_PLTFM QSFP     1 : LPMODE = true
2025-04-10 03:24:52.962752 DEBUG BF_PLTFM QSFP     1 : RESETL = false
2025-04-10 03:24:52.962791 DEBUG BF_PLTFM QSFP     1 : False
2025-04-10 03:24:52.963838 DEBUG BF_PLTFM QSFP     2 : LPMODE = true
2025-04-10 03:24:52.964879 DEBUG BF_PLTFM QSFP     2 : RESETL = false
2025-04-10 03:24:52.964918 DEBUG BF_PLTFM QSFP     2 : False
2025-04-10 03:24:52.965942 DEBUG BF_PLTFM QSFP     3 : LPMODE = true
2025-04-10 03:24:52.967000 DEBUG BF_PLTFM QSFP     3 : RESETL = false
2025-04-10 03:24:52.967033 DEBUG BF_PLTFM QSFP     3 : False
2025-04-10 03:24:52.968081 DEBUG BF_PLTFM QSFP     4 : LPMODE = true
2025-04-10 03:24:52.969153 DEBUG BF_PLTFM QSFP     4 : RESETL = false
2025-04-10 03:24:52.969199 DEBUG BF_PLTFM QSFP     4 : False
2025-04-10 03:24:52.970226 DEBUG BF_PLTFM QSFP     5 : LPMODE = true
2025-04-10 03:24:52.971234 DEBUG BF_PLTFM QSFP     5 : RESETL = false
2025-04-10 03:24:52.971255 DEBUG BF_PLTFM QSFP     5 : False
2025-04-10 03:24:52.972289 DEBUG BF_PLTFM QSFP     6 : LPMODE = true
2025-04-10 03:24:52.973333 DEBUG BF_PLTFM QSFP     6 : RESETL = false
2025-04-10 03:24:52.973372 DEBUG BF_PLTFM QSFP     6 : False
2025-04-10 03:24:52.974414 DEBUG BF_PLTFM QSFP     7 : LPMODE = true
2025-04-10 03:24:52.975427 DEBUG BF_PLTFM QSFP     7 : RESETL = false
2025-04-10 03:24:52.975442 DEBUG BF_PLTFM QSFP     7 : False
2025-04-10 03:24:52.976419 DEBUG BF_PLTFM QSFP     8 : LPMODE = true
2025-04-10 03:24:52.977453 DEBUG BF_PLTFM QSFP     8 : RESETL = false
2025-04-10 03:24:52.977499 DEBUG BF_PLTFM QSFP     8 : False
2025-04-10 03:24:52.978477 DEBUG BF_PLTFM QSFP     9 : LPMODE = true
2025-04-10 03:24:52.979455 DEBUG BF_PLTFM QSFP     9 : RESETL = false
2025-04-10 03:24:52.979472 DEBUG BF_PLTFM QSFP     9 : False
2025-04-10 03:24:52.980452 DEBUG BF_PLTFM QSFP    10 : LPMODE = true
2025-04-10 03:24:52.981428 DEBUG BF_PLTFM QSFP    10 : RESETL = false
2025-04-10 03:24:52.981444 DEBUG BF_PLTFM QSFP    10 : False
2025-04-10 03:24:52.982460 DEBUG BF_PLTFM QSFP    11 : LPMODE = true
2025-04-10 03:24:52.983473 DEBUG BF_PLTFM QSFP    11 : RESETL = false
2025-04-10 03:24:52.983489 DEBUG BF_PLTFM QSFP    11 : False
2025-04-10 03:24:52.984465 DEBUG BF_PLTFM QSFP    12 : LPMODE = true
2025-04-10 03:24:52.985448 DEBUG BF_PLTFM QSFP    12 : RESETL = false
2025-04-10 03:24:52.985467 DEBUG BF_PLTFM QSFP    12 : False
2025-04-10 03:24:52.986438 DEBUG BF_PLTFM QSFP    13 : LPMODE = true
2025-04-10 03:24:52.987465 DEBUG BF_PLTFM QSFP    13 : RESETL = false
2025-04-10 03:24:52.987504 DEBUG BF_PLTFM QSFP    13 : False
2025-04-10 03:24:52.988488 DEBUG BF_PLTFM QSFP    14 : LPMODE = true
2025-04-10 03:24:52.989468 DEBUG BF_PLTFM QSFP    14 : RESETL = false
2025-04-10 03:24:52.989484 DEBUG BF_PLTFM QSFP    14 : False
2025-04-10 03:24:52.990461 DEBUG BF_PLTFM QSFP    15 : LPMODE = true
2025-04-10 03:24:52.991451 DEBUG BF_PLTFM QSFP    15 : RESETL = false
2025-04-10 03:24:52.991465 DEBUG BF_PLTFM QSFP    15 : False
2025-04-10 03:24:52.992428 DEBUG BF_PLTFM QSFP    16 : LPMODE = true
2025-04-10 03:24:52.993459 DEBUG BF_PLTFM QSFP    16 : RESETL = false
2025-04-10 03:24:52.993504 DEBUG BF_PLTFM QSFP    16 : False
2025-04-10 03:24:52.994482 DEBUG BF_PLTFM QSFP    17 : LPMODE = true
2025-04-10 03:24:52.995457 DEBUG BF_PLTFM QSFP    17 : RESETL = false
2025-04-10 03:24:52.995473 DEBUG BF_PLTFM QSFP    17 : False
2025-04-10 03:24:52.996448 DEBUG BF_PLTFM QSFP    18 : LPMODE = true
2025-04-10 03:24:52.997416 DEBUG BF_PLTFM QSFP    18 : RESETL = false
2025-04-10 03:24:52.997432 DEBUG BF_PLTFM QSFP    18 : False
2025-04-10 03:24:52.998463 DEBUG BF_PLTFM QSFP    19 : LPMODE = true
2025-04-10 03:24:52.999476 DEBUG BF_PLTFM QSFP    19 : RESETL = false
2025-04-10 03:24:52.999493 DEBUG BF_PLTFM QSFP    19 : False
2025-04-10 03:24:53.000469 DEBUG BF_PLTFM QSFP    20 : LPMODE = true
2025-04-10 03:24:53.001466 DEBUG BF_PLTFM QSFP    20 : RESETL = false
2025-04-10 03:24:53.001484 DEBUG BF_PLTFM QSFP    20 : False
2025-04-10 03:24:53.002456 DEBUG BF_PLTFM QSFP    21 : LPMODE = true
2025-04-10 03:24:53.003433 DEBUG BF_PLTFM QSFP    21 : RESETL = false
2025-04-10 03:24:53.003449 DEBUG BF_PLTFM QSFP    21 : False
2025-04-10 03:24:53.004464 DEBUG BF_PLTFM QSFP    22 : LPMODE = true
2025-04-10 03:24:53.005477 DEBUG BF_PLTFM QSFP    22 : RESETL = false
2025-04-10 03:24:53.005495 DEBUG BF_PLTFM QSFP    22 : False
2025-04-10 03:24:53.006475 DEBUG BF_PLTFM QSFP    23 : LPMODE = true
2025-04-10 03:24:53.007460 DEBUG BF_PLTFM QSFP    23 : RESETL = false
2025-04-10 03:24:53.007476 DEBUG BF_PLTFM QSFP    23 : False
2025-04-10 03:24:53.008449 DEBUG BF_PLTFM QSFP    24 : LPMODE = true
2025-04-10 03:24:53.009463 DEBUG BF_PLTFM QSFP    24 : RESETL = false
2025-04-10 03:24:53.009504 DEBUG BF_PLTFM QSFP    24 : False
2025-04-10 03:24:53.010487 DEBUG BF_PLTFM QSFP    25 : LPMODE = true
2025-04-10 03:24:53.011463 DEBUG BF_PLTFM QSFP    25 : RESETL = false
2025-04-10 03:24:53.011480 DEBUG BF_PLTFM QSFP    25 : False
2025-04-10 03:24:53.012453 DEBUG BF_PLTFM QSFP    26 : LPMODE = true
2025-04-10 03:24:53.013433 DEBUG BF_PLTFM QSFP    26 : RESETL = false
2025-04-10 03:24:53.013448 DEBUG BF_PLTFM QSFP    26 : False
2025-04-10 03:24:53.014418 DEBUG BF_PLTFM QSFP    27 : LPMODE = true
2025-04-10 03:24:53.015474 DEBUG BF_PLTFM QSFP    27 : RESETL = false
2025-04-10 03:24:53.015512 DEBUG BF_PLTFM QSFP    27 : False
2025-04-10 03:24:53.016498 DEBUG BF_PLTFM QSFP    28 : LPMODE = true
2025-04-10 03:24:53.017473 DEBUG BF_PLTFM QSFP    28 : RESETL = false
2025-04-10 03:24:53.017491 DEBUG BF_PLTFM QSFP    28 : False
2025-04-10 03:24:53.018455 DEBUG BF_PLTFM QSFP    29 : LPMODE = true
2025-04-10 03:24:53.019432 DEBUG BF_PLTFM QSFP    29 : RESETL = false
2025-04-10 03:24:53.019447 DEBUG BF_PLTFM QSFP    29 : False
2025-04-10 03:24:53.020464 DEBUG BF_PLTFM QSFP    30 : LPMODE = true
2025-04-10 03:24:53.021469 DEBUG BF_PLTFM QSFP    30 : RESETL = false
2025-04-10 03:24:53.021488 DEBUG BF_PLTFM QSFP    30 : False
2025-04-10 03:24:53.022459 DEBUG BF_PLTFM QSFP    31 : LPMODE = true
2025-04-10 03:24:53.023438 DEBUG BF_PLTFM QSFP    31 : RESETL = false
2025-04-10 03:24:53.023453 DEBUG BF_PLTFM QSFP    31 : False
2025-04-10 03:24:53.024427 DEBUG BF_PLTFM QSFP    32 : LPMODE = true
2025-04-10 03:24:53.025452 DEBUG BF_PLTFM QSFP    32 : RESETL = false
2025-04-10 03:24:53.025494 DEBUG BF_PLTFM QSFP    32 : False
2025-04-10 03:24:53.026473 DEBUG BF_PLTFM QSFP    33 : LPMODE = true
2025-04-10 03:24:53.026492 DEBUG BF_PLTFM QSFP    33 : RESETL = false
2025-04-10 03:24:53.026503 DEBUG BF_PLTFM QSFP    33 : False
2025-04-10 03:24:53.026517 DEBUG BF_PLTFM QSFP    34 : LPMODE = true
2025-04-10 03:24:53.026528 DEBUG BF_PLTFM QSFP    34 : RESETL = false
2025-04-10 03:24:53.026538 DEBUG BF_PLTFM QSFP    34 : False
2025-04-10 03:24:53.026549 DEBUG BF_PLTFM QSFP: Wait 2 sec (t_reset) for QSFPs to initialize..
2025-04-10 03:24:55.027178 DEBUG BF_DVM BF-SDE vesion: 9.7.0
2025-04-10 03:24:55.036043 INFO  BF_TM TM: Registered for device and port discovery
2025-04-10 03:24:55.055025 INFO  BF_DVM bf_pktmgr_device_add dev id 0, is_sw_model 0
2025-04-10 03:24:55.055246 DEBUG BF_LLD  Efuse settings:
2025-04-10 03:24:55.055264 DEBUG BF_LLD                0 : resubmit_disable
2025-04-10 03:24:55.055271 DEBUG BF_LLD                0 : mau_tcam_reduction
2025-04-10 03:24:55.055276 DEBUG BF_LLD                0 : mau_sram_reduction
2025-04-10 03:24:55.055281 DEBUG BF_LLD                0 : packet_generator_disable
2025-04-10 03:24:55.055287 DEBUG BF_LLD                6 : pipe_disable
2025-04-10 03:24:55.055294 DEBUG BF_LLD                0 : mau_stage_disable
2025-04-10 03:24:55.055299 DEBUG BF_LLD 0000000000000000 : port_disable (hi)
2025-04-10 03:24:55.055303 DEBUG BF_LLD 5555555555555555 : port_disable (lo)
2025-04-10 03:24:55.055308 DEBUG BF_LLD 0000000600000000 : tm_memory_disable
2025-04-10 03:24:55.055315 DEBUG BF_LLD                0 : port_speed_reduction
2025-04-10 03:24:55.055322 DEBUG BF_LLD                0 : cpu_port_speed_reduction
2025-04-10 03:24:55.055327 DEBUG BF_LLD                0 : pcie_lane_reduction
2025-04-10 03:24:55.055332 DEBUG BF_LLD                0 : baresync_disable
2025-04-10 03:24:55.055338 DEBUG BF_LLD                0 : frequency_reduction
2025-04-10 03:24:55.055342 DEBUG BF_LLD                0 : frequency_check_disable
2025-04-10 03:24:55.055348 DEBUG BF_LLD                0 : versioning
2025-04-10 03:24:55.055353 DEBUG BF_LLD                8 : chip_part_number
2025-04-10 03:24:55.055358 DEBUG BF_LLD                1 : part_revision_number
2025-04-10 03:24:55.055363 DEBUG BF_LLD                0 : package_id
2025-04-10 03:24:55.055368 DEBUG BF_LLD 60700e7366b67485 : chip_id
2025-04-10 03:24:55.055373 DEBUG BF_LLD              982 : pmro_and_skew
2025-04-10 03:24:55.055378 DEBUG BF_LLD                5 : voltage_scaling
2025-04-10 03:24:55.055385 DEBUG BF_LLD Wafer-id: PKMV69-W24-X7-Y3
2025-04-10 03:24:55.055392 DEBUG BF_LLD dev0 : SPI idcode: 20180202 (rc=0)
2025-04-10 03:24:55.055402 DEBUG BF_LLD TCU: 0 : Memory repair already done <bfdddddd>
2025-04-10 03:24:55.055711 DEBUG BF_LLD EFUSE: Set core clk to 1.22GHz, dev=0, PLL ctrl0 value=0xcd44cbfe
2025-04-10 03:24:55.169062 DEBUG BF_LLD Core PLL has not locked even after 100 ms; PLL Lock chip 0 dbg_rst 1dc
2025-04-10 03:24:55.169133 DEBUG BF_LLD [Unreset] Done after 1 polls
2025-04-10 03:24:55.183233 INFO  BF_DVM bf_device_add dev id 0, is_sw_model 0
2025-04-10 03:24:55.183261 DEBUG BF_PORT port_mgr_dev_add:61:0:0(warm_init_mode)
2025-04-10 03:24:55.183274 DEBUG BF_PORT port_mgr_tof1_dev_add:80:0
2025-04-10 03:24:55.183288 INFO  BF_PORT set chip part revision number, dev 0, part rev 1
2025-04-10 03:24:55.183324 DEBUG BF_PORT 0:-:-: sbus master fw: 101d_2001
2025-04-10 03:24:55.183329 DEBUG BF_PORT 0:-:-: PCIe serdes fw: 1066_2147
2025-04-10 03:24:55.183333 DEBUG BF_PORT 0:-:-:      serdes fw: 1091_244d
2025-04-10 03:24:55.183346 INFO  BF_PORT port_mgr_mac_block_init: core clock speed in ns = 0.819672
2025-04-10 03:24:55.185839 DEBUG BF_PORT SDS: SBMs disabled. No FW upload
2025-04-10 03:24:55.185947 DEBUG BF_PORT SDS: SBus CLK divider set to 5 (x32 mode)
2025-04-10 03:24:55.185955 DEBUG BF_PORT SDS: 0:0:3: Set ignore bcast
2025-04-10 03:24:55.185962 DEBUG BF_PORT 0:0:3 : PCIe access : addr=3h : reg=fdh : cmd=Read
2025-04-10 03:24:55.186023 DEBUG BF_PORT 0:0:3 : PCIe access : addr=3h : reg=fdh : cmd=write
2025-04-10 03:24:55.186078 DEBUG BF_PORT SDS: 0:0:5: Set ignore bcast
2025-04-10 03:24:55.186083 DEBUG BF_PORT 0:0:5 : PCIe access : addr=5h : reg=fdh : cmd=Read
2025-04-10 03:24:55.186142 DEBUG BF_PORT 0:0:5 : PCIe access : addr=5h : reg=fdh : cmd=write
2025-04-10 03:24:55.186200 DEBUG BF_PORT SDS: 0:0:7: Set ignore bcast
2025-04-10 03:24:55.186204 DEBUG BF_PORT 0:0:7 : PCIe access : addr=7h : reg=fdh : cmd=Read
2025-04-10 03:24:55.186263 DEBUG BF_PORT 0:0:7 : PCIe access : addr=7h : reg=fdh : cmd=write
2025-04-10 03:24:55.186318 DEBUG BF_PORT SDS: 0:0:9: Set ignore bcast
2025-04-10 03:24:55.186325 DEBUG BF_PORT 0:0:9 : PCIe access : addr=9h : reg=fdh : cmd=Read
2025-04-10 03:24:55.186384 DEBUG BF_PORT 0:0:9 : PCIe access : addr=9h : reg=fdh : cmd=write
2025-04-10 03:24:55.193317 DEBUG BF_PORT SDS: 0:0:255: FW load: broadcast
2025-04-10 03:24:55.193332 DEBUG BF_PORT SDS:         : FW path: /root/bf-sde-9.7.0/install/share/tofino_sds_fw/avago/firmware/serdes.0x1091_244D.rom
2025-04-10 03:24:55.193337 DEBUG BF_PORT SDS:         : FW ver : 1091
2025-04-10 03:24:55.194846 DEBUG BF_PORT 0:0:1 : PCIe access : addr=1h : reg=ffh : cmd=Read
2025-04-10 03:24:55.194909 DEBUG BF_PORT 0:0:2 : PCIe access : addr=2h : reg=ffh : cmd=Read
2025-04-10 03:24:55.194967 DEBUG BF_PORT 0:0:3 : PCIe access : addr=3h : reg=ffh : cmd=Read
2025-04-10 03:24:55.195030 DEBUG BF_PORT 0:0:3 : Errant PCIe access : addr=3h : reg=0h : cmd=Read
2025-04-10 03:24:55.195036 DEBUG BF_PORT 0:0:3 : Errant PCIe access : addr=3h : reg=1h : cmd=write
2025-04-10 03:24:55.195041 DEBUG BF_PORT 0:0:3 : PCIe access : addr=3h : reg=fdh : cmd=Read
2025-04-10 03:24:55.195103 DEBUG BF_PORT 0:0:4 : PCIe access : addr=4h : reg=ffh : cmd=Read
2025-04-10 03:24:55.195175 DEBUG BF_PORT 0:0:5 : PCIe access : addr=5h : reg=ffh : cmd=Read
2025-04-10 03:24:55.195234 DEBUG BF_PORT 0:0:5 : Errant PCIe access : addr=5h : reg=0h : cmd=Read
2025-04-10 03:24:55.195239 DEBUG BF_PORT 0:0:5 : Errant PCIe access : addr=5h : reg=1h : cmd=write
2025-04-10 03:24:55.195244 DEBUG BF_PORT 0:0:5 : PCIe access : addr=5h : reg=fdh : cmd=Read
2025-04-10 03:24:55.195305 DEBUG BF_PORT 0:0:6 : PCIe access : addr=6h : reg=ffh : cmd=Read
2025-04-10 03:24:55.195363 DEBUG BF_PORT 0:0:7 : PCIe access : addr=7h : reg=ffh : cmd=Read
2025-04-10 03:24:55.195422 DEBUG BF_PORT 0:0:7 : Errant PCIe access : addr=7h : reg=0h : cmd=Read
2025-04-10 03:24:55.195427 DEBUG BF_PORT 0:0:7 : Errant PCIe access : addr=7h : reg=1h : cmd=write
2025-04-10 03:24:55.195434 DEBUG BF_PORT 0:0:7 : PCIe access : addr=7h : reg=fdh : cmd=Read
2025-04-10 03:24:55.195494 DEBUG BF_PORT 0:0:8 : PCIe access : addr=8h : reg=ffh : cmd=Read
2025-04-10 03:24:55.195552 DEBUG BF_PORT 0:0:9 : PCIe access : addr=9h : reg=ffh : cmd=Read
2025-04-10 03:24:55.195611 DEBUG BF_PORT 0:0:9 : Errant PCIe access : addr=9h : reg=0h : cmd=Read
2025-04-10 03:24:55.195618 DEBUG BF_PORT 0:0:9 : Errant PCIe access : addr=9h : reg=1h : cmd=write
2025-04-10 03:24:55.195623 DEBUG BF_PORT 0:0:9 : PCIe access : addr=9h : reg=fdh : cmd=Read
2025-04-10 03:24:55.195682 DEBUG BF_PORT 0:0:10 : PCIe access : addr=ah : reg=ffh : cmd=Read
2025-04-10 03:24:55.692727 DEBUG BF_PORT 0:0:3 : PCIe access : addr=3h : reg=fdh : cmd=Read
2025-04-10 03:24:55.692792 DEBUG BF_PORT 0:0:5 : PCIe access : addr=5h : reg=fdh : cmd=Read
2025-04-10 03:24:55.692851 DEBUG BF_PORT 0:0:7 : PCIe access : addr=7h : reg=fdh : cmd=Read
2025-04-10 03:24:55.692909 DEBUG BF_PORT 0:0:9 : PCIe access : addr=9h : reg=fdh : cmd=Read
2025-04-10 03:24:56.191723 DEBUG BF_PORT SDS: 0:1:255: FW load: broadcast
2025-04-10 03:24:56.191743 DEBUG BF_PORT SDS:         : FW path: /root/bf-sde-9.7.0/install/share/tofino_sds_fw/avago/firmware/serdes.0x1091_244D.rom
2025-04-10 03:24:56.191746 DEBUG BF_PORT SDS:         : FW ver : 1091
2025-04-10 03:24:59.045197 INFO  BF_TM New device discovered... start TM init
2025-04-10 03:24:59.045235 INFO  BF_TM bf_tm_tofino_cfg: Tofino SKU is 2
2025-04-10 03:24:59.045241 INFO  BF_TM bf_tm_tofino_cfg: Tofino TM total cells - 266240
2025-04-10 03:24:59.045261 INFO  BF_TM PPG Structures initialized
2025-04-10 03:24:59.045388 INFO  BF_TM TM on device 0 is ready for hw configurations
2025-04-10 03:24:59.045395 INFO  BF_TM TM: set clock speed to 1220000000 for dev 0
2025-04-10 03:24:59.045400 INFO  BF_TM TM: set chip part revision number, dev 0, part rev 1
2025-04-10 03:24:59.045404 INFO  BF_TM TM: Configuring Tofino TM with default setting
2025-04-10 03:24:59.045409 INFO  BF_TM TM: Cells for 2 pkts - 40
2025-04-10 03:24:59.045412 INFO  BF_TM TM: Ingress Default PPG GMin limit - 40
2025-04-10 03:24:59.045416 INFO  BF_TM TM: Ingress PPG base limit in pool0 - 305
2025-04-10 03:24:59.045420 INFO  BF_TM TM: Ingress PPG GMin pool size - 11680
2025-04-10 03:24:59.045423 INFO  BF_TM TM: Ingress AP pool0 size - 89260
2025-04-10 03:24:59.045426 INFO  BF_TM TM: Ingress Skid pool size - 0
2025-04-10 03:24:59.045430 INFO  BF_TM TM: Ingress Mirror pool size - 1460
2025-04-10 03:24:59.045441 INFO  BF_TM TM: Egress Q GMin limit - 20
2025-04-10 03:24:59.045445 INFO  BF_TM TM: Egress Q base limit in AP pool0 - 13
2025-04-10 03:24:59.045448 INFO  BF_TM TM: Egress Q GMin pool size - 46080
2025-04-10 03:24:59.045452 INFO  BF_TM TM: Egress AP pool0 size - 30284
2025-04-10 03:24:59.045456 INFO  BF_TM TM: Egress AP pool3 size reserved for MC PRE FIFO - 12288
2025-04-10 03:24:59.045459 INFO  BF_TM TM: Egress Mirror pool size - 1460
2025-04-10 03:24:59.045463 INFO  BF_TM TM: Egress UC CT size  - 4096
2025-04-10 03:24:59.045466 INFO  BF_TM TM: Egress MC CT size  - 8192
2025-04-10 03:24:59.045476 INFO  BF_TM CAA block Ready Status = 0x3ffffff
2025-04-10 03:24:59.045480 INFO  BF_TM CAA block Ready
2025-04-10 03:24:59.045485 INFO  BF_TM CLC.CLM block Ready Status = 0xfffffff
2025-04-10 03:24:59.045489 INFO  BF_TM CLC.CLM block Ready
2025-04-10 03:24:59.045494 INFO  BF_TM QLC block[0] Ready Status = 0xffffffff
2025-04-10 03:24:59.045498 INFO  BF_TM QLC block[1] Ready Status = 0xf
2025-04-10 03:24:59.045501 INFO  BF_TM QLC block Ready
2025-04-10 03:24:59.045507 INFO  BF_TM PSC block Ready Status = 0xffffffff
2025-04-10 03:24:59.045510 INFO  BF_TM PSC block Ready
2025-04-10 03:24:59.045517 INFO  BF_TM Wac Mem init Done Status = 0x1
2025-04-10 03:24:59.045521 INFO  BF_TM Wac Mem init Complete 
2025-04-10 03:24:59.045526 INFO  BF_TM Qac Mem init Done Status = 0x1
2025-04-10 03:24:59.045529 INFO  BF_TM Qac Mem init Complete 
2025-04-10 03:24:59.045532 INFO  BF_TM SCH Mem init Complete 
2025-04-10 03:24:59.045537 INFO  BF_TM PRC Map Mem init done status = 0x1
2025-04-10 03:24:59.045541 INFO  BF_TM PRC Map Mem init Complete 
2025-04-10 03:24:59.045571 INFO  BF_TM TM: bf_tm_tofino_set_default_for_ig_pool: Set default values for Ingress Pools
2025-04-10 03:24:59.045593 WARN  BF_TM Traffic Manager buffer pool 0 pfc limit is higher or equal to pool size. PFC might not trigger based on pool usage
2025-04-10 03:24:59.045598 WARN  BF_TM Traffic Manager buffer pool 0 pfc limit is higher or equal to pool size. PFC might not trigger based on pool usage
2025-04-10 03:24:59.045602 WARN  BF_TM Traffic Manager buffer pool 0 pfc limit is higher or equal to pool size. PFC might not trigger based on pool usage
2025-04-10 03:24:59.045605 WARN  BF_TM Traffic Manager buffer pool 0 pfc limit is higher or equal to pool size. PFC might not trigger based on pool usage
2025-04-10 03:24:59.045609 WARN  BF_TM Traffic Manager buffer pool 0 pfc limit is higher or equal to pool size. PFC might not trigger based on pool usage
2025-04-10 03:24:59.045612 WARN  BF_TM Traffic Manager buffer pool 0 pfc limit is higher or equal to pool size. PFC might not trigger based on pool usage
2025-04-10 03:24:59.045616 WARN  BF_TM Traffic Manager buffer pool 0 pfc limit is higher or equal to pool size. PFC might not trigger based on pool usage
2025-04-10 03:24:59.045619 WARN  BF_TM Traffic Manager buffer pool 0 pfc limit is higher or equal to pool size. PFC might not trigger based on pool usage
2025-04-10 03:24:59.045629 INFO  BF_TM TM: bf_tm_tofino_set_default_for_ppg: Set default values for PPGs
2025-04-10 03:24:59.045977 INFO  BF_TM TM: bf_tm_tofino_set_egress_tm_default: Set default values for egress TM
2025-04-10 03:24:59.045989 INFO  BF_TM TM: bf_tm_tofino_set_default_for_eg_pool: Set default values for egress Pools
2025-04-10 03:24:59.045997 INFO  BF_TM TM: bf_tm_tofino_set_default_for_q: Set default values for egress queues
2025-04-10 03:24:59.048305 INFO  BF_TM TM: bf_tm_tofino_set_default_for_port: Set default values for egress ports
2025-04-10 03:24:59.048432 INFO  BF_TM TM on device 0 start interrupt processing
2025-04-10 03:24:59.048437 INFO  BF_TM TM: device 0, device type set to ASIC
2025-04-10 03:24:59.048638 DEBUG BF_TM TM: tm_start_cached_counters_timer:719 counter TIMER_START running dev 0 timer state 1
2025-04-10 03:24:59.048647 INFO  BF_TM TM on device 0 successfully initialized and configured
2025-04-10 03:24:59.048686 DEBUG BF_PM pm_pltfm_port_info_get:869 dev : 0 : port : 1/0 (d_p=128) added to bf_pm_port_map_db
2025-04-10 03:24:59.048696 DEBUG BF_PM pm_pltfm_port_info_get:882 pltfm_interface.pltfm_front_panel_port_get_next: 1/0
2025-04-10 03:24:59.048713 DEBUG BF_PM pm_pltfm_port_info_get:956 dev : 0 : port : 1/0 (d_p=129) added to bf_pm_port_map_db
2025-04-10 03:24:59.048717 DEBUG BF_PM pm_pltfm_port_info_get:882 pltfm_interface.pltfm_front_panel_port_get_next: 1/1
2025-04-10 03:24:59.048729 DEBUG BF_PM pm_pltfm_port_info_get:956 dev : 0 : port : 1/2 (d_p=130) added to bf_pm_port_map_db
2025-04-10 03:24:59.048734 DEBUG BF_PM pm_pltfm_port_info_get:882 pltfm_interface.pltfm_front_panel_port_get_next: 1/2
2025-04-10 03:24:59.048744 DEBUG BF_PM pm_pltfm_port_info_get:956 dev : 0 : port : 1/3 (d_p=131) added to bf_pm_port_map_db
2025-04-10 03:24:59.048748 DEBUG BF_PM pm_pltfm_port_info_get:882 pltfm_interface.pltfm_front_panel_port_get_next: 1/3
2025-04-10 03:24:59.048761 DEBUG BF_PM pm_pltfm_port_info_get:956 dev : 0 : port : 2/0 (d_p=136) added to bf_pm_port_map_db
2025-04-10 03:24:59.048765 DEBUG BF_PM pm_pltfm_port_info_get:882 pltfm_interface.pltfm_front_panel_port_get_next: 2/0
2025-04-10 03:24:59.048779 DEBUG BF_PM pm_pltfm_port_info_get:956 dev : 0 : port : 2/1 (d_p=137) added to bf_pm_port_map_db
2025-04-10 03:24:59.048783 DEBUG BF_PM pm_pltfm_port_info_get:882 pltfm_interface.pltfm_front_panel_port_get_next: 2/1
2025-04-10 03:24:59.048793 DEBUG BF_PM pm_pltfm_port_info_get:956 dev : 0 : port : 2/2 (d_p=138) added to bf_pm_port_map_db
2025-04-10 03:24:59.048798 DEBUG BF_PM pm_pltfm_port_info_get:882 pltfm_interface.pltfm_front_panel_port_get_next: 2/2
2025-04-10 03:24:59.048809 DEBUG BF_PM pm_pltfm_port_info_get:956 dev : 0 : port : 2/3 (d_p=139) added to bf_pm_port_map_db
2025-04-10 03:24:59.048813 DEBUG BF_PM pm_pltfm_port_info_get:882 pltfm_interface.pltfm_front_panel_port_get_next: 2/3
2025-04-10 03:24:59.048823 DEBUG BF_PM pm_pltfm_port_info_get:956 dev : 0 : port : 3/0 (d_p=144) added to bf_pm_port_map_db
2025-04-10 03:24:59.048828 DEBUG BF_PM pm_pltfm_port_info_get:882 pltfm_interface.pltfm_front_panel_port_get_next: 3/0
2025-04-10 03:24:59.048838 DEBUG BF_PM pm_pltfm_port_info_get:956 dev : 0 : port : 3/1 (d_p=145) added to bf_pm_port_map_db
2025-04-10 03:24:59.048842 DEBUG BF_PM pm_pltfm_port_info_get:882 pltfm_interface.pltfm_front_panel_port_get_next: 3/1
2025-04-10 03:24:59.048852 DEBUG BF_PM pm_pltfm_port_info_get:956 dev : 0 : port : 3/2 (d_p=146) added to bf_pm_port_map_db
2025-04-10 03:24:59.048857 DEBUG BF_PM pm_pltfm_port_info_get:882 pltfm_interface.pltfm_front_panel_port_get_next: 3/2
2025-04-10 03:24:59.048868 DEBUG BF_PM pm_pltfm_port_info_get:956 dev : 0 : port : 3/3 (d_p=147) added to bf_pm_port_map_db
2025-04-10 03:24:59.048872 DEBUG BF_PM pm_pltfm_port_info_get:882 pltfm_interface.pltfm_front_panel_port_get_next: 3/3
2025-04-10 03:24:59.048883 DEBUG BF_PM pm_pltfm_port_info_get:956 dev : 0 : port : 4/0 (d_p=152) added to bf_pm_port_map_db
2025-04-10 03:24:59.048887 DEBUG BF_PM pm_pltfm_port_info_get:882 pltfm_interface.pltfm_front_panel_port_get_next: 4/0
2025-04-10 03:24:59.048898 DEBUG BF_PM pm_pltfm_port_info_get:956 dev : 0 : port : 4/1 (d_p=153) added to bf_pm_port_map_db
2025-04-10 03:24:59.048902 DEBUG BF_PM pm_pltfm_port_info_get:882 pltfm_interface.pltfm_front_panel_port_get_next: 4/1
2025-04-10 03:24:59.048912 DEBUG BF_PM pm_pltfm_port_info_get:956 dev : 0 : port : 4/2 (d_p=154) added to bf_pm_port_map_db
2025-04-10 03:24:59.048917 DEBUG BF_PM pm_pltfm_port_info_get:882 pltfm_interface.pltfm_front_panel_port_get_next: 4/2
2025-04-10 03:24:59.048928 DEBUG BF_PM pm_pltfm_port_info_get:956 dev : 0 : port : 4/3 (d_p=155) added to bf_pm_port_map_db
2025-04-10 03:24:59.048932 DEBUG BF_PM pm_pltfm_port_info_get:882 pltfm_interface.pltfm_front_panel_port_get_next: 4/3
2025-04-10 03:24:59.048943 DEBUG BF_PM pm_pltfm_port_info_get:956 dev : 0 : port : 5/0 (d_p=160) added to bf_pm_port_map_db
2025-04-10 03:24:59.048947 DEBUG BF_PM pm_pltfm_port_info_get:882 pltfm_interface.pltfm_front_panel_port_get_next: 5/0
2025-04-10 03:24:59.048958 DEBUG BF_PM pm_pltfm_port_info_get:956 dev : 0 : port : 5/1 (d_p=161) added to bf_pm_port_map_db
2025-04-10 03:24:59.048964 DEBUG BF_PM pm_pltfm_port_info_get:882 pltfm_interface.pltfm_front_panel_port_get_next: 5/1
2025-04-10 03:24:59.048975 DEBUG BF_PM pm_pltfm_port_info_get:956 dev : 0 : port : 5/2 (d_p=162) added to bf_pm_port_map_db
2025-04-10 03:24:59.048979 DEBUG BF_PM pm_pltfm_port_info_get:882 pltfm_interface.pltfm_front_panel_port_get_next: 5/2
2025-04-10 03:24:59.048989 DEBUG BF_PM pm_pltfm_port_info_get:956 dev : 0 : port : 5/3 (d_p=163) added to bf_pm_port_map_db
2025-04-10 03:24:59.048993 DEBUG BF_PM pm_pltfm_port_info_get:882 pltfm_interface.pltfm_front_panel_port_get_next: 5/3
2025-04-10 03:24:59.049004 DEBUG BF_PM pm_pltfm_port_info_get:956 dev : 0 : port : 6/0 (d_p=168) added to bf_pm_port_map_db
2025-04-10 03:24:59.049008 DEBUG BF_PM pm_pltfm_port_info_get:882 pltfm_interface.pltfm_front_panel_port_get_next: 6/0
2025-04-10 03:24:59.049022 DEBUG BF_PM pm_pltfm_port_info_get:956 dev : 0 : port : 6/1 (d_p=169) added to bf_pm_port_map_db
2025-04-10 03:24:59.049025 DEBUG BF_PM pm_pltfm_port_info_get:882 pltfm_interface.pltfm_front_panel_port_get_next: 6/1
2025-04-10 03:24:59.049037 DEBUG BF_PM pm_pltfm_port_info_get:956 dev : 0 : port : 6/2 (d_p=170) added to bf_pm_port_map_db
2025-04-10 03:24:59.049041 DEBUG BF_PM pm_pltfm_port_info_get:882 pltfm_interface.pltfm_front_panel_port_get_next: 6/2
2025-04-10 03:24:59.049052 DEBUG BF_PM pm_pltfm_port_info_get:956 dev : 0 : port : 6/3 (d_p=171) added to bf_pm_port_map_db
2025-04-10 03:24:59.049056 DEBUG BF_PM pm_pltfm_port_info_get:882 pltfm_interface.pltfm_front_panel_port_get_next: 6/3
2025-04-10 03:24:59.049066 DEBUG BF_PM pm_pltfm_port_info_get:956 dev : 0 : port : 7/0 (d_p=176) added to bf_pm_port_map_db
2025-04-10 03:24:59.049071 DEBUG BF_PM pm_pltfm_port_info_get:882 pltfm_interface.pltfm_front_panel_port_get_next: 7/0
2025-04-10 03:24:59.049081 DEBUG BF_PM pm_pltfm_port_info_get:956 dev : 0 : port : 7/1 (d_p=177) added to bf_pm_port_map_db
2025-04-10 03:24:59.049085 DEBUG BF_PM pm_pltfm_port_info_get:882 pltfm_interface.pltfm_front_panel_port_get_next: 7/1
2025-04-10 03:24:59.049096 DEBUG BF_PM pm_pltfm_port_info_get:956 dev : 0 : port : 7/2 (d_p=178) added to bf_pm_port_map_db
2025-04-10 03:24:59.049105 DEBUG BF_PM pm_pltfm_port_info_get:882 pltfm_interface.pltfm_front_panel_port_get_next: 7/2
2025-04-10 03:24:59.049116 DEBUG BF_PM pm_pltfm_port_info_get:956 dev : 0 : port : 7/3 (d_p=179) added to bf_pm_port_map_db
2025-04-10 03:24:59.049120 DEBUG BF_PM pm_pltfm_port_info_get:882 pltfm_interface.pltfm_front_panel_port_get_next: 7/3
2025-04-10 03:24:59.049130 DEBUG BF_PM pm_pltfm_port_info_get:956 dev : 0 : port : 8/0 (d_p=184) added to bf_pm_port_map_db
2025-04-10 03:24:59.049135 DEBUG BF_PM pm_pltfm_port_info_get:882 pltfm_interface.pltfm_front_panel_port_get_next: 8/0
2025-04-10 03:24:59.049145 DEBUG BF_PM pm_pltfm_port_info_get:956 dev : 0 : port : 8/1 (d_p=185) added to bf_pm_port_map_db
2025-04-10 03:24:59.049149 DEBUG BF_PM pm_pltfm_port_info_get:882 pltfm_interface.pltfm_front_panel_port_get_next: 8/1
2025-04-10 03:24:59.049160 DEBUG BF_PM pm_pltfm_port_info_get:956 dev : 0 : port : 8/2 (d_p=186) added to bf_pm_port_map_db
2025-04-10 03:24:59.049165 DEBUG BF_PM pm_pltfm_port_info_get:882 pltfm_interface.pltfm_front_panel_port_get_next: 8/2
2025-04-10 03:24:59.049186 DEBUG BF_PM pm_pltfm_port_info_get:956 dev : 0 : port : 8/3 (d_p=187) added to bf_pm_port_map_db
2025-04-10 03:24:59.049190 DEBUG BF_PM pm_pltfm_port_info_get:882 pltfm_interface.pltfm_front_panel_port_get_next: 8/3
2025-04-10 03:24:59.049202 DEBUG BF_PM pm_pltfm_port_info_get:956 dev : 0 : port : 9/0 (d_p=60) added to bf_pm_port_map_db
2025-04-10 03:24:59.049206 DEBUG BF_PM pm_pltfm_port_info_get:882 pltfm_interface.pltfm_front_panel_port_get_next: 9/0
2025-04-10 03:24:59.049217 DEBUG BF_PM pm_pltfm_port_info_get:956 dev : 0 : port : 9/1 (d_p=61) added to bf_pm_port_map_db
2025-04-10 03:24:59.049221 DEBUG BF_PM pm_pltfm_port_info_get:882 pltfm_interface.pltfm_front_panel_port_get_next: 9/1
2025-04-10 03:24:59.049235 DEBUG BF_PM pm_pltfm_port_info_get:956 dev : 0 : port : 9/2 (d_p=62) added to bf_pm_port_map_db
2025-04-10 03:24:59.049242 DEBUG BF_PM pm_pltfm_port_info_get:882 pltfm_interface.pltfm_front_panel_port_get_next: 9/2
2025-04-10 03:24:59.049252 DEBUG BF_PM pm_pltfm_port_info_get:956 dev : 0 : port : 9/3 (d_p=63) added to bf_pm_port_map_db
2025-04-10 03:24:59.049256 DEBUG BF_PM pm_pltfm_port_info_get:882 pltfm_interface.pltfm_front_panel_port_get_next: 9/3
2025-04-10 03:24:59.049273 DEBUG BF_PM pm_pltfm_port_info_get:956 dev : 0 : port : 10/0 (d_p=52) added to bf_pm_port_map_db
2025-04-10 03:24:59.049278 DEBUG BF_PM pm_pltfm_port_info_get:882 pltfm_interface.pltfm_front_panel_port_get_next: 10/0
2025-04-10 03:24:59.049289 DEBUG BF_PM pm_pltfm_port_info_get:956 dev : 0 : port : 10/1 (d_p=53) added to bf_pm_port_map_db
2025-04-10 03:24:59.049293 DEBUG BF_PM pm_pltfm_port_info_get:882 pltfm_interface.pltfm_front_panel_port_get_next: 10/1
2025-04-10 03:24:59.049304 DEBUG BF_PM pm_pltfm_port_info_get:956 dev : 0 : port : 10/2 (d_p=54) added to bf_pm_port_map_db
2025-04-10 03:24:59.049309 DEBUG BF_PM pm_pltfm_port_info_get:882 pltfm_interface.pltfm_front_panel_port_get_next: 10/2
2025-04-10 03:24:59.049322 DEBUG BF_PM pm_pltfm_port_info_get:956 dev : 0 : port : 10/3 (d_p=55) added to bf_pm_port_map_db
2025-04-10 03:24:59.049326 DEBUG BF_PM pm_pltfm_port_info_get:882 pltfm_interface.pltfm_front_panel_port_get_next: 10/3
2025-04-10 03:24:59.049337 DEBUG BF_PM pm_pltfm_port_info_get:956 dev : 0 : port : 11/0 (d_p=44) added to bf_pm_port_map_db
2025-04-10 03:24:59.049341 DEBUG BF_PM pm_pltfm_port_info_get:882 pltfm_interface.pltfm_front_panel_port_get_next: 11/0
2025-04-10 03:24:59.049353 DEBUG BF_PM pm_pltfm_port_info_get:956 dev : 0 : port : 11/1 (d_p=45) added to bf_pm_port_map_db
2025-04-10 03:24:59.049357 DEBUG BF_PM pm_pltfm_port_info_get:882 pltfm_interface.pltfm_front_panel_port_get_next: 11/1
2025-04-10 03:24:59.049371 DEBUG BF_PM pm_pltfm_port_info_get:956 dev : 0 : port : 11/2 (d_p=46) added to bf_pm_port_map_db
2025-04-10 03:24:59.049376 DEBUG BF_PM pm_pltfm_port_info_get:882 pltfm_interface.pltfm_front_panel_port_get_next: 11/2
2025-04-10 03:24:59.049387 DEBUG BF_PM pm_pltfm_port_info_get:956 dev : 0 : port : 11/3 (d_p=47) added to bf_pm_port_map_db
2025-04-10 03:24:59.049390 DEBUG BF_PM pm_pltfm_port_info_get:882 pltfm_interface.pltfm_front_panel_port_get_next: 11/3
2025-04-10 03:24:59.049401 DEBUG BF_PM pm_pltfm_port_info_get:956 dev : 0 : port : 12/0 (d_p=36) added to bf_pm_port_map_db
2025-04-10 03:24:59.049406 DEBUG BF_PM pm_pltfm_port_info_get:882 pltfm_interface.pltfm_front_panel_port_get_next: 12/0
2025-04-10 03:24:59.049417 DEBUG BF_PM pm_pltfm_port_info_get:956 dev : 0 : port : 12/1 (d_p=37) added to bf_pm_port_map_db
2025-04-10 03:24:59.049421 DEBUG BF_PM pm_pltfm_port_info_get:882 pltfm_interface.pltfm_front_panel_port_get_next: 12/1
2025-04-10 03:24:59.049434 DEBUG BF_PM pm_pltfm_port_info_get:956 dev : 0 : port : 12/2 (d_p=38) added to bf_pm_port_map_db
2025-04-10 03:24:59.049439 DEBUG BF_PM pm_pltfm_port_info_get:882 pltfm_interface.pltfm_front_panel_port_get_next: 12/2
2025-04-10 03:24:59.049450 DEBUG BF_PM pm_pltfm_port_info_get:956 dev : 0 : port : 12/3 (d_p=39) added to bf_pm_port_map_db
2025-04-10 03:24:59.049454 DEBUG BF_PM pm_pltfm_port_info_get:882 pltfm_interface.pltfm_front_panel_port_get_next: 12/3
2025-04-10 03:24:59.049464 DEBUG BF_PM pm_pltfm_port_info_get:956 dev : 0 : port : 13/0 (d_p=28) added to bf_pm_port_map_db
2025-04-10 03:24:59.049469 DEBUG BF_PM pm_pltfm_port_info_get:882 pltfm_interface.pltfm_front_panel_port_get_next: 13/0
2025-04-10 03:24:59.049480 DEBUG BF_PM pm_pltfm_port_info_get:956 dev : 0 : port : 13/1 (d_p=29) added to bf_pm_port_map_db
2025-04-10 03:24:59.049484 DEBUG BF_PM pm_pltfm_port_info_get:882 pltfm_interface.pltfm_front_panel_port_get_next: 13/1
2025-04-10 03:24:59.049495 DEBUG BF_PM pm_pltfm_port_info_get:956 dev : 0 : port : 13/2 (d_p=30) added to bf_pm_port_map_db
2025-04-10 03:24:59.049499 DEBUG BF_PM pm_pltfm_port_info_get:882 pltfm_interface.pltfm_front_panel_port_get_next: 13/2
2025-04-10 03:24:59.049515 DEBUG BF_PM pm_pltfm_port_info_get:956 dev : 0 : port : 13/3 (d_p=31) added to bf_pm_port_map_db
2025-04-10 03:24:59.049519 DEBUG BF_PM pm_pltfm_port_info_get:882 pltfm_interface.pltfm_front_panel_port_get_next: 13/3
2025-04-10 03:24:59.049534 DEBUG BF_PM pm_pltfm_port_info_get:956 dev : 0 : port : 14/0 (d_p=20) added to bf_pm_port_map_db
2025-04-10 03:24:59.049538 DEBUG BF_PM pm_pltfm_port_info_get:882 pltfm_interface.pltfm_front_panel_port_get_next: 14/0
2025-04-10 03:24:59.049549 DEBUG BF_PM pm_pltfm_port_info_get:956 dev : 0 : port : 14/1 (d_p=21) added to bf_pm_port_map_db
2025-04-10 03:24:59.049553 DEBUG BF_PM pm_pltfm_port_info_get:882 pltfm_interface.pltfm_front_panel_port_get_next: 14/1
2025-04-10 03:24:59.049563 DEBUG BF_PM pm_pltfm_port_info_get:956 dev : 0 : port : 14/2 (d_p=22) added to bf_pm_port_map_db
2025-04-10 03:24:59.049567 DEBUG BF_PM pm_pltfm_port_info_get:882 pltfm_interface.pltfm_front_panel_port_get_next: 14/2
2025-04-10 03:24:59.049578 DEBUG BF_PM pm_pltfm_port_info_get:956 dev : 0 : port : 14/3 (d_p=23) added to bf_pm_port_map_db
2025-04-10 03:24:59.049582 DEBUG BF_PM pm_pltfm_port_info_get:882 pltfm_interface.pltfm_front_panel_port_get_next: 14/3
2025-04-10 03:24:59.049594 DEBUG BF_PM pm_pltfm_port_info_get:956 dev : 0 : port : 15/0 (d_p=12) added to bf_pm_port_map_db
2025-04-10 03:24:59.049598 DEBUG BF_PM pm_pltfm_port_info_get:882 pltfm_interface.pltfm_front_panel_port_get_next: 15/0
2025-04-10 03:24:59.049609 DEBUG BF_PM pm_pltfm_port_info_get:956 dev : 0 : port : 15/1 (d_p=13) added to bf_pm_port_map_db
2025-04-10 03:24:59.049613 DEBUG BF_PM pm_pltfm_port_info_get:882 pltfm_interface.pltfm_front_panel_port_get_next: 15/1
2025-04-10 03:24:59.049623 DEBUG BF_PM pm_pltfm_port_info_get:956 dev : 0 : port : 15/2 (d_p=14) added to bf_pm_port_map_db
2025-04-10 03:24:59.049627 DEBUG BF_PM pm_pltfm_port_info_get:882 pltfm_interface.pltfm_front_panel_port_get_next: 15/2
2025-04-10 03:24:59.049638 DEBUG BF_PM pm_pltfm_port_info_get:956 dev : 0 : port : 15/3 (d_p=15) added to bf_pm_port_map_db
2025-04-10 03:24:59.049642 DEBUG BF_PM pm_pltfm_port_info_get:882 pltfm_interface.pltfm_front_panel_port_get_next: 15/3
2025-04-10 03:24:59.049655 DEBUG BF_PM pm_pltfm_port_info_get:956 dev : 0 : port : 16/0 (d_p=4) added to bf_pm_port_map_db
2025-04-10 03:24:59.049659 DEBUG BF_PM pm_pltfm_port_info_get:882 pltfm_interface.pltfm_front_panel_port_get_next: 16/0
2025-04-10 03:24:59.049670 DEBUG BF_PM pm_pltfm_port_info_get:956 dev : 0 : port : 16/1 (d_p=5) added to bf_pm_port_map_db
2025-04-10 03:24:59.049674 DEBUG BF_PM pm_pltfm_port_info_get:882 pltfm_interface.pltfm_front_panel_port_get_next: 16/1
2025-04-10 03:24:59.049685 DEBUG BF_PM pm_pltfm_port_info_get:956 dev : 0 : port : 16/2 (d_p=6) added to bf_pm_port_map_db
2025-04-10 03:24:59.049690 DEBUG BF_PM pm_pltfm_port_info_get:882 pltfm_interface.pltfm_front_panel_port_get_next: 16/2
2025-04-10 03:24:59.049701 DEBUG BF_PM pm_pltfm_port_info_get:956 dev : 0 : port : 16/3 (d_p=7) added to bf_pm_port_map_db
2025-04-10 03:24:59.049705 DEBUG BF_PM pm_pltfm_port_info_get:882 pltfm_interface.pltfm_front_panel_port_get_next: 16/3
2025-04-10 03:24:59.049716 DEBUG BF_PM pm_pltfm_port_info_get:956 dev : 0 : port : 17/0 (d_p=0) added to bf_pm_port_map_db
2025-04-10 03:24:59.049720 DEBUG BF_PM pm_pltfm_port_info_get:882 pltfm_interface.pltfm_front_panel_port_get_next: 17/0
2025-04-10 03:24:59.049731 DEBUG BF_PM pm_pltfm_port_info_get:956 dev : 0 : port : 17/1 (d_p=1) added to bf_pm_port_map_db
2025-04-10 03:24:59.049735 DEBUG BF_PM pm_pltfm_port_info_get:882 pltfm_interface.pltfm_front_panel_port_get_next: 17/1
2025-04-10 03:24:59.049745 DEBUG BF_PM pm_pltfm_port_info_get:956 dev : 0 : port : 17/2 (d_p=2) added to bf_pm_port_map_db
2025-04-10 03:24:59.049750 DEBUG BF_PM pm_pltfm_port_info_get:882 pltfm_interface.pltfm_front_panel_port_get_next: 17/2
2025-04-10 03:24:59.049765 DEBUG BF_PM pm_pltfm_port_info_get:956 dev : 0 : port : 17/3 (d_p=3) added to bf_pm_port_map_db
2025-04-10 03:24:59.049769 DEBUG BF_PM pm_pltfm_port_info_get:882 pltfm_interface.pltfm_front_panel_port_get_next: 17/3
2025-04-10 03:24:59.049782 DEBUG BF_PM pm_pltfm_port_info_get:956 dev : 0 : port : 18/0 (d_p=8) added to bf_pm_port_map_db
2025-04-10 03:24:59.049786 DEBUG BF_PM pm_pltfm_port_info_get:882 pltfm_interface.pltfm_front_panel_port_get_next: 18/0
2025-04-10 03:24:59.049798 DEBUG BF_PM pm_pltfm_port_info_get:956 dev : 0 : port : 18/1 (d_p=9) added to bf_pm_port_map_db
2025-04-10 03:24:59.049802 DEBUG BF_PM pm_pltfm_port_info_get:882 pltfm_interface.pltfm_front_panel_port_get_next: 18/1
2025-04-10 03:24:59.049812 DEBUG BF_PM pm_pltfm_port_info_get:956 dev : 0 : port : 18/2 (d_p=10) added to bf_pm_port_map_db
2025-04-10 03:24:59.049816 DEBUG BF_PM pm_pltfm_port_info_get:882 pltfm_interface.pltfm_front_panel_port_get_next: 18/2
2025-04-10 03:24:59.049828 DEBUG BF_PM pm_pltfm_port_info_get:956 dev : 0 : port : 18/3 (d_p=11) added to bf_pm_port_map_db
2025-04-10 03:24:59.049832 DEBUG BF_PM pm_pltfm_port_info_get:882 pltfm_interface.pltfm_front_panel_port_get_next: 18/3
2025-04-10 03:24:59.049842 DEBUG BF_PM pm_pltfm_port_info_get:956 dev : 0 : port : 19/0 (d_p=24) added to bf_pm_port_map_db
2025-04-10 03:24:59.049847 DEBUG BF_PM pm_pltfm_port_info_get:882 pltfm_interface.pltfm_front_panel_port_get_next: 19/0
2025-04-10 03:24:59.049859 DEBUG BF_PM pm_pltfm_port_info_get:956 dev : 0 : port : 19/1 (d_p=25) added to bf_pm_port_map_db
2025-04-10 03:24:59.049863 DEBUG BF_PM pm_pltfm_port_info_get:882 pltfm_interface.pltfm_front_panel_port_get_next: 19/1
2025-04-10 03:24:59.049875 DEBUG BF_PM pm_pltfm_port_info_get:956 dev : 0 : port : 19/2 (d_p=26) added to bf_pm_port_map_db
2025-04-10 03:24:59.049879 DEBUG BF_PM pm_pltfm_port_info_get:882 pltfm_interface.pltfm_front_panel_port_get_next: 19/2
2025-04-10 03:24:59.049890 DEBUG BF_PM pm_pltfm_port_info_get:956 dev : 0 : port : 19/3 (d_p=27) added to bf_pm_port_map_db
2025-04-10 03:24:59.049894 DEBUG BF_PM pm_pltfm_port_info_get:882 pltfm_interface.pltfm_front_panel_port_get_next: 19/3
2025-04-10 03:24:59.049904 DEBUG BF_PM pm_pltfm_port_info_get:956 dev : 0 : port : 20/0 (d_p=16) added to bf_pm_port_map_db
2025-04-10 03:24:59.049909 DEBUG BF_PM pm_pltfm_port_info_get:882 pltfm_interface.pltfm_front_panel_port_get_next: 20/0
2025-04-10 03:24:59.049919 DEBUG BF_PM pm_pltfm_port_info_get:956 dev : 0 : port : 20/1 (d_p=17) added to bf_pm_port_map_db
2025-04-10 03:24:59.049923 DEBUG BF_PM pm_pltfm_port_info_get:882 pltfm_interface.pltfm_front_panel_port_get_next: 20/1
2025-04-10 03:24:59.049934 DEBUG BF_PM pm_pltfm_port_info_get:956 dev : 0 : port : 20/2 (d_p=18) added to bf_pm_port_map_db
2025-04-10 03:24:59.049939 DEBUG BF_PM pm_pltfm_port_info_get:882 pltfm_interface.pltfm_front_panel_port_get_next: 20/2
2025-04-10 03:24:59.049950 DEBUG BF_PM pm_pltfm_port_info_get:956 dev : 0 : port : 20/3 (d_p=19) added to bf_pm_port_map_db
2025-04-10 03:24:59.049953 DEBUG BF_PM pm_pltfm_port_info_get:882 pltfm_interface.pltfm_front_panel_port_get_next: 20/3
2025-04-10 03:24:59.049964 DEBUG BF_PM pm_pltfm_port_info_get:956 dev : 0 : port : 21/0 (d_p=40) added to bf_pm_port_map_db
2025-04-10 03:24:59.049968 DEBUG BF_PM pm_pltfm_port_info_get:882 pltfm_interface.pltfm_front_panel_port_get_next: 21/0
2025-04-10 03:24:59.049979 DEBUG BF_PM pm_pltfm_port_info_get:956 dev : 0 : port : 21/1 (d_p=41) added to bf_pm_port_map_db
2025-04-10 03:24:59.049983 DEBUG BF_PM pm_pltfm_port_info_get:882 pltfm_interface.pltfm_front_panel_port_get_next: 21/1
2025-04-10 03:24:59.049994 DEBUG BF_PM pm_pltfm_port_info_get:956 dev : 0 : port : 21/2 (d_p=42) added to bf_pm_port_map_db
2025-04-10 03:24:59.049999 DEBUG BF_PM pm_pltfm_port_info_get:882 pltfm_interface.pltfm_front_panel_port_get_next: 21/2
2025-04-10 03:24:59.050012 DEBUG BF_PM pm_pltfm_port_info_get:956 dev : 0 : port : 21/3 (d_p=43) added to bf_pm_port_map_db
2025-04-10 03:24:59.050016 DEBUG BF_PM pm_pltfm_port_info_get:882 pltfm_interface.pltfm_front_panel_port_get_next: 21/3
2025-04-10 03:24:59.050027 DEBUG BF_PM pm_pltfm_port_info_get:956 dev : 0 : port : 22/0 (d_p=32) added to bf_pm_port_map_db
2025-04-10 03:24:59.050033 DEBUG BF_PM pm_pltfm_port_info_get:882 pltfm_interface.pltfm_front_panel_port_get_next: 22/0
2025-04-10 03:24:59.050045 DEBUG BF_PM pm_pltfm_port_info_get:956 dev : 0 : port : 22/1 (d_p=33) added to bf_pm_port_map_db
2025-04-10 03:24:59.050048 DEBUG BF_PM pm_pltfm_port_info_get:882 pltfm_interface.pltfm_front_panel_port_get_next: 22/1
2025-04-10 03:24:59.050059 DEBUG BF_PM pm_pltfm_port_info_get:956 dev : 0 : port : 22/2 (d_p=34) added to bf_pm_port_map_db
2025-04-10 03:24:59.050063 DEBUG BF_PM pm_pltfm_port_info_get:882 pltfm_interface.pltfm_front_panel_port_get_next: 22/2
2025-04-10 03:24:59.050074 DEBUG BF_PM pm_pltfm_port_info_get:956 dev : 0 : port : 22/3 (d_p=35) added to bf_pm_port_map_db
2025-04-10 03:24:59.050078 DEBUG BF_PM pm_pltfm_port_info_get:882 pltfm_interface.pltfm_front_panel_port_get_next: 22/3
2025-04-10 03:24:59.050088 DEBUG BF_PM pm_pltfm_port_info_get:956 dev : 0 : port : 23/0 (d_p=56) added to bf_pm_port_map_db
2025-04-10 03:24:59.050092 DEBUG BF_PM pm_pltfm_port_info_get:882 pltfm_interface.pltfm_front_panel_port_get_next: 23/0
2025-04-10 03:24:59.050107 DEBUG BF_PM pm_pltfm_port_info_get:956 dev : 0 : port : 23/1 (d_p=57) added to bf_pm_port_map_db
2025-04-10 03:24:59.050112 DEBUG BF_PM pm_pltfm_port_info_get:882 pltfm_interface.pltfm_front_panel_port_get_next: 23/1
2025-04-10 03:24:59.050123 DEBUG BF_PM pm_pltfm_port_info_get:956 dev : 0 : port : 23/2 (d_p=58) added to bf_pm_port_map_db
2025-04-10 03:24:59.050127 DEBUG BF_PM pm_pltfm_port_info_get:882 pltfm_interface.pltfm_front_panel_port_get_next: 23/2
2025-04-10 03:24:59.050138 DEBUG BF_PM pm_pltfm_port_info_get:956 dev : 0 : port : 23/3 (d_p=59) added to bf_pm_port_map_db
2025-04-10 03:24:59.050142 DEBUG BF_PM pm_pltfm_port_info_get:882 pltfm_interface.pltfm_front_panel_port_get_next: 23/3
2025-04-10 03:24:59.050152 DEBUG BF_PM pm_pltfm_port_info_get:956 dev : 0 : port : 24/0 (d_p=48) added to bf_pm_port_map_db
2025-04-10 03:24:59.050156 DEBUG BF_PM pm_pltfm_port_info_get:882 pltfm_interface.pltfm_front_panel_port_get_next: 24/0
2025-04-10 03:24:59.050168 DEBUG BF_PM pm_pltfm_port_info_get:956 dev : 0 : port : 24/1 (d_p=49) added to bf_pm_port_map_db
2025-04-10 03:24:59.050172 DEBUG BF_PM pm_pltfm_port_info_get:882 pltfm_interface.pltfm_front_panel_port_get_next: 24/1
2025-04-10 03:24:59.050182 DEBUG BF_PM pm_pltfm_port_info_get:956 dev : 0 : port : 24/2 (d_p=50) added to bf_pm_port_map_db
2025-04-10 03:24:59.050187 DEBUG BF_PM pm_pltfm_port_info_get:882 pltfm_interface.pltfm_front_panel_port_get_next: 24/2
2025-04-10 03:24:59.050202 DEBUG BF_PM pm_pltfm_port_info_get:956 dev : 0 : port : 24/3 (d_p=51) added to bf_pm_port_map_db
2025-04-10 03:24:59.050206 DEBUG BF_PM pm_pltfm_port_info_get:882 pltfm_interface.pltfm_front_panel_port_get_next: 24/3
2025-04-10 03:24:59.050217 DEBUG BF_PM pm_pltfm_port_info_get:956 dev : 0 : port : 25/0 (d_p=180) added to bf_pm_port_map_db
2025-04-10 03:24:59.050221 DEBUG BF_PM pm_pltfm_port_info_get:882 pltfm_interface.pltfm_front_panel_port_get_next: 25/0
2025-04-10 03:24:59.050232 DEBUG BF_PM pm_pltfm_port_info_get:956 dev : 0 : port : 25/1 (d_p=181) added to bf_pm_port_map_db
2025-04-10 03:24:59.050236 DEBUG BF_PM pm_pltfm_port_info_get:882 pltfm_interface.pltfm_front_panel_port_get_next: 25/1
2025-04-10 03:24:59.050251 DEBUG BF_PM pm_pltfm_port_info_get:956 dev : 0 : port : 25/2 (d_p=182) added to bf_pm_port_map_db
2025-04-10 03:24:59.050255 DEBUG BF_PM pm_pltfm_port_info_get:882 pltfm_interface.pltfm_front_panel_port_get_next: 25/2
2025-04-10 03:24:59.050266 DEBUG BF_PM pm_pltfm_port_info_get:956 dev : 0 : port : 25/3 (d_p=183) added to bf_pm_port_map_db
2025-04-10 03:24:59.050270 DEBUG BF_PM pm_pltfm_port_info_get:882 pltfm_interface.pltfm_front_panel_port_get_next: 25/3
2025-04-10 03:24:59.050281 DEBUG BF_PM pm_pltfm_port_info_get:956 dev : 0 : port : 26/0 (d_p=188) added to bf_pm_port_map_db
2025-04-10 03:24:59.050285 DEBUG BF_PM pm_pltfm_port_info_get:882 pltfm_interface.pltfm_front_panel_port_get_next: 26/0
2025-04-10 03:24:59.050296 DEBUG BF_PM pm_pltfm_port_info_get:956 dev : 0 : port : 26/1 (d_p=189) added to bf_pm_port_map_db
2025-04-10 03:24:59.050302 DEBUG BF_PM pm_pltfm_port_info_get:882 pltfm_interface.pltfm_front_panel_port_get_next: 26/1
2025-04-10 03:24:59.050314 DEBUG BF_PM pm_pltfm_port_info_get:956 dev : 0 : port : 26/2 (d_p=190) added to bf_pm_port_map_db
2025-04-10 03:24:59.050318 DEBUG BF_PM pm_pltfm_port_info_get:882 pltfm_interface.pltfm_front_panel_port_get_next: 26/2
2025-04-10 03:24:59.050329 DEBUG BF_PM pm_pltfm_port_info_get:956 dev : 0 : port : 26/3 (d_p=191) added to bf_pm_port_map_db
2025-04-10 03:24:59.050333 DEBUG BF_PM pm_pltfm_port_info_get:882 pltfm_interface.pltfm_front_panel_port_get_next: 26/3
2025-04-10 03:24:59.050343 DEBUG BF_PM pm_pltfm_port_info_get:956 dev : 0 : port : 27/0 (d_p=164) added to bf_pm_port_map_db
2025-04-10 03:24:59.050348 DEBUG BF_PM pm_pltfm_port_info_get:882 pltfm_interface.pltfm_front_panel_port_get_next: 27/0
2025-04-10 03:24:59.050359 DEBUG BF_PM pm_pltfm_port_info_get:956 dev : 0 : port : 27/1 (d_p=165) added to bf_pm_port_map_db
2025-04-10 03:24:59.050363 DEBUG BF_PM pm_pltfm_port_info_get:882 pltfm_interface.pltfm_front_panel_port_get_next: 27/1
2025-04-10 03:24:59.050374 DEBUG BF_PM pm_pltfm_port_info_get:956 dev : 0 : port : 27/2 (d_p=166) added to bf_pm_port_map_db
2025-04-10 03:24:59.050378 DEBUG BF_PM pm_pltfm_port_info_get:882 pltfm_interface.pltfm_front_panel_port_get_next: 27/2
2025-04-10 03:24:59.050389 DEBUG BF_PM pm_pltfm_port_info_get:956 dev : 0 : port : 27/3 (d_p=167) added to bf_pm_port_map_db
2025-04-10 03:24:59.050393 DEBUG BF_PM pm_pltfm_port_info_get:882 pltfm_interface.pltfm_front_panel_port_get_next: 27/3
2025-04-10 03:24:59.050404 DEBUG BF_PM pm_pltfm_port_info_get:956 dev : 0 : port : 28/0 (d_p=172) added to bf_pm_port_map_db
2025-04-10 03:24:59.050408 DEBUG BF_PM pm_pltfm_port_info_get:882 pltfm_interface.pltfm_front_panel_port_get_next: 28/0
2025-04-10 03:24:59.050420 DEBUG BF_PM pm_pltfm_port_info_get:956 dev : 0 : port : 28/1 (d_p=173) added to bf_pm_port_map_db
2025-04-10 03:24:59.050424 DEBUG BF_PM pm_pltfm_port_info_get:882 pltfm_interface.pltfm_front_panel_port_get_next: 28/1
2025-04-10 03:24:59.050435 DEBUG BF_PM pm_pltfm_port_info_get:956 dev : 0 : port : 28/2 (d_p=174) added to bf_pm_port_map_db
2025-04-10 03:24:59.050439 DEBUG BF_PM pm_pltfm_port_info_get:882 pltfm_interface.pltfm_front_panel_port_get_next: 28/2
2025-04-10 03:24:59.050450 DEBUG BF_PM pm_pltfm_port_info_get:956 dev : 0 : port : 28/3 (d_p=175) added to bf_pm_port_map_db
2025-04-10 03:24:59.050454 DEBUG BF_PM pm_pltfm_port_info_get:882 pltfm_interface.pltfm_front_panel_port_get_next: 28/3
2025-04-10 03:24:59.050465 DEBUG BF_PM pm_pltfm_port_info_get:956 dev : 0 : port : 29/0 (d_p=156) added to bf_pm_port_map_db
2025-04-10 03:24:59.050469 DEBUG BF_PM pm_pltfm_port_info_get:882 pltfm_interface.pltfm_front_panel_port_get_next: 29/0
2025-04-10 03:24:59.050481 DEBUG BF_PM pm_pltfm_port_info_get:956 dev : 0 : port : 29/1 (d_p=157) added to bf_pm_port_map_db
2025-04-10 03:24:59.050485 DEBUG BF_PM pm_pltfm_port_info_get:882 pltfm_interface.pltfm_front_panel_port_get_next: 29/1
2025-04-10 03:24:59.050498 DEBUG BF_PM pm_pltfm_port_info_get:956 dev : 0 : port : 29/2 (d_p=158) added to bf_pm_port_map_db
2025-04-10 03:24:59.050503 DEBUG BF_PM pm_pltfm_port_info_get:882 pltfm_interface.pltfm_front_panel_port_get_next: 29/2
2025-04-10 03:24:59.050513 DEBUG BF_PM pm_pltfm_port_info_get:956 dev : 0 : port : 29/3 (d_p=159) added to bf_pm_port_map_db
2025-04-10 03:24:59.050517 DEBUG BF_PM pm_pltfm_port_info_get:882 pltfm_interface.pltfm_front_panel_port_get_next: 29/3
2025-04-10 03:24:59.050528 DEBUG BF_PM pm_pltfm_port_info_get:956 dev : 0 : port : 30/0 (d_p=148) added to bf_pm_port_map_db
2025-04-10 03:24:59.050533 DEBUG BF_PM pm_pltfm_port_info_get:882 pltfm_interface.pltfm_front_panel_port_get_next: 30/0
2025-04-10 03:24:59.050544 DEBUG BF_PM pm_pltfm_port_info_get:956 dev : 0 : port : 30/1 (d_p=149) added to bf_pm_port_map_db
2025-04-10 03:24:59.050548 DEBUG BF_PM pm_pltfm_port_info_get:882 pltfm_interface.pltfm_front_panel_port_get_next: 30/1
2025-04-10 03:24:59.050561 DEBUG BF_PM pm_pltfm_port_info_get:956 dev : 0 : port : 30/2 (d_p=150) added to bf_pm_port_map_db
2025-04-10 03:24:59.050565 DEBUG BF_PM pm_pltfm_port_info_get:882 pltfm_interface.pltfm_front_panel_port_get_next: 30/2
2025-04-10 03:24:59.050576 DEBUG BF_PM pm_pltfm_port_info_get:956 dev : 0 : port : 30/3 (d_p=151) added to bf_pm_port_map_db
2025-04-10 03:24:59.050580 DEBUG BF_PM pm_pltfm_port_info_get:882 pltfm_interface.pltfm_front_panel_port_get_next: 30/3
2025-04-10 03:24:59.050591 DEBUG BF_PM pm_pltfm_port_info_get:956 dev : 0 : port : 31/0 (d_p=140) added to bf_pm_port_map_db
2025-04-10 03:24:59.050596 DEBUG BF_PM pm_pltfm_port_info_get:882 pltfm_interface.pltfm_front_panel_port_get_next: 31/0
2025-04-10 03:24:59.050607 DEBUG BF_PM pm_pltfm_port_info_get:956 dev : 0 : port : 31/1 (d_p=141) added to bf_pm_port_map_db
2025-04-10 03:24:59.050611 DEBUG BF_PM pm_pltfm_port_info_get:882 pltfm_interface.pltfm_front_panel_port_get_next: 31/1
2025-04-10 03:24:59.050621 DEBUG BF_PM pm_pltfm_port_info_get:956 dev : 0 : port : 31/2 (d_p=142) added to bf_pm_port_map_db
2025-04-10 03:24:59.050626 DEBUG BF_PM pm_pltfm_port_info_get:882 pltfm_interface.pltfm_front_panel_port_get_next: 31/2
2025-04-10 03:24:59.050636 DEBUG BF_PM pm_pltfm_port_info_get:956 dev : 0 : port : 31/3 (d_p=143) added to bf_pm_port_map_db
2025-04-10 03:24:59.050640 DEBUG BF_PM pm_pltfm_port_info_get:882 pltfm_interface.pltfm_front_panel_port_get_next: 31/3
2025-04-10 03:24:59.050652 DEBUG BF_PM pm_pltfm_port_info_get:956 dev : 0 : port : 32/0 (d_p=132) added to bf_pm_port_map_db
2025-04-10 03:24:59.050657 DEBUG BF_PM pm_pltfm_port_info_get:882 pltfm_interface.pltfm_front_panel_port_get_next: 32/0
2025-04-10 03:24:59.050667 DEBUG BF_PM pm_pltfm_port_info_get:956 dev : 0 : port : 32/1 (d_p=133) added to bf_pm_port_map_db
2025-04-10 03:24:59.050671 DEBUG BF_PM pm_pltfm_port_info_get:882 pltfm_interface.pltfm_front_panel_port_get_next: 32/1
2025-04-10 03:24:59.050682 DEBUG BF_PM pm_pltfm_port_info_get:956 dev : 0 : port : 32/2 (d_p=134) added to bf_pm_port_map_db
2025-04-10 03:24:59.050686 DEBUG BF_PM pm_pltfm_port_info_get:882 pltfm_interface.pltfm_front_panel_port_get_next: 32/2
2025-04-10 03:24:59.050697 DEBUG BF_PM pm_pltfm_port_info_get:956 dev : 0 : port : 32/3 (d_p=135) added to bf_pm_port_map_db
2025-04-10 03:24:59.050701 DEBUG BF_PM pm_pltfm_port_info_get:882 pltfm_interface.pltfm_front_panel_port_get_next: 32/3
2025-04-10 03:24:59.050714 DEBUG BF_PM pm_pltfm_port_info_get:956 dev : 0 : port : 33/0 (d_p=64) added to bf_pm_port_map_db
2025-04-10 03:24:59.050718 DEBUG BF_PM pm_pltfm_port_info_get:882 pltfm_interface.pltfm_front_panel_port_get_next: 33/0
2025-04-10 03:24:59.050732 DEBUG BF_PM pm_pltfm_port_info_get:956 dev : 0 : port : 33/1 (d_p=65) added to bf_pm_port_map_db
2025-04-10 03:24:59.050736 DEBUG BF_PM pm_pltfm_port_info_get:882 pltfm_interface.pltfm_front_panel_port_get_next: 33/1
2025-04-10 03:24:59.050747 DEBUG BF_PM pm_pltfm_port_info_get:956 dev : 0 : port : 33/2 (d_p=66) added to bf_pm_port_map_db
2025-04-10 03:24:59.050751 DEBUG BF_PM pm_pltfm_port_info_get:882 pltfm_interface.pltfm_front_panel_port_get_next: 33/2
2025-04-10 03:24:59.050763 DEBUG BF_PM pm_pltfm_port_info_get:956 dev : 0 : port : 33/3 (d_p=67) added to bf_pm_port_map_db
2025-04-10 03:24:59.050767 DEBUG BF_PM pm_pltfm_port_info_get:882 pltfm_interface.pltfm_front_panel_port_get_next: 33/3
2025-04-10 03:24:59.050887 DEBUG BF_PORT SDS : 23/ 0 : 0: 38:-: Lane map: Rx: <0, 1, 2, 3> : Tx: <0, 1, 2, 3>
2025-04-10 03:24:59.050921 DEBUG BF_PORT SDS : 24/ 0 : 0: 30:-: Lane map: Rx: <0, 1, 2, 3> : Tx: <0, 1, 2, 3>
2025-04-10 03:24:59.050938 DEBUG BF_PORT SDS : 21/ 0 : 0: 28:-: Lane map: Rx: <0, 1, 2, 3> : Tx: <0, 1, 2, 3>
2025-04-10 03:24:59.050954 DEBUG BF_PORT SDS : 22/ 0 : 0: 20:-: Lane map: Rx: <0, 1, 2, 3> : Tx: <0, 1, 2, 3>
2025-04-10 03:24:59.050969 DEBUG BF_PORT SDS : 19/ 0 : 0: 18:-: Lane map: Rx: <0, 1, 2, 3> : Tx: <0, 1, 2, 3>
2025-04-10 03:24:59.050984 DEBUG BF_PORT SDS : 20/ 0 : 0: 10:-: Lane map: Rx: <0, 1, 2, 3> : Tx: <0, 1, 2, 3>
2025-04-10 03:24:59.050999 DEBUG BF_PORT SDS : 18/ 0 : 0:  8:-: Lane map: Rx: <0, 1, 2, 3> : Tx: <0, 1, 2, 3>
2025-04-10 03:24:59.051016 DEBUG BF_PORT SDS : 17/ 0 : 0:  0:-: Lane map: Rx: <0, 1, 2, 3> : Tx: <0, 1, 2, 3>
2025-04-10 03:24:59.051030 DEBUG BF_PORT SDS : 16/ 0 : 0:  4:-: Lane map: Rx: <0, 1, 2, 3> : Tx: <0, 1, 2, 3>
2025-04-10 03:24:59.051044 DEBUG BF_PORT SDS : 15/ 0 : 0:  c:-: Lane map: Rx: <0, 1, 2, 3> : Tx: <0, 1, 2, 3>
2025-04-10 03:24:59.051058 DEBUG BF_PORT SDS : 14/ 0 : 0: 14:-: Lane map: Rx: <0, 1, 2, 3> : Tx: <0, 1, 2, 3>
2025-04-10 03:24:59.051071 DEBUG BF_PORT SDS : 13/ 0 : 0: 1c:-: Lane map: Rx: <0, 1, 2, 3> : Tx: <0, 1, 2, 3>
2025-04-10 03:24:59.051084 DEBUG BF_PORT SDS : 12/ 0 : 0: 24:-: Lane map: Rx: <0, 1, 2, 3> : Tx: <0, 1, 2, 3>
2025-04-10 03:24:59.051103 DEBUG BF_PORT SDS : 11/ 0 : 0: 2c:-: Lane map: Rx: <0, 1, 2, 3> : Tx: <0, 1, 2, 3>
2025-04-10 03:24:59.051121 DEBUG BF_PORT SDS : 10/ 0 : 0: 34:-: Lane map: Rx: <0, 1, 2, 3> : Tx: <0, 1, 2, 3>
2025-04-10 03:24:59.051133 DEBUG BF_PORT SDS : 9/ 0 : 0: 3c:-: Lane map: Rx: <0, 1, 2, 3> : Tx: <0, 1, 2, 3>
2025-04-10 03:24:59.051146 DEBUG BF_PORT SDS : 8/ 0 : 0: b8:-: Lane map: Rx: <0, 1, 2, 3> : Tx: <0, 1, 2, 3>
2025-04-10 03:24:59.051158 DEBUG BF_PORT SDS : 7/ 0 : 0: b0:-: Lane map: Rx: <0, 1, 2, 3> : Tx: <0, 1, 2, 3>
2025-04-10 03:24:59.051170 DEBUG BF_PORT SDS : 6/ 0 : 0: a8:-: Lane map: Rx: <0, 1, 2, 3> : Tx: <0, 1, 2, 3>
2025-04-10 03:24:59.051181 DEBUG BF_PORT SDS : 5/ 0 : 0: a0:-: Lane map: Rx: <0, 1, 2, 3> : Tx: <0, 1, 2, 3>
2025-04-10 03:24:59.051192 DEBUG BF_PORT SDS : 4/ 0 : 0: 98:-: Lane map: Rx: <0, 1, 2, 3> : Tx: <0, 1, 2, 3>
2025-04-10 03:24:59.051204 DEBUG BF_PORT SDS : 3/ 0 : 0: 90:-: Lane map: Rx: <0, 1, 2, 3> : Tx: <0, 1, 2, 3>
2025-04-10 03:24:59.051214 DEBUG BF_PORT SDS : 2/ 0 : 0: 88:-: Lane map: Rx: <0, 1, 2, 3> : Tx: <0, 1, 2, 3>
2025-04-10 03:24:59.051225 DEBUG BF_PORT SDS : 1/ 0 : 0: 80:-: Lane map: Rx: <0, 1, 2, 3> : Tx: <0, 1, 2, 3>
2025-04-10 03:24:59.051242 DEBUG BF_PORT SDS : 32/ 0 : 0: 84:-: Lane map: Rx: <0, 1, 2, 3> : Tx: <0, 1, 2, 3>
2025-04-10 03:24:59.051260 DEBUG BF_PORT SDS : 31/ 0 : 0: 8c:-: Lane map: Rx: <0, 1, 2, 3> : Tx: <0, 1, 2, 3>
2025-04-10 03:24:59.051277 DEBUG BF_PORT SDS : 30/ 0 : 0: 94:-: Lane map: Rx: <0, 1, 2, 3> : Tx: <0, 1, 2, 3>
2025-04-10 03:24:59.051294 DEBUG BF_PORT SDS : 29/ 0 : 0: 9c:-: Lane map: Rx: <0, 1, 2, 3> : Tx: <0, 1, 2, 3>
2025-04-10 03:24:59.051311 DEBUG BF_PORT SDS : 27/ 0 : 0: a4:-: Lane map: Rx: <0, 1, 2, 3> : Tx: <0, 1, 2, 3>
2025-04-10 03:24:59.051328 DEBUG BF_PORT SDS : 28/ 0 : 0: ac:-: Lane map: Rx: <0, 1, 2, 3> : Tx: <0, 1, 2, 3>
2025-04-10 03:24:59.051344 DEBUG BF_PORT SDS : 25/ 0 : 0: b4:-: Lane map: Rx: <0, 1, 2, 3> : Tx: <0, 1, 2, 3>
2025-04-10 03:24:59.051361 DEBUG BF_PORT SDS : 26/ 0 : 0: bc:-: Lane map: Rx: <0, 1, 2, 3> : Tx: <0, 1, 2, 3>
2025-04-10 03:24:59.051379 DEBUG BF_PORT SDS : 33/ 0 : 0: 40:-: Lane map: Rx: <0, 1, 2, 3> : Tx: <0, 1, 2, 3>
2025-04-10 03:24:59.273677 DEBUG BF_PLTFM QSFP:  4 : curr-pres-st : 0 prev-pres-st : 1
2025-04-10 03:24:59.274830 DEBUG BF_PLTFM QSFP     4 : PRESENT
2025-04-10 03:24:59.277727 INFO  BF_PLTFM module 4 IDENTIFIER = 13
2025-04-10 03:24:59.280622 DEBUG BF_PLTFM QSFP     4 : QSFP
2025-04-10 03:24:59.280666 DEBUG BF_PLTFM QSFP     4 : Paged
2025-04-10 03:24:59.280677 DEBUG BF_PLTFM QSFP     4 : Lane count = 4
2025-04-10 03:24:59.368156 DEBUG BF_PLTFM QSFP     4 : Active/Optical
2025-04-10 03:24:59.368196 DEBUG BF_PLTFM QSFP     4 : Update cache complete
2025-04-10 03:24:59.368215 DEBUG BF_PLTFM QSFP:  4 : detect-st : 0 is-present : 1

2025-04-10 03:24:59.368248 DEBUG BF_PLTFM QSFPMSM  4 : QSFP_FSM_ST_IDLE             --> QSFP_FSM_ST_INSERTED
2025-04-10 03:24:59.368261 DEBUG BF_PLTFM QSFP:  7 : curr-pres-st : 0 prev-pres-st : 1
2025-04-10 03:24:59.369422 DEBUG BF_PLTFM QSFP     7 : PRESENT
2025-04-10 03:24:59.372310 INFO  BF_PLTFM module 7 IDENTIFIER = 13
2025-04-10 03:24:59.375177 DEBUG BF_PLTFM QSFP     7 : QSFP
2025-04-10 03:24:59.375218 DEBUG BF_PLTFM QSFP     7 : Paged
2025-04-10 03:24:59.375230 DEBUG BF_PLTFM QSFP     7 : Lane count = 4
2025-04-10 03:24:59.462516 DEBUG BF_PLTFM QSFP     7 : Active/Optical
2025-04-10 03:24:59.462546 DEBUG BF_PLTFM QSFP     7 : Update cache complete
2025-04-10 03:24:59.462558 DEBUG BF_PLTFM QSFP:  7 : detect-st : 0 is-present : 1

2025-04-10 03:24:59.462583 DEBUG BF_PLTFM QSFPMSM  7 : QSFP_FSM_ST_IDLE             --> QSFP_FSM_ST_INSERTED
2025-04-10 03:24:59.462601 DEBUG BF_PLTFM QSFP:  8 : curr-pres-st : 0 prev-pres-st : 1
2025-04-10 03:24:59.463738 DEBUG BF_PLTFM QSFP     8 : PRESENT
2025-04-10 03:24:59.466610 INFO  BF_PLTFM module 8 IDENTIFIER = 13
2025-04-10 03:24:59.469465 DEBUG BF_PLTFM QSFP     8 : QSFP
2025-04-10 03:24:59.469488 DEBUG BF_PLTFM QSFP     8 : Paged
2025-04-10 03:24:59.469499 DEBUG BF_PLTFM QSFP     8 : Lane count = 4
2025-04-10 03:24:59.557072 DEBUG BF_PLTFM QSFP     8 : Active/Optical
2025-04-10 03:24:59.557131 DEBUG BF_PLTFM QSFP     8 : Update cache complete
2025-04-10 03:24:59.557159 DEBUG BF_PLTFM QSFP:  8 : detect-st : 0 is-present : 1

2025-04-10 03:24:59.557173 DEBUG BF_PLTFM QSFPMSM  8 : QSFP_FSM_ST_IDLE             --> QSFP_FSM_ST_INSERTED
2025-04-10 03:24:59.557185 DEBUG BF_PLTFM Enable KR port 1 on 33/2
2025-04-10 03:24:59.557202 INFO  BF_PM bf_pm_pltfm_front_port_eligible_for_autoneg:4161 0:33/2:1(an_eligibility)
2025-04-10 03:24:59.557226 INFO  BF_PM bf_pm_pltfm_front_port_ready_for_bringup:4058 0:33/2:1(ready)
2025-04-10 03:24:59.557240 DEBUG BF_PLTFM krPortEn = 0x2
2025-04-10 03:24:59.557251 DEBUG BF_PLTFM Enable KR port 2 on 33/3
2025-04-10 03:24:59.557262 INFO  BF_PM bf_pm_pltfm_front_port_eligible_for_autoneg:4161 0:33/3:1(an_eligibility)
2025-04-10 03:24:59.557276 INFO  BF_PM bf_pm_pltfm_front_port_ready_for_bringup:4058 0:33/3:1(ready)
2025-04-10 03:24:59.557288 DEBUG BF_PLTFM krPortEn = 0x6
2025-04-10 03:24:59.557305 DEBUG BF_PLTFM bf_pm_cold_init:788 Bind QSFP Mgmt cb to BF_FSM_ST_CFG_SERDES in default FSM
2025-04-10 03:24:59.557329 DEBUG BF_PLTFM bf_pm_cold_init:810 Bind QSFP Mgmt cb to BF_FSM_ST_CFG_SERDES in tx-mode FSM
2025-04-10 03:24:59.557437 DEBUG BF_PLTFM pltfm_pm: port led blink thread initialized
2025-04-10 03:24:59.557699 DEBUG BF_PLTFM QSFP     4 : RESETL = true
2025-04-10 03:24:59.557831 DEBUG BF_PLTFM QSFP     4 : True
2025-04-10 03:24:59.558090 DEBUG BF_PLTFM port_led_blink_run start..
2025-04-10 03:24:59.559062 DEBUG BF_PLTFM QSFP     4 : LPMODE = true
2025-04-10 03:24:59.562956 DEBUG BF_PLTFM QSFPMSM  4 : QSFP_FSM_ST_INSERTED         --> QSFP_FSM_ST_WAIT_T_RESET     (1ms)
2025-04-10 03:24:59.563033 DEBUG BF_PLTFM QSFP     7 : RESETL = true
2025-04-10 03:24:59.563053 DEBUG BF_PLTFM QSFP     7 : True
2025-04-10 03:24:59.566706 DEBUG BF_PLTFM QSFP     7 : LPMODE = true
2025-04-10 03:24:59.570548 DEBUG BF_PLTFM QSFPMSM  7 : QSFP_FSM_ST_INSERTED         --> QSFP_FSM_ST_WAIT_T_RESET     (1ms)
2025-04-10 03:24:59.570656 DEBUG BF_PLTFM QSFP     8 : RESETL = true
2025-04-10 03:24:59.570676 DEBUG BF_PLTFM QSFP     8 : True
2025-04-10 03:24:59.573132 INFO  BF_MC Allocated RDM addresses 0x1 - 0x1
2025-04-10 03:24:59.573155 INFO  BF_MC Allocated RDM addresses 0x11ff - 0x11ff
2025-04-10 03:24:59.573159 INFO  BF_MC Allocated RDM addresses 0x21ff - 0x21ff
2025-04-10 03:24:59.573163 INFO  BF_MC Allocated RDM addresses 0x31ff - 0x31ff
2025-04-10 03:24:59.573177 INFO  BF_MC Write L1End node at addr 0x1, rid 0xdead, l2 0
2025-04-10 03:24:59.573181 INFO  BF_MC Write L1End node at addr 0x11ff, rid 0xdead, l2 0
2025-04-10 03:24:59.573185 INFO  BF_MC Write L1End node at addr 0x21ff, rid 0xdead, l2 0
2025-04-10 03:24:59.573190 INFO  BF_MC Write L1End node at addr 0x31ff, rid 0xdead, l2 0
2025-04-10 03:24:59.573196 INFO  BF_MC Allocated RDM addresses 0x4000 - 0x4103
2025-04-10 03:24:59.573202 INFO  BF_MC Write LAG node at addr 0x4000 with id 255 and next node 0x4001 0x0000_00000000ff04001c
2025-04-10 03:24:59.573207 INFO  BF_MC Write LAG node at addr 0x4001 with id 255 and next node 0x4002 0x00ff_04002c00ff04001c
2025-04-10 03:24:59.573212 INFO  BF_MC Write LAG node at addr 0x4002 with id 255 and next node 0x4003 0x0000_00000000ff04003c
2025-04-10 03:24:59.573216 INFO  BF_MC Write LAG node at addr 0x4003 with id 255 and next node 0x4004 0x00ff_04004c00ff04003c
2025-04-10 03:24:59.573229 INFO  BF_MC Write LAG node at addr 0x4004 with id 255 and next node 0x4005 0x0000_00000000ff04005c
2025-04-10 03:24:59.573233 INFO  BF_MC Write LAG node at addr 0x4005 with id 255 and next node 0x4006 0x00ff_04006c00ff04005c
2025-04-10 03:24:59.573237 INFO  BF_MC Write LAG node at addr 0x4006 with id 255 and next node 0x4007 0x0000_00000000ff04007c
2025-04-10 03:24:59.573242 INFO  BF_MC Write LAG node at addr 0x4007 with id 255 and next node 0x4008 0x00ff_04008c00ff04007c
2025-04-10 03:24:59.573246 INFO  BF_MC Write LAG node at addr 0x4008 with id 255 and next node 0x4009 0x0000_00000000ff04009c
2025-04-10 03:24:59.573249 INFO  BF_MC Write LAG node at addr 0x4009 with id 255 and next node 0x400a 0x00ff_0400ac00ff04009c
2025-04-10 03:24:59.573253 INFO  BF_MC Write LAG node at addr 0x400a with id 255 and next node 0x400b 0x0000_00000000ff0400bc
2025-04-10 03:24:59.573258 INFO  BF_MC Write LAG node at addr 0x400b with id 255 and next node 0x400c 0x00ff_0400cc00ff0400bc
2025-04-10 03:24:59.573262 INFO  BF_MC Write LAG node at addr 0x400c with id 255 and next node 0x400d 0x0000_00000000ff0400dc
2025-04-10 03:24:59.573266 INFO  BF_MC Write LAG node at addr 0x400d with id 255 and next node 0x400e 0x00ff_0400ec00ff0400dc
2025-04-10 03:24:59.573269 INFO  BF_MC Write LAG node at addr 0x400e with id 255 and next node 0x400f 0x0000_00000000ff0400fc
2025-04-10 03:24:59.573274 INFO  BF_MC Write LAG node at addr 0x400f with id 255 and next node 0x4010 0x00ff_04010c00ff0400fc
2025-04-10 03:24:59.573278 INFO  BF_MC Write LAG node at addr 0x4010 with id 255 and next node 0x4011 0x0000_00000000ff04011c
2025-04-10 03:24:59.573281 INFO  BF_MC Write LAG node at addr 0x4011 with id 255 and next node 0x4012 0x00ff_04012c00ff04011c
2025-04-10 03:24:59.573285 INFO  BF_MC Write LAG node at addr 0x4012 with id 255 and next node 0x4013 0x0000_00000000ff04013c
2025-04-10 03:24:59.573290 INFO  BF_MC Write LAG node at addr 0x4013 with id 255 and next node 0x4014 0x00ff_04014c00ff04013c
2025-04-10 03:24:59.573294 INFO  BF_MC Write LAG node at addr 0x4014 with id 255 and next node 0x4015 0x0000_00000000ff04015c
2025-04-10 03:24:59.573297 INFO  BF_MC Write LAG node at addr 0x4015 with id 255 and next node 0x4016 0x00ff_04016c00ff04015c
2025-04-10 03:24:59.573301 INFO  BF_MC Write LAG node at addr 0x4016 with id 255 and next node 0x4017 0x0000_00000000ff04017c
2025-04-10 03:24:59.573306 INFO  BF_MC Write LAG node at addr 0x4017 with id 255 and next node 0x4018 0x00ff_04018c00ff04017c
2025-04-10 03:24:59.573310 INFO  BF_MC Write LAG node at addr 0x4018 with id 255 and next node 0x4019 0x0000_00000000ff04019c
2025-04-10 03:24:59.573314 INFO  BF_MC Write LAG node at addr 0x4019 with id 255 and next node 0x401a 0x00ff_0401ac00ff04019c
2025-04-10 03:24:59.573318 INFO  BF_MC Write LAG node at addr 0x401a with id 255 and next node 0x401b 0x0000_00000000ff0401bc
2025-04-10 03:24:59.573322 INFO  BF_MC Write LAG node at addr 0x401b with id 255 and next node 0x401c 0x00ff_0401cc00ff0401bc
2025-04-10 03:24:59.573326 INFO  BF_MC Write LAG node at addr 0x401c with id 255 and next node 0x401d 0x0000_00000000ff0401dc
2025-04-10 03:24:59.573330 INFO  BF_MC Write LAG node at addr 0x401d with id 255 and next node 0x401e 0x00ff_0401ec00ff0401dc
2025-04-10 03:24:59.573334 INFO  BF_MC Write LAG node at addr 0x401e with id 255 and next node 0x401f 0x0000_00000000ff0401fc
2025-04-10 03:24:59.573338 INFO  BF_MC Write LAG node at addr 0x401f with id 255 and next node 0x4020 0x00ff_04020c00ff0401fc
2025-04-10 03:24:59.573342 INFO  BF_MC Write LAG node at addr 0x4020 with id 255 and next node 0x4021 0x0000_00000000ff04021c
2025-04-10 03:24:59.573346 INFO  BF_MC Write LAG node at addr 0x4021 with id 255 and next node 0x4022 0x00ff_04022c00ff04021c
2025-04-10 03:24:59.573350 INFO  BF_MC Write LAG node at addr 0x4022 with id 255 and next node 0x4023 0x0000_00000000ff04023c
2025-04-10 03:24:59.573354 INFO  BF_MC Write LAG node at addr 0x4023 with id 255 and next node 0x4024 0x00ff_04024c00ff04023c
2025-04-10 03:24:59.573361 INFO  BF_MC Write LAG node at addr 0x4024 with id 255 and next node 0x4025 0x0000_00000000ff04025c
2025-04-10 03:24:59.573365 INFO  BF_MC Write LAG node at addr 0x4025 with id 255 and next node 0x4026 0x00ff_04026c00ff04025c
2025-04-10 03:24:59.573369 INFO  BF_MC Write LAG node at addr 0x4026 with id 255 and next node 0x4027 0x0000_00000000ff04027c
2025-04-10 03:24:59.573374 INFO  BF_MC Write LAG node at addr 0x4027 with id 255 and next node 0x4028 0x00ff_04028c00ff04027c
2025-04-10 03:24:59.573378 INFO  BF_MC Write LAG node at addr 0x4028 with id 255 and next node 0x4029 0x0000_00000000ff04029c
2025-04-10 03:24:59.573381 INFO  BF_MC Write LAG node at addr 0x4029 with id 255 and next node 0x402a 0x00ff_0402ac00ff04029c
2025-04-10 03:24:59.573385 INFO  BF_MC Write LAG node at addr 0x402a with id 255 and next node 0x402b 0x0000_00000000ff0402bc
2025-04-10 03:24:59.573390 INFO  BF_MC Write LAG node at addr 0x402b with id 255 and next node 0x402c 0x00ff_0402cc00ff0402bc
2025-04-10 03:24:59.573393 INFO  BF_MC Write LAG node at addr 0x402c with id 255 and next node 0x402d 0x0000_00000000ff0402dc
2025-04-10 03:24:59.573397 INFO  BF_MC Write LAG node at addr 0x402d with id 255 and next node 0x402e 0x00ff_0402ec00ff0402dc
2025-04-10 03:24:59.573401 INFO  BF_MC Write LAG node at addr 0x402e with id 255 and next node 0x402f 0x0000_00000000ff0402fc
2025-04-10 03:24:59.573406 INFO  BF_MC Write LAG node at addr 0x402f with id 255 and next node 0x4030 0x00ff_04030c00ff0402fc
2025-04-10 03:24:59.573409 INFO  BF_MC Write LAG node at addr 0x4030 with id 255 and next node 0x4031 0x0000_00000000ff04031c
2025-04-10 03:24:59.573413 INFO  BF_MC Write LAG node at addr 0x4031 with id 255 and next node 0x4032 0x00ff_04032c00ff04031c
2025-04-10 03:24:59.573417 INFO  BF_MC Write LAG node at addr 0x4032 with id 255 and next node 0x4033 0x0000_00000000ff04033c
2025-04-10 03:24:59.573422 INFO  BF_MC Write LAG node at addr 0x4033 with id 255 and next node 0x4034 0x00ff_04034c00ff04033c
2025-04-10 03:24:59.573426 INFO  BF_MC Write LAG node at addr 0x4034 with id 255 and next node 0x4035 0x0000_00000000ff04035c
2025-04-10 03:24:59.573429 INFO  BF_MC Write LAG node at addr 0x4035 with id 255 and next node 0x4036 0x00ff_04036c00ff04035c
2025-04-10 03:24:59.573433 INFO  BF_MC Write LAG node at addr 0x4036 with id 255 and next node 0x4037 0x0000_00000000ff04037c
2025-04-10 03:24:59.573438 INFO  BF_MC Write LAG node at addr 0x4037 with id 255 and next node 0x4038 0x00ff_04038c00ff04037c
2025-04-10 03:24:59.573441 INFO  BF_MC Write LAG node at addr 0x4038 with id 255 and next node 0x4039 0x0000_00000000ff04039c
2025-04-10 03:24:59.573445 INFO  BF_MC Write LAG node at addr 0x4039 with id 255 and next node 0x403a 0x00ff_0403ac00ff04039c
2025-04-10 03:24:59.573449 INFO  BF_MC Write LAG node at addr 0x403a with id 255 and next node 0x403b 0x0000_00000000ff0403bc
2025-04-10 03:24:59.573453 INFO  BF_MC Write LAG node at addr 0x403b with id 255 and next node 0x403c 0x00ff_0403cc00ff0403bc
2025-04-10 03:24:59.573457 INFO  BF_MC Write LAG node at addr 0x403c with id 255 and next node 0x403d 0x0000_00000000ff0403dc
2025-04-10 03:24:59.573461 INFO  BF_MC Write LAG node at addr 0x403d with id 255 and next node 0x403e 0x00ff_0403ec00ff0403dc
2025-04-10 03:24:59.573464 INFO  BF_MC Write LAG node at addr 0x403e with id 255 and next node 0x403f 0x0000_00000000ff0403fc
2025-04-10 03:24:59.573469 INFO  BF_MC Write LAG node at addr 0x403f with id 255 and next node 0x4040 0x00ff_04040c00ff0403fc
2025-04-10 03:24:59.573473 INFO  BF_MC Write LAG node at addr 0x4040 with id 255 and next node 0x4041 0x0000_00000000ff04041c
2025-04-10 03:24:59.573476 INFO  BF_MC Write LAG node at addr 0x4041 with id 255 and next node 0x4042 0x00ff_04042c00ff04041c
2025-04-10 03:24:59.573480 INFO  BF_MC Write LAG node at addr 0x4042 with id 255 and next node 0x4043 0x0000_00000000ff04043c
2025-04-10 03:24:59.573485 INFO  BF_MC Write LAG node at addr 0x4043 with id 255 and next node 0x4044 0x00ff_04044c00ff04043c
2025-04-10 03:24:59.573488 INFO  BF_MC Write LAG node at addr 0x4044 with id 255 and next node 0x4045 0x0000_00000000ff04045c
2025-04-10 03:24:59.573497 INFO  BF_MC Write LAG node at addr 0x4045 with id 255 and next node 0x4046 0x00ff_04046c00ff04045c
2025-04-10 03:24:59.573501 INFO  BF_MC Write LAG node at addr 0x4046 with id 255 and next node 0x4047 0x0000_00000000ff04047c
2025-04-10 03:24:59.573505 INFO  BF_MC Write LAG node at addr 0x4047 with id 255 and next node 0x4048 0x00ff_04048c00ff04047c
2025-04-10 03:24:59.573509 INFO  BF_MC Write LAG node at addr 0x4048 with id 255 and next node 0x4049 0x0000_00000000ff04049c
2025-04-10 03:24:59.573513 INFO  BF_MC Write LAG node at addr 0x4049 with id 255 and next node 0x404a 0x00ff_0404ac00ff04049c
2025-04-10 03:24:59.573516 INFO  BF_MC Write LAG node at addr 0x404a with id 255 and next node 0x404b 0x0000_00000000ff0404bc
2025-04-10 03:24:59.573521 INFO  BF_MC Write LAG node at addr 0x404b with id 255 and next node 0x404c 0x00ff_0404cc00ff0404bc
2025-04-10 03:24:59.573525 INFO  BF_MC Write LAG node at addr 0x404c with id 255 and next node 0x404d 0x0000_00000000ff0404dc
2025-04-10 03:24:59.573528 INFO  BF_MC Write LAG node at addr 0x404d with id 255 and next node 0x404e 0x00ff_0404ec00ff0404dc
2025-04-10 03:24:59.573532 INFO  BF_MC Write LAG node at addr 0x404e with id 255 and next node 0x404f 0x0000_00000000ff0404fc
2025-04-10 03:24:59.573537 INFO  BF_MC Write LAG node at addr 0x404f with id 255 and next node 0x4050 0x00ff_04050c00ff0404fc
2025-04-10 03:24:59.573540 INFO  BF_MC Write LAG node at addr 0x4050 with id 255 and next node 0x4051 0x0000_00000000ff04051c
2025-04-10 03:24:59.573544 INFO  BF_MC Write LAG node at addr 0x4051 with id 255 and next node 0x4052 0x00ff_04052c00ff04051c
2025-04-10 03:24:59.573548 INFO  BF_MC Write LAG node at addr 0x4052 with id 255 and next node 0x4053 0x0000_00000000ff04053c
2025-04-10 03:24:59.573553 INFO  BF_MC Write LAG node at addr 0x4053 with id 255 and next node 0x4054 0x00ff_04054c00ff04053c
2025-04-10 03:24:59.573557 INFO  BF_MC Write LAG node at addr 0x4054 with id 255 and next node 0x4055 0x0000_00000000ff04055c
2025-04-10 03:24:59.573560 INFO  BF_MC Write LAG node at addr 0x4055 with id 255 and next node 0x4056 0x00ff_04056c00ff04055c
2025-04-10 03:24:59.573564 INFO  BF_MC Write LAG node at addr 0x4056 with id 255 and next node 0x4057 0x0000_00000000ff04057c
2025-04-10 03:24:59.573569 INFO  BF_MC Write LAG node at addr 0x4057 with id 255 and next node 0x4058 0x00ff_04058c00ff04057c
2025-04-10 03:24:59.573572 INFO  BF_MC Write LAG node at addr 0x4058 with id 255 and next node 0x4059 0x0000_00000000ff04059c
2025-04-10 03:24:59.573576 INFO  BF_MC Write LAG node at addr 0x4059 with id 255 and next node 0x405a 0x00ff_0405ac00ff04059c
2025-04-10 03:24:59.573580 INFO  BF_MC Write LAG node at addr 0x405a with id 255 and next node 0x405b 0x0000_00000000ff0405bc
2025-04-10 03:24:59.573585 INFO  BF_MC Write LAG node at addr 0x405b with id 255 and next node 0x405c 0x00ff_0405cc00ff0405bc
2025-04-10 03:24:59.573588 INFO  BF_MC Write LAG node at addr 0x405c with id 255 and next node 0x405d 0x0000_00000000ff0405dc
2025-04-10 03:24:59.573592 INFO  BF_MC Write LAG node at addr 0x405d with id 255 and next node 0x405e 0x00ff_0405ec00ff0405dc
2025-04-10 03:24:59.573596 INFO  BF_MC Write LAG node at addr 0x405e with id 255 and next node 0x405f 0x0000_00000000ff0405fc
2025-04-10 03:24:59.573600 INFO  BF_MC Write LAG node at addr 0x405f with id 255 and next node 0x4060 0x00ff_04060c00ff0405fc
2025-04-10 03:24:59.573604 INFO  BF_MC Write LAG node at addr 0x4060 with id 255 and next node 0x4061 0x0000_00000000ff04061c
2025-04-10 03:24:59.573608 INFO  BF_MC Write LAG node at addr 0x4061 with id 255 and next node 0x4062 0x00ff_04062c00ff04061c
2025-04-10 03:24:59.573612 INFO  BF_MC Write LAG node at addr 0x4062 with id 255 and next node 0x4063 0x0000_00000000ff04063c
2025-04-10 03:24:59.573617 INFO  BF_MC Write LAG node at addr 0x4063 with id 255 and next node 0x4064 0x00ff_04064c00ff04063c
2025-04-10 03:24:59.573620 INFO  BF_MC Write LAG node at addr 0x4064 with id 255 and next node 0x4065 0x0000_00000000ff04065c
2025-04-10 03:24:59.573626 INFO  BF_MC Write LAG node at addr 0x4065 with id 255 and next node 0x4066 0x00ff_04066c00ff04065c
2025-04-10 03:24:59.573630 INFO  BF_MC Write LAG node at addr 0x4066 with id 255 and next node 0x4067 0x0000_00000000ff04067c
2025-04-10 03:24:59.573635 INFO  BF_MC Write LAG node at addr 0x4067 with id 255 and next node 0x4068 0x00ff_04068c00ff04067c
2025-04-10 03:24:59.573638 INFO  BF_MC Write LAG node at addr 0x4068 with id 255 and next node 0x4069 0x0000_00000000ff04069c
2025-04-10 03:24:59.573642 INFO  BF_MC Write LAG node at addr 0x4069 with id 255 and next node 0x406a 0x00ff_0406ac00ff04069c
2025-04-10 03:24:59.573646 INFO  BF_MC Write LAG node at addr 0x406a with id 255 and next node 0x406b 0x0000_00000000ff0406bc
2025-04-10 03:24:59.573650 INFO  BF_MC Write LAG node at addr 0x406b with id 255 and next node 0x406c 0x00ff_0406cc00ff0406bc
2025-04-10 03:24:59.573654 INFO  BF_MC Write LAG node at addr 0x406c with id 255 and next node 0x406d 0x0000_00000000ff0406dc
2025-04-10 03:24:59.573658 INFO  BF_MC Write LAG node at addr 0x406d with id 255 and next node 0x406e 0x00ff_0406ec00ff0406dc
2025-04-10 03:24:59.573662 INFO  BF_MC Write LAG node at addr 0x406e with id 255 and next node 0x406f 0x0000_00000000ff0406fc
2025-04-10 03:24:59.573666 INFO  BF_MC Write LAG node at addr 0x406f with id 255 and next node 0x4070 0x00ff_04070c00ff0406fc
2025-04-10 03:24:59.573670 INFO  BF_MC Write LAG node at addr 0x4070 with id 255 and next node 0x4071 0x0000_00000000ff04071c
2025-04-10 03:24:59.573674 INFO  BF_MC Write LAG node at addr 0x4071 with id 255 and next node 0x4072 0x00ff_04072c00ff04071c
2025-04-10 03:24:59.573677 INFO  BF_MC Write LAG node at addr 0x4072 with id 255 and next node 0x4073 0x0000_00000000ff04073c
2025-04-10 03:24:59.573682 INFO  BF_MC Write LAG node at addr 0x4073 with id 255 and next node 0x4074 0x00ff_04074c00ff04073c
2025-04-10 03:24:59.573685 INFO  BF_MC Write LAG node at addr 0x4074 with id 255 and next node 0x4075 0x0000_00000000ff04075c
2025-04-10 03:24:59.573689 INFO  BF_MC Write LAG node at addr 0x4075 with id 255 and next node 0x4076 0x00ff_04076c00ff04075c
2025-04-10 03:24:59.573693 INFO  BF_MC Write LAG node at addr 0x4076 with id 255 and next node 0x4077 0x0000_00000000ff04077c
2025-04-10 03:24:59.573697 INFO  BF_MC Write LAG node at addr 0x4077 with id 255 and next node 0x4078 0x00ff_04078c00ff04077c
2025-04-10 03:24:59.573701 INFO  BF_MC Write LAG node at addr 0x4078 with id 255 and next node 0x4079 0x0000_00000000ff04079c
2025-04-10 03:24:59.573705 INFO  BF_MC Write LAG node at addr 0x4079 with id 255 and next node 0x407a 0x00ff_0407ac00ff04079c
2025-04-10 03:24:59.573709 INFO  BF_MC Write LAG node at addr 0x407a with id 255 and next node 0x407b 0x0000_00000000ff0407bc
2025-04-10 03:24:59.573713 INFO  BF_MC Write LAG node at addr 0x407b with id 255 and next node 0x407c 0x00ff_0407cc00ff0407bc
2025-04-10 03:24:59.573717 INFO  BF_MC Write LAG node at addr 0x407c with id 255 and next node 0x407d 0x0000_00000000ff0407dc
2025-04-10 03:24:59.573721 INFO  BF_MC Write LAG node at addr 0x407d with id 255 and next node 0x407e 0x00ff_0407ec00ff0407dc
2025-04-10 03:24:59.573725 INFO  BF_MC Write LAG node at addr 0x407e with id 255 and next node 0x407f 0x0000_00000000ff0407fc
2025-04-10 03:24:59.573729 INFO  BF_MC Write LAG node at addr 0x407f with id 255 and next node 0x4080 0x00ff_04080c00ff0407fc
2025-04-10 03:24:59.573733 INFO  BF_MC Write LAG node at addr 0x4080 with id 255 and next node 0x4081 0x0000_00000000ff04081c
2025-04-10 03:24:59.573737 INFO  BF_MC Write LAG node at addr 0x4081 with id 255 and next node 0x4082 0x00ff_04082c00ff04081c
2025-04-10 03:24:59.573741 INFO  BF_MC Write LAG node at addr 0x4082 with id 255 and next node 0x4083 0x0000_00000000ff04083c
2025-04-10 03:24:59.573745 INFO  BF_MC Write LAG node at addr 0x4083 with id 255 and next node 0x4084 0x00ff_04084c00ff04083c
2025-04-10 03:24:59.573749 INFO  BF_MC Write LAG node at addr 0x4084 with id 255 and next node 0x4085 0x0000_00000000ff04085c
2025-04-10 03:24:59.573753 INFO  BF_MC Write LAG node at addr 0x4085 with id 255 and next node 0x4086 0x00ff_04086c00ff04085c
2025-04-10 03:24:59.573759 INFO  BF_MC Write LAG node at addr 0x4086 with id 255 and next node 0x4087 0x0000_00000000ff04087c
2025-04-10 03:24:59.573763 INFO  BF_MC Write LAG node at addr 0x4087 with id 255 and next node 0x4088 0x00ff_04088c00ff04087c
2025-04-10 03:24:59.573767 INFO  BF_MC Write LAG node at addr 0x4088 with id 255 and next node 0x4089 0x0000_00000000ff04089c
2025-04-10 03:24:59.573771 INFO  BF_MC Write LAG node at addr 0x4089 with id 255 and next node 0x408a 0x00ff_0408ac00ff04089c
2025-04-10 03:24:59.573775 INFO  BF_MC Write LAG node at addr 0x408a with id 255 and next node 0x408b 0x0000_00000000ff0408bc
2025-04-10 03:24:59.573779 INFO  BF_MC Write LAG node at addr 0x408b with id 255 and next node 0x408c 0x00ff_0408cc00ff0408bc
2025-04-10 03:24:59.573783 INFO  BF_MC Write LAG node at addr 0x408c with id 255 and next node 0x408d 0x0000_00000000ff0408dc
2025-04-10 03:24:59.573787 INFO  BF_MC Write LAG node at addr 0x408d with id 255 and next node 0x408e 0x00ff_0408ec00ff0408dc
2025-04-10 03:24:59.573790 INFO  BF_MC Write LAG node at addr 0x408e with id 255 and next node 0x408f 0x0000_00000000ff0408fc
2025-04-10 03:24:59.573795 INFO  BF_MC Write LAG node at addr 0x408f with id 255 and next node 0x4090 0x00ff_04090c00ff0408fc
2025-04-10 03:24:59.573799 INFO  BF_MC Write LAG node at addr 0x4090 with id 255 and next node 0x4091 0x0000_00000000ff04091c
2025-04-10 03:24:59.573803 INFO  BF_MC Write LAG node at addr 0x4091 with id 255 and next node 0x4092 0x00ff_04092c00ff04091c
2025-04-10 03:24:59.573806 INFO  BF_MC Write LAG node at addr 0x4092 with id 255 and next node 0x4093 0x0000_00000000ff04093c
2025-04-10 03:24:59.573811 INFO  BF_MC Write LAG node at addr 0x4093 with id 255 and next node 0x4094 0x00ff_04094c00ff04093c
2025-04-10 03:24:59.573815 INFO  BF_MC Write LAG node at addr 0x4094 with id 255 and next node 0x4095 0x0000_00000000ff04095c
2025-04-10 03:24:59.573818 INFO  BF_MC Write LAG node at addr 0x4095 with id 255 and next node 0x4096 0x00ff_04096c00ff04095c
2025-04-10 03:24:59.573822 INFO  BF_MC Write LAG node at addr 0x4096 with id 255 and next node 0x4097 0x0000_00000000ff04097c
2025-04-10 03:24:59.573827 INFO  BF_MC Write LAG node at addr 0x4097 with id 255 and next node 0x4098 0x00ff_04098c00ff04097c
2025-04-10 03:24:59.573830 INFO  BF_MC Write LAG node at addr 0x4098 with id 255 and next node 0x4099 0x0000_00000000ff04099c
2025-04-10 03:24:59.573834 INFO  BF_MC Write LAG node at addr 0x4099 with id 255 and next node 0x409a 0x00ff_0409ac00ff04099c
2025-04-10 03:24:59.573838 INFO  BF_MC Write LAG node at addr 0x409a with id 255 and next node 0x409b 0x0000_00000000ff0409bc
2025-04-10 03:24:59.573842 INFO  BF_MC Write LAG node at addr 0x409b with id 255 and next node 0x409c 0x00ff_0409cc00ff0409bc
2025-04-10 03:24:59.573846 INFO  BF_MC Write LAG node at addr 0x409c with id 255 and next node 0x409d 0x0000_00000000ff0409dc
2025-04-10 03:24:59.573850 INFO  BF_MC Write LAG node at addr 0x409d with id 255 and next node 0x409e 0x00ff_0409ec00ff0409dc
2025-04-10 03:24:59.573854 INFO  BF_MC Write LAG node at addr 0x409e with id 255 and next node 0x409f 0x0000_00000000ff0409fc
2025-04-10 03:24:59.573858 INFO  BF_MC Write LAG node at addr 0x409f with id 255 and next node 0x40a0 0x00ff_040a0c00ff0409fc
2025-04-10 03:24:59.573862 INFO  BF_MC Write LAG node at addr 0x40a0 with id 255 and next node 0x40a1 0x0000_00000000ff040a1c
2025-04-10 03:24:59.573866 INFO  BF_MC Write LAG node at addr 0x40a1 with id 255 and next node 0x40a2 0x00ff_040a2c00ff040a1c
2025-04-10 03:24:59.573870 INFO  BF_MC Write LAG node at addr 0x40a2 with id 255 and next node 0x40a3 0x0000_00000000ff040a3c
2025-04-10 03:24:59.573875 INFO  BF_MC Write LAG node at addr 0x40a3 with id 255 and next node 0x40a4 0x00ff_040a4c00ff040a3c
2025-04-10 03:24:59.573879 INFO  BF_MC Write LAG node at addr 0x40a4 with id 255 and next node 0x40a5 0x0000_00000000ff040a5c
2025-04-10 03:24:59.573883 INFO  BF_MC Write LAG node at addr 0x40a5 with id 255 and next node 0x40a6 0x00ff_040a6c00ff040a5c
2025-04-10 03:24:59.573889 INFO  BF_MC Write LAG node at addr 0x40a6 with id 255 and next node 0x40a7 0x0000_00000000ff040a7c
2025-04-10 03:24:59.573893 INFO  BF_MC Write LAG node at addr 0x40a7 with id 255 and next node 0x40a8 0x00ff_040a8c00ff040a7c
2025-04-10 03:24:59.573897 INFO  BF_MC Write LAG node at addr 0x40a8 with id 255 and next node 0x40a9 0x0000_00000000ff040a9c
2025-04-10 03:24:59.573901 INFO  BF_MC Write LAG node at addr 0x40a9 with id 255 and next node 0x40aa 0x00ff_040aac00ff040a9c
2025-04-10 03:24:59.573905 INFO  BF_MC Write LAG node at addr 0x40aa with id 255 and next node 0x40ab 0x0000_00000000ff040abc
2025-04-10 03:24:59.573909 INFO  BF_MC Write LAG node at addr 0x40ab with id 255 and next node 0x40ac 0x00ff_040acc00ff040abc
2025-04-10 03:24:59.573913 INFO  BF_MC Write LAG node at addr 0x40ac with id 255 and next node 0x40ad 0x0000_00000000ff040adc
2025-04-10 03:24:59.573917 INFO  BF_MC Write LAG node at addr 0x40ad with id 255 and next node 0x40ae 0x00ff_040aec00ff040adc
2025-04-10 03:24:59.573920 INFO  BF_MC Write LAG node at addr 0x40ae with id 255 and next node 0x40af 0x0000_00000000ff040afc
2025-04-10 03:24:59.573925 INFO  BF_MC Write LAG node at addr 0x40af with id 255 and next node 0x40b0 0x00ff_040b0c00ff040afc
2025-04-10 03:24:59.573929 INFO  BF_MC Write LAG node at addr 0x40b0 with id 255 and next node 0x40b1 0x0000_00000000ff040b1c
2025-04-10 03:24:59.573932 INFO  BF_MC Write LAG node at addr 0x40b1 with id 255 and next node 0x40b2 0x00ff_040b2c00ff040b1c
2025-04-10 03:24:59.573936 INFO  BF_MC Write LAG node at addr 0x40b2 with id 255 and next node 0x40b3 0x0000_00000000ff040b3c
2025-04-10 03:24:59.573941 INFO  BF_MC Write LAG node at addr 0x40b3 with id 255 and next node 0x40b4 0x00ff_040b4c00ff040b3c
2025-04-10 03:24:59.573944 INFO  BF_MC Write LAG node at addr 0x40b4 with id 255 and next node 0x40b5 0x0000_00000000ff040b5c
2025-04-10 03:24:59.573948 INFO  BF_MC Write LAG node at addr 0x40b5 with id 255 and next node 0x40b6 0x00ff_040b6c00ff040b5c
2025-04-10 03:24:59.573952 INFO  BF_MC Write LAG node at addr 0x40b6 with id 255 and next node 0x40b7 0x0000_00000000ff040b7c
2025-04-10 03:24:59.573957 INFO  BF_MC Write LAG node at addr 0x40b7 with id 255 and next node 0x40b8 0x00ff_040b8c00ff040b7c
2025-04-10 03:24:59.573960 INFO  BF_MC Write LAG node at addr 0x40b8 with id 255 and next node 0x40b9 0x0000_00000000ff040b9c
2025-04-10 03:24:59.573964 INFO  BF_MC Write LAG node at addr 0x40b9 with id 255 and next node 0x40ba 0x00ff_040bac00ff040b9c
2025-04-10 03:24:59.573968 INFO  BF_MC Write LAG node at addr 0x40ba with id 255 and next node 0x40bb 0x0000_00000000ff040bbc
2025-04-10 03:24:59.573972 INFO  BF_MC Write LAG node at addr 0x40bb with id 255 and next node 0x40bc 0x00ff_040bcc00ff040bbc
2025-04-10 03:24:59.573976 INFO  BF_MC Write LAG node at addr 0x40bc with id 255 and next node 0x40bd 0x0000_00000000ff040bdc
2025-04-10 03:24:59.573980 INFO  BF_MC Write LAG node at addr 0x40bd with id 255 and next node 0x40be 0x00ff_040bec00ff040bdc
2025-04-10 03:24:59.573984 INFO  BF_MC Write LAG node at addr 0x40be with id 255 and next node 0x40bf 0x0000_00000000ff040bfc
2025-04-10 03:24:59.573988 INFO  BF_MC Write LAG node at addr 0x40bf with id 255 and next node 0x40c0 0x00ff_040c0c00ff040bfc
2025-04-10 03:24:59.573992 INFO  BF_MC Write LAG node at addr 0x40c0 with id 255 and next node 0x40c1 0x0000_00000000ff040c1c
2025-04-10 03:24:59.573996 INFO  BF_MC Write LAG node at addr 0x40c1 with id 255 and next node 0x40c2 0x00ff_040c2c00ff040c1c
2025-04-10 03:24:59.574000 INFO  BF_MC Write LAG node at addr 0x40c2 with id 255 and next node 0x40c3 0x0000_00000000ff040c3c
2025-04-10 03:24:59.574004 INFO  BF_MC Write LAG node at addr 0x40c3 with id 255 and next node 0x40c4 0x00ff_040c4c00ff040c3c
2025-04-10 03:24:59.574008 INFO  BF_MC Write LAG node at addr 0x40c4 with id 255 and next node 0x40c5 0x0000_00000000ff040c5c
2025-04-10 03:24:59.574012 INFO  BF_MC Write LAG node at addr 0x40c5 with id 255 and next node 0x40c6 0x00ff_040c6c00ff040c5c
2025-04-10 03:24:59.574016 INFO  BF_MC Write LAG node at addr 0x40c6 with id 255 and next node 0x40c7 0x0000_00000000ff040c7c
2025-04-10 03:24:59.574022 INFO  BF_MC Write LAG node at addr 0x40c7 with id 255 and next node 0x40c8 0x00ff_040c8c00ff040c7c
2025-04-10 03:24:59.574026 INFO  BF_MC Write LAG node at addr 0x40c8 with id 255 and next node 0x40c9 0x0000_00000000ff040c9c
2025-04-10 03:24:59.574030 INFO  BF_MC Write LAG node at addr 0x40c9 with id 255 and next node 0x40ca 0x00ff_040cac00ff040c9c
2025-04-10 03:24:59.574034 INFO  BF_MC Write LAG node at addr 0x40ca with id 255 and next node 0x40cb 0x0000_00000000ff040cbc
2025-04-10 03:24:59.574038 INFO  BF_MC Write LAG node at addr 0x40cb with id 255 and next node 0x40cc 0x00ff_040ccc00ff040cbc
2025-04-10 03:24:59.574042 INFO  BF_MC Write LAG node at addr 0x40cc with id 255 and next node 0x40cd 0x0000_00000000ff040cdc
2025-04-10 03:24:59.574046 INFO  BF_MC Write LAG node at addr 0x40cd with id 255 and next node 0x40ce 0x00ff_040cec00ff040cdc
2025-04-10 03:24:59.574049 INFO  BF_MC Write LAG node at addr 0x40ce with id 255 and next node 0x40cf 0x0000_00000000ff040cfc
2025-04-10 03:24:59.574054 INFO  BF_MC Write LAG node at addr 0x40cf with id 255 and next node 0x40d0 0x00ff_040d0c00ff040cfc
2025-04-10 03:24:59.574058 INFO  BF_MC Write LAG node at addr 0x40d0 with id 255 and next node 0x40d1 0x0000_00000000ff040d1c
2025-04-10 03:24:59.574061 INFO  BF_MC Write LAG node at addr 0x40d1 with id 255 and next node 0x40d2 0x00ff_040d2c00ff040d1c
2025-04-10 03:24:59.574065 INFO  BF_MC Write LAG node at addr 0x40d2 with id 255 and next node 0x40d3 0x0000_00000000ff040d3c
2025-04-10 03:24:59.574070 INFO  BF_MC Write LAG node at addr 0x40d3 with id 255 and next node 0x40d4 0x00ff_040d4c00ff040d3c
2025-04-10 03:24:59.574073 INFO  BF_MC Write LAG node at addr 0x40d4 with id 255 and next node 0x40d5 0x0000_00000000ff040d5c
2025-04-10 03:24:59.574077 INFO  BF_MC Write LAG node at addr 0x40d5 with id 255 and next node 0x40d6 0x00ff_040d6c00ff040d5c
2025-04-10 03:24:59.574081 INFO  BF_MC Write LAG node at addr 0x40d6 with id 255 and next node 0x40d7 0x0000_00000000ff040d7c
2025-04-10 03:24:59.574086 INFO  BF_MC Write LAG node at addr 0x40d7 with id 255 and next node 0x40d8 0x00ff_040d8c00ff040d7c
2025-04-10 03:24:59.574089 INFO  BF_MC Write LAG node at addr 0x40d8 with id 255 and next node 0x40d9 0x0000_00000000ff040d9c
2025-04-10 03:24:59.574093 INFO  BF_MC Write LAG node at addr 0x40d9 with id 255 and next node 0x40da 0x00ff_040dac00ff040d9c
2025-04-10 03:24:59.574097 INFO  BF_MC Write LAG node at addr 0x40da with id 255 and next node 0x40db 0x0000_00000000ff040dbc
2025-04-10 03:24:59.574107 INFO  BF_MC Write LAG node at addr 0x40db with id 255 and next node 0x40dc 0x00ff_040dcc00ff040dbc
2025-04-10 03:24:59.574111 INFO  BF_MC Write LAG node at addr 0x40dc with id 255 and next node 0x40dd 0x0000_00000000ff040ddc
2025-04-10 03:24:59.574115 INFO  BF_MC Write LAG node at addr 0x40dd with id 255 and next node 0x40de 0x00ff_040dec00ff040ddc
2025-04-10 03:24:59.574119 INFO  BF_MC Write LAG node at addr 0x40de with id 255 and next node 0x40df 0x0000_00000000ff040dfc
2025-04-10 03:24:59.574123 INFO  BF_MC Write LAG node at addr 0x40df with id 255 and next node 0x40e0 0x00ff_040e0c00ff040dfc
2025-04-10 03:24:59.574127 INFO  BF_MC Write LAG node at addr 0x40e0 with id 255 and next node 0x40e1 0x0000_00000000ff040e1c
2025-04-10 03:24:59.574131 INFO  BF_MC Write LAG node at addr 0x40e1 with id 255 and next node 0x40e2 0x00ff_040e2c00ff040e1c
2025-04-10 03:24:59.574135 INFO  BF_MC Write LAG node at addr 0x40e2 with id 255 and next node 0x40e3 0x0000_00000000ff040e3c
2025-04-10 03:24:59.574139 INFO  BF_MC Write LAG node at addr 0x40e3 with id 255 and next node 0x40e4 0x00ff_040e4c00ff040e3c
2025-04-10 03:24:59.574143 INFO  BF_MC Write LAG node at addr 0x40e4 with id 255 and next node 0x40e5 0x0000_00000000ff040e5c
2025-04-10 03:24:59.574147 INFO  BF_MC Write LAG node at addr 0x40e5 with id 255 and next node 0x40e6 0x00ff_040e6c00ff040e5c
2025-04-10 03:24:59.574151 INFO  BF_MC Write LAG node at addr 0x40e6 with id 255 and next node 0x40e7 0x0000_00000000ff040e7c
2025-04-10 03:24:59.574157 INFO  BF_MC Write LAG node at addr 0x40e7 with id 255 and next node 0x40e8 0x00ff_040e8c00ff040e7c
2025-04-10 03:24:59.574161 INFO  BF_MC Write LAG node at addr 0x40e8 with id 255 and next node 0x40e9 0x0000_00000000ff040e9c
2025-04-10 03:24:59.574165 INFO  BF_MC Write LAG node at addr 0x40e9 with id 255 and next node 0x40ea 0x00ff_040eac00ff040e9c
2025-04-10 03:24:59.574169 INFO  BF_MC Write LAG node at addr 0x40ea with id 255 and next node 0x40eb 0x0000_00000000ff040ebc
2025-04-10 03:24:59.574173 INFO  BF_MC Write LAG node at addr 0x40eb with id 255 and next node 0x40ec 0x00ff_040ecc00ff040ebc
2025-04-10 03:24:59.574177 INFO  BF_MC Write LAG node at addr 0x40ec with id 255 and next node 0x40ed 0x0000_00000000ff040edc
2025-04-10 03:24:59.574181 INFO  BF_MC Write LAG node at addr 0x40ed with id 255 and next node 0x40ee 0x00ff_040eec00ff040edc
2025-04-10 03:24:59.574185 INFO  BF_MC Write LAG node at addr 0x40ee with id 255 and next node 0x40ef 0x0000_00000000ff040efc
2025-04-10 03:24:59.574189 INFO  BF_MC Write LAG node at addr 0x40ef with id 255 and next node 0x40f0 0x00ff_040f0c00ff040efc
2025-04-10 03:24:59.574193 INFO  BF_MC Write LAG node at addr 0x40f0 with id 255 and next node 0x40f1 0x0000_00000000ff040f1c
2025-04-10 03:24:59.574197 INFO  BF_MC Write LAG node at addr 0x40f1 with id 255 and next node 0x40f2 0x00ff_040f2c00ff040f1c
2025-04-10 03:24:59.574200 INFO  BF_MC Write LAG node at addr 0x40f2 with id 255 and next node 0x40f3 0x0000_00000000ff040f3c
2025-04-10 03:24:59.574205 INFO  BF_MC Write LAG node at addr 0x40f3 with id 255 and next node 0x40f4 0x00ff_040f4c00ff040f3c
2025-04-10 03:24:59.574209 INFO  BF_MC Write LAG node at addr 0x40f4 with id 255 and next node 0x40f5 0x0000_00000000ff040f5c
2025-04-10 03:24:59.574213 INFO  BF_MC Write LAG node at addr 0x40f5 with id 255 and next node 0x40f6 0x00ff_040f6c00ff040f5c
2025-04-10 03:24:59.574216 INFO  BF_MC Write LAG node at addr 0x40f6 with id 255 and next node 0x40f7 0x0000_00000000ff040f7c
2025-04-10 03:24:59.574221 INFO  BF_MC Write LAG node at addr 0x40f7 with id 255 and next node 0x40f8 0x00ff_040f8c00ff040f7c
2025-04-10 03:24:59.574225 INFO  BF_MC Write LAG node at addr 0x40f8 with id 255 and next node 0x40f9 0x0000_00000000ff040f9c
2025-04-10 03:24:59.574228 INFO  BF_MC Write LAG node at addr 0x40f9 with id 255 and next node 0x40fa 0x00ff_040fac00ff040f9c
2025-04-10 03:24:59.574232 INFO  BF_MC Write LAG node at addr 0x40fa with id 255 and next node 0x40fb 0x0000_00000000ff040fbc
2025-04-10 03:24:59.574237 INFO  BF_MC Write LAG node at addr 0x40fb with id 255 and next node 0x40fc 0x00ff_040fcc00ff040fbc
2025-04-10 03:24:59.574240 INFO  BF_MC Write LAG node at addr 0x40fc with id 255 and next node 0x40fd 0x0000_00000000ff040fdc
2025-04-10 03:24:59.574244 INFO  BF_MC Write LAG node at addr 0x40fd with id 255 and next node 0x40fe 0x00ff_040fec00ff040fdc
2025-04-10 03:24:59.574248 INFO  BF_MC Write LAG node at addr 0x40fe with id 255 and next node 0x40ff 0x0000_00000000ff040ffc
2025-04-10 03:24:59.574252 INFO  BF_MC Write LAG node at addr 0x40ff with id 255 and next node 0x4100 0x00ff_04100c00ff040ffc
2025-04-10 03:24:59.574256 INFO  BF_MC Write LAG node at addr 0x4100 with id 255 and next node 0x4101 0x0000_00000000ff04101c
2025-04-10 03:24:59.574260 INFO  BF_MC Write LAG node at addr 0x4101 with id 255 and next node 0x4102 0x00ff_04102c00ff04101c
2025-04-10 03:24:59.574264 INFO  BF_MC Write LAG node at addr 0x4102 with id 255 and next node 0x4103 0x0000_00000000ff04103c
2025-04-10 03:24:59.574269 INFO  BF_MC Write LAG node at addr 0x4103 with id 255 and next node 0 0x00ff_00000c00ff04103c
2025-04-10 03:24:59.574274 INFO  BF_MC Allocated RDM addresses 0x20 - 0x3f
2025-04-10 03:24:59.574278 INFO  BF_MC Write L1End node at addr 0x20, rid 0, l2 0x4101
2025-04-10 03:24:59.574281 INFO  BF_MC Write L1End node at addr 0x21, rid 0, l2 0x4100
2025-04-10 03:24:59.574286 INFO  BF_MC Write L1End node at addr 0x22, rid 0, l2 0x40ff
2025-04-10 03:24:59.574289 INFO  BF_MC Write L1End node at addr 0x23, rid 0, l2 0x40fe
2025-04-10 03:24:59.574293 INFO  BF_MC Write L1End node at addr 0x24, rid 0, l2 0x40fd
2025-04-10 03:24:59.574299 INFO  BF_MC Write L1End node at addr 0x25, rid 0, l2 0x40fc
2025-04-10 03:24:59.574303 INFO  BF_MC Write L1End node at addr 0x26, rid 0, l2 0x40fb
2025-04-10 03:24:59.574306 INFO  BF_MC Write L1End node at addr 0x27, rid 0, l2 0x40fa
2025-04-10 03:24:59.574310 INFO  BF_MC Write L1End node at addr 0x28, rid 0, l2 0x40f8
2025-04-10 03:24:59.574314 INFO  BF_MC Write L1End node at addr 0x29, rid 0, l2 0x40f6
2025-04-10 03:24:59.574297 DEBUG BF_PLTFM QSFP     8 : LPMODE = true
2025-04-10 03:24:59.574318 INFO  BF_MC Write L1End node at addr 0x2a, rid 0, l2 0x40f4
2025-04-10 03:24:59.574330 INFO  BF_MC Write L1End node at addr 0x2b, rid 0, l2 0x40f2
2025-04-10 03:24:59.574333 INFO  BF_MC Write L1End node at addr 0x2c, rid 0, l2 0x40f0
2025-04-10 03:24:59.574338 INFO  BF_MC Write L1End node at addr 0x2d, rid 0, l2 0x40ee
2025-04-10 03:24:59.574342 INFO  BF_MC Write L1End node at addr 0x2e, rid 0, l2 0x40ec
2025-04-10 03:24:59.574345 INFO  BF_MC Write L1End node at addr 0x2f, rid 0, l2 0x40ea
2025-04-10 03:24:59.574349 INFO  BF_MC Write L1End node at addr 0x30, rid 0, l2 0x40e8
2025-04-10 03:24:59.574353 INFO  BF_MC Write L1End node at addr 0x31, rid 0, l2 0x40e6
2025-04-10 03:24:59.574357 INFO  BF_MC Write L1End node at addr 0x32, rid 0, l2 0x40e4
2025-04-10 03:24:59.574360 INFO  BF_MC Write L1End node at addr 0x33, rid 0, l2 0x40e0
2025-04-10 03:24:59.574364 INFO  BF_MC Write L1End node at addr 0x34, rid 0, l2 0x40dc
2025-04-10 03:24:59.574368 INFO  BF_MC Write L1End node at addr 0x35, rid 0, l2 0x40d8
2025-04-10 03:24:59.574372 INFO  BF_MC Write L1End node at addr 0x36, rid 0, l2 0x40d4
2025-04-10 03:24:59.574375 INFO  BF_MC Write L1End node at addr 0x37, rid 0, l2 0x40cc
2025-04-10 03:24:59.574379 INFO  BF_MC Write L1End node at addr 0x38, rid 0, l2 0x40c4
2025-04-10 03:24:59.574383 INFO  BF_MC Write L1End node at addr 0x39, rid 0, l2 0x40bc
2025-04-10 03:24:59.574387 INFO  BF_MC Write L1End node at addr 0x3a, rid 0, l2 0x40a0
2025-04-10 03:24:59.574390 INFO  BF_MC Write L1End node at addr 0x3b, rid 0, l2 0x4087
2025-04-10 03:24:59.574394 INFO  BF_MC Write L1End node at addr 0x3c, rid 0, l2 0x406e
2025-04-10 03:24:59.574398 INFO  BF_MC Write L1End node at addr 0x3d, rid 0, l2 0x4055
2025-04-10 03:24:59.574402 INFO  BF_MC Write L1End node at addr 0x3e, rid 0, l2 0x403c
2025-04-10 03:24:59.574406 INFO  BF_MC Write L1End node at addr 0x3f, rid 0, l2 0x4000
2025-04-10 03:24:59.574410 INFO  BF_MC Allocated RDM addresses 0x5000 - 0x5103
2025-04-10 03:24:59.574415 INFO  BF_MC Write LAG node at addr 0x5000 with id 255 and next node 0x5001 0x0000_00000000ff05001c
2025-04-10 03:24:59.574419 INFO  BF_MC Write LAG node at addr 0x5001 with id 255 and next node 0x5002 0x00ff_05002c00ff05001c
2025-04-10 03:24:59.574423 INFO  BF_MC Write LAG node at addr 0x5002 with id 255 and next node 0x5003 0x0000_00000000ff05003c
2025-04-10 03:24:59.574427 INFO  BF_MC Write LAG node at addr 0x5003 with id 255 and next node 0x5004 0x00ff_05004c00ff05003c
2025-04-10 03:24:59.574431 INFO  BF_MC Write LAG node at addr 0x5004 with id 255 and next node 0x5005 0x0000_00000000ff05005c
2025-04-10 03:24:59.574435 INFO  BF_MC Write LAG node at addr 0x5005 with id 255 and next node 0x5006 0x00ff_05006c00ff05005c
2025-04-10 03:24:59.574439 INFO  BF_MC Write LAG node at addr 0x5006 with id 255 and next node 0x5007 0x0000_00000000ff05007c
2025-04-10 03:24:59.574443 INFO  BF_MC Write LAG node at addr 0x5007 with id 255 and next node 0x5008 0x00ff_05008c00ff05007c
2025-04-10 03:24:59.574447 INFO  BF_MC Write LAG node at addr 0x5008 with id 255 and next node 0x5009 0x0000_00000000ff05009c
2025-04-10 03:24:59.574451 INFO  BF_MC Write LAG node at addr 0x5009 with id 255 and next node 0x500a 0x00ff_0500ac00ff05009c
2025-04-10 03:24:59.574455 INFO  BF_MC Write LAG node at addr 0x500a with id 255 and next node 0x500b 0x0000_00000000ff0500bc
2025-04-10 03:24:59.574459 INFO  BF_MC Write LAG node at addr 0x500b with id 255 and next node 0x500c 0x00ff_0500cc00ff0500bc
2025-04-10 03:24:59.574463 INFO  BF_MC Write LAG node at addr 0x500c with id 255 and next node 0x500d 0x0000_00000000ff0500dc
2025-04-10 03:24:59.574469 INFO  BF_MC Write LAG node at addr 0x500d with id 255 and next node 0x500e 0x00ff_0500ec00ff0500dc
2025-04-10 03:24:59.574473 INFO  BF_MC Write LAG node at addr 0x500e with id 255 and next node 0x500f 0x0000_00000000ff0500fc
2025-04-10 03:24:59.574477 INFO  BF_MC Write LAG node at addr 0x500f with id 255 and next node 0x5010 0x00ff_05010c00ff0500fc
2025-04-10 03:24:59.574481 INFO  BF_MC Write LAG node at addr 0x5010 with id 255 and next node 0x5011 0x0000_00000000ff05011c
2025-04-10 03:24:59.574485 INFO  BF_MC Write LAG node at addr 0x5011 with id 255 and next node 0x5012 0x00ff_05012c00ff05011c
2025-04-10 03:24:59.574489 INFO  BF_MC Write LAG node at addr 0x5012 with id 255 and next node 0x5013 0x0000_00000000ff05013c
2025-04-10 03:24:59.574493 INFO  BF_MC Write LAG node at addr 0x5013 with id 255 and next node 0x5014 0x00ff_05014c00ff05013c
2025-04-10 03:24:59.574497 INFO  BF_MC Write LAG node at addr 0x5014 with id 255 and next node 0x5015 0x0000_00000000ff05015c
2025-04-10 03:24:59.574501 INFO  BF_MC Write LAG node at addr 0x5015 with id 255 and next node 0x5016 0x00ff_05016c00ff05015c
2025-04-10 03:24:59.574505 INFO  BF_MC Write LAG node at addr 0x5016 with id 255 and next node 0x5017 0x0000_00000000ff05017c
2025-04-10 03:24:59.574509 INFO  BF_MC Write LAG node at addr 0x5017 with id 255 and next node 0x5018 0x00ff_05018c00ff05017c
2025-04-10 03:24:59.574513 INFO  BF_MC Write LAG node at addr 0x5018 with id 255 and next node 0x5019 0x0000_00000000ff05019c
2025-04-10 03:24:59.574517 INFO  BF_MC Write LAG node at addr 0x5019 with id 255 and next node 0x501a 0x00ff_0501ac00ff05019c
2025-04-10 03:24:59.574521 INFO  BF_MC Write LAG node at addr 0x501a with id 255 and next node 0x501b 0x0000_00000000ff0501bc
2025-04-10 03:24:59.574525 INFO  BF_MC Write LAG node at addr 0x501b with id 255 and next node 0x501c 0x00ff_0501cc00ff0501bc
2025-04-10 03:24:59.574529 INFO  BF_MC Write LAG node at addr 0x501c with id 255 and next node 0x501d 0x0000_00000000ff0501dc
2025-04-10 03:24:59.574534 INFO  BF_MC Write LAG node at addr 0x501d with id 255 and next node 0x501e 0x00ff_0501ec00ff0501dc
2025-04-10 03:24:59.574537 INFO  BF_MC Write LAG node at addr 0x501e with id 255 and next node 0x501f 0x0000_00000000ff0501fc
2025-04-10 03:24:59.574541 INFO  BF_MC Write LAG node at addr 0x501f with id 255 and next node 0x5020 0x00ff_05020c00ff0501fc
2025-04-10 03:24:59.574546 INFO  BF_MC Write LAG node at addr 0x5020 with id 255 and next node 0x5021 0x0000_00000000ff05021c
2025-04-10 03:24:59.574550 INFO  BF_MC Write LAG node at addr 0x5021 with id 255 and next node 0x5022 0x00ff_05022c00ff05021c
2025-04-10 03:24:59.574553 INFO  BF_MC Write LAG node at addr 0x5022 with id 255 and next node 0x5023 0x0000_00000000ff05023c
2025-04-10 03:24:59.574557 INFO  BF_MC Write LAG node at addr 0x5023 with id 255 and next node 0x5024 0x00ff_05024c00ff05023c
2025-04-10 03:24:59.574562 INFO  BF_MC Write LAG node at addr 0x5024 with id 255 and next node 0x5025 0x0000_00000000ff05025c
2025-04-10 03:24:59.574566 INFO  BF_MC Write LAG node at addr 0x5025 with id 255 and next node 0x5026 0x00ff_05026c00ff05025c
2025-04-10 03:24:59.574570 INFO  BF_MC Write LAG node at addr 0x5026 with id 255 and next node 0x5027 0x0000_00000000ff05027c
2025-04-10 03:24:59.574574 INFO  BF_MC Write LAG node at addr 0x5027 with id 255 and next node 0x5028 0x00ff_05028c00ff05027c
2025-04-10 03:24:59.574578 INFO  BF_MC Write LAG node at addr 0x5028 with id 255 and next node 0x5029 0x0000_00000000ff05029c
2025-04-10 03:24:59.574582 INFO  BF_MC Write LAG node at addr 0x5029 with id 255 and next node 0x502a 0x00ff_0502ac00ff05029c
2025-04-10 03:24:59.574586 INFO  BF_MC Write LAG node at addr 0x502a with id 255 and next node 0x502b 0x0000_00000000ff0502bc
2025-04-10 03:24:59.574590 INFO  BF_MC Write LAG node at addr 0x502b with id 255 and next node 0x502c 0x00ff_0502cc00ff0502bc
2025-04-10 03:24:59.574594 INFO  BF_MC Write LAG node at addr 0x502c with id 255 and next node 0x502d 0x0000_00000000ff0502dc
2025-04-10 03:24:59.574600 INFO  BF_MC Write LAG node at addr 0x502d with id 255 and next node 0x502e 0x00ff_0502ec00ff0502dc
2025-04-10 03:24:59.574604 INFO  BF_MC Write LAG node at addr 0x502e with id 255 and next node 0x502f 0x0000_00000000ff0502fc
2025-04-10 03:24:59.574608 INFO  BF_MC Write LAG node at addr 0x502f with id 255 and next node 0x5030 0x00ff_05030c00ff0502fc
2025-04-10 03:24:59.574612 INFO  BF_MC Write LAG node at addr 0x5030 with id 255 and next node 0x5031 0x0000_00000000ff05031c
2025-04-10 03:24:59.574616 INFO  BF_MC Write LAG node at addr 0x5031 with id 255 and next node 0x5032 0x00ff_05032c00ff05031c
2025-04-10 03:24:59.574620 INFO  BF_MC Write LAG node at addr 0x5032 with id 255 and next node 0x5033 0x0000_00000000ff05033c
2025-04-10 03:24:59.574624 INFO  BF_MC Write LAG node at addr 0x5033 with id 255 and next node 0x5034 0x00ff_05034c00ff05033c
2025-04-10 03:24:59.574628 INFO  BF_MC Write LAG node at addr 0x5034 with id 255 and next node 0x5035 0x0000_00000000ff05035c
2025-04-10 03:24:59.574632 INFO  BF_MC Write LAG node at addr 0x5035 with id 255 and next node 0x5036 0x00ff_05036c00ff05035c
2025-04-10 03:24:59.574636 INFO  BF_MC Write LAG node at addr 0x5036 with id 255 and next node 0x5037 0x0000_00000000ff05037c
2025-04-10 03:24:59.574640 INFO  BF_MC Write LAG node at addr 0x5037 with id 255 and next node 0x5038 0x00ff_05038c00ff05037c
2025-04-10 03:24:59.574644 INFO  BF_MC Write LAG node at addr 0x5038 with id 255 and next node 0x5039 0x0000_00000000ff05039c
2025-04-10 03:24:59.574648 INFO  BF_MC Write LAG node at addr 0x5039 with id 255 and next node 0x503a 0x00ff_0503ac00ff05039c
2025-04-10 03:24:59.574652 INFO  BF_MC Write LAG node at addr 0x503a with id 255 and next node 0x503b 0x0000_00000000ff0503bc
2025-04-10 03:24:59.574656 INFO  BF_MC Write LAG node at addr 0x503b with id 255 and next node 0x503c 0x00ff_0503cc00ff0503bc
2025-04-10 03:24:59.574660 INFO  BF_MC Write LAG node at addr 0x503c with id 255 and next node 0x503d 0x0000_00000000ff0503dc
2025-04-10 03:24:59.574664 INFO  BF_MC Write LAG node at addr 0x503d with id 255 and next node 0x503e 0x00ff_0503ec00ff0503dc
2025-04-10 03:24:59.574668 INFO  BF_MC Write LAG node at addr 0x503e with id 255 and next node 0x503f 0x0000_00000000ff0503fc
2025-04-10 03:24:59.574672 INFO  BF_MC Write LAG node at addr 0x503f with id 255 and next node 0x5040 0x00ff_05040c00ff0503fc
2025-04-10 03:24:59.574676 INFO  BF_MC Write LAG node at addr 0x5040 with id 255 and next node 0x5041 0x0000_00000000ff05041c
2025-04-10 03:24:59.574680 INFO  BF_MC Write LAG node at addr 0x5041 with id 255 and next node 0x5042 0x00ff_05042c00ff05041c
2025-04-10 03:24:59.574684 INFO  BF_MC Write LAG node at addr 0x5042 with id 255 and next node 0x5043 0x0000_00000000ff05043c
2025-04-10 03:24:59.574687 INFO  BF_MC Write LAG node at addr 0x5043 with id 255 and next node 0x5044 0x00ff_05044c00ff05043c
2025-04-10 03:24:59.574692 INFO  BF_MC Write LAG node at addr 0x5044 with id 255 and next node 0x5045 0x0000_00000000ff05045c
2025-04-10 03:24:59.574696 INFO  BF_MC Write LAG node at addr 0x5045 with id 255 and next node 0x5046 0x00ff_05046c00ff05045c
2025-04-10 03:24:59.574699 INFO  BF_MC Write LAG node at addr 0x5046 with id 255 and next node 0x5047 0x0000_00000000ff05047c
2025-04-10 03:24:59.574703 INFO  BF_MC Write LAG node at addr 0x5047 with id 255 and next node 0x5048 0x00ff_05048c00ff05047c
2025-04-10 03:24:59.574708 INFO  BF_MC Write LAG node at addr 0x5048 with id 255 and next node 0x5049 0x0000_00000000ff05049c
2025-04-10 03:24:59.574712 INFO  BF_MC Write LAG node at addr 0x5049 with id 255 and next node 0x504a 0x00ff_0504ac00ff05049c
2025-04-10 03:24:59.574715 INFO  BF_MC Write LAG node at addr 0x504a with id 255 and next node 0x504b 0x0000_00000000ff0504bc
2025-04-10 03:24:59.574719 INFO  BF_MC Write LAG node at addr 0x504b with id 255 and next node 0x504c 0x00ff_0504cc00ff0504bc
2025-04-10 03:24:59.574724 INFO  BF_MC Write LAG node at addr 0x504c with id 255 and next node 0x504d 0x0000_00000000ff0504dc
2025-04-10 03:24:59.574727 INFO  BF_MC Write LAG node at addr 0x504d with id 255 and next node 0x504e 0x00ff_0504ec00ff0504dc
2025-04-10 03:24:59.574733 INFO  BF_MC Write LAG node at addr 0x504e with id 255 and next node 0x504f 0x0000_00000000ff0504fc
2025-04-10 03:24:59.574737 INFO  BF_MC Write LAG node at addr 0x504f with id 255 and next node 0x5050 0x00ff_05050c00ff0504fc
2025-04-10 03:24:59.574742 INFO  BF_MC Write LAG node at addr 0x5050 with id 255 and next node 0x5051 0x0000_00000000ff05051c
2025-04-10 03:24:59.574746 INFO  BF_MC Write LAG node at addr 0x5051 with id 255 and next node 0x5052 0x00ff_05052c00ff05051c
2025-04-10 03:24:59.574750 INFO  BF_MC Write LAG node at addr 0x5052 with id 255 and next node 0x5053 0x0000_00000000ff05053c
2025-04-10 03:24:59.574753 INFO  BF_MC Write LAG node at addr 0x5053 with id 255 and next node 0x5054 0x00ff_05054c00ff05053c
2025-04-10 03:24:59.574758 INFO  BF_MC Write LAG node at addr 0x5054 with id 255 and next node 0x5055 0x0000_00000000ff05055c
2025-04-10 03:24:59.574762 INFO  BF_MC Write LAG node at addr 0x5055 with id 255 and next node 0x5056 0x00ff_05056c00ff05055c
2025-04-10 03:24:59.574765 INFO  BF_MC Write LAG node at addr 0x5056 with id 255 and next node 0x5057 0x0000_00000000ff05057c
2025-04-10 03:24:59.574769 INFO  BF_MC Write LAG node at addr 0x5057 with id 255 and next node 0x5058 0x00ff_05058c00ff05057c
2025-04-10 03:24:59.574774 INFO  BF_MC Write LAG node at addr 0x5058 with id 255 and next node 0x5059 0x0000_00000000ff05059c
2025-04-10 03:24:59.574778 INFO  BF_MC Write LAG node at addr 0x5059 with id 255 and next node 0x505a 0x00ff_0505ac00ff05059c
2025-04-10 03:24:59.574781 INFO  BF_MC Write LAG node at addr 0x505a with id 255 and next node 0x505b 0x0000_00000000ff0505bc
2025-04-10 03:24:59.574785 INFO  BF_MC Write LAG node at addr 0x505b with id 255 and next node 0x505c 0x00ff_0505cc00ff0505bc
2025-04-10 03:24:59.574790 INFO  BF_MC Write LAG node at addr 0x505c with id 255 and next node 0x505d 0x0000_00000000ff0505dc
2025-04-10 03:24:59.574793 INFO  BF_MC Write LAG node at addr 0x505d with id 255 and next node 0x505e 0x00ff_0505ec00ff0505dc
2025-04-10 03:24:59.574797 INFO  BF_MC Write LAG node at addr 0x505e with id 255 and next node 0x505f 0x0000_00000000ff0505fc
2025-04-10 03:24:59.574801 INFO  BF_MC Write LAG node at addr 0x505f with id 255 and next node 0x5060 0x00ff_05060c00ff0505fc
2025-04-10 03:24:59.574805 INFO  BF_MC Write LAG node at addr 0x5060 with id 255 and next node 0x5061 0x0000_00000000ff05061c
2025-04-10 03:24:59.574809 INFO  BF_MC Write LAG node at addr 0x5061 with id 255 and next node 0x5062 0x00ff_05062c00ff05061c
2025-04-10 03:24:59.574813 INFO  BF_MC Write LAG node at addr 0x5062 with id 255 and next node 0x5063 0x0000_00000000ff05063c
2025-04-10 03:24:59.574817 INFO  BF_MC Write LAG node at addr 0x5063 with id 255 and next node 0x5064 0x00ff_05064c00ff05063c
2025-04-10 03:24:59.574821 INFO  BF_MC Write LAG node at addr 0x5064 with id 255 and next node 0x5065 0x0000_00000000ff05065c
2025-04-10 03:24:59.574825 INFO  BF_MC Write LAG node at addr 0x5065 with id 255 and next node 0x5066 0x00ff_05066c00ff05065c
2025-04-10 03:24:59.574829 INFO  BF_MC Write LAG node at addr 0x5066 with id 255 and next node 0x5067 0x0000_00000000ff05067c
2025-04-10 03:24:59.574833 INFO  BF_MC Write LAG node at addr 0x5067 with id 255 and next node 0x5068 0x00ff_05068c00ff05067c
2025-04-10 03:24:59.574837 INFO  BF_MC Write LAG node at addr 0x5068 with id 255 and next node 0x5069 0x0000_00000000ff05069c
2025-04-10 03:24:59.574841 INFO  BF_MC Write LAG node at addr 0x5069 with id 255 and next node 0x506a 0x00ff_0506ac00ff05069c
2025-04-10 03:24:59.574845 INFO  BF_MC Write LAG node at addr 0x506a with id 255 and next node 0x506b 0x0000_00000000ff0506bc
2025-04-10 03:24:59.574848 INFO  BF_MC Write LAG node at addr 0x506b with id 255 and next node 0x506c 0x00ff_0506cc00ff0506bc
2025-04-10 03:24:59.574853 INFO  BF_MC Write LAG node at addr 0x506c with id 255 and next node 0x506d 0x0000_00000000ff0506dc
2025-04-10 03:24:59.574857 INFO  BF_MC Write LAG node at addr 0x506d with id 255 and next node 0x506e 0x00ff_0506ec00ff0506dc
2025-04-10 03:24:59.574862 INFO  BF_MC Write LAG node at addr 0x506e with id 255 and next node 0x506f 0x0000_00000000ff0506fc
2025-04-10 03:24:59.574866 INFO  BF_MC Write LAG node at addr 0x506f with id 255 and next node 0x5070 0x00ff_05070c00ff0506fc
2025-04-10 03:24:59.574871 INFO  BF_MC Write LAG node at addr 0x5070 with id 255 and next node 0x5071 0x0000_00000000ff05071c
2025-04-10 03:24:59.574875 INFO  BF_MC Write LAG node at addr 0x5071 with id 255 and next node 0x5072 0x00ff_05072c00ff05071c
2025-04-10 03:24:59.574879 INFO  BF_MC Write LAG node at addr 0x5072 with id 255 and next node 0x5073 0x0000_00000000ff05073c
2025-04-10 03:24:59.574883 INFO  BF_MC Write LAG node at addr 0x5073 with id 255 and next node 0x5074 0x00ff_05074c00ff05073c
2025-04-10 03:24:59.574887 INFO  BF_MC Write LAG node at addr 0x5074 with id 255 and next node 0x5075 0x0000_00000000ff05075c
2025-04-10 03:24:59.574891 INFO  BF_MC Write LAG node at addr 0x5075 with id 255 and next node 0x5076 0x00ff_05076c00ff05075c
2025-04-10 03:24:59.574895 INFO  BF_MC Write LAG node at addr 0x5076 with id 255 and next node 0x5077 0x0000_00000000ff05077c
2025-04-10 03:24:59.574899 INFO  BF_MC Write LAG node at addr 0x5077 with id 255 and next node 0x5078 0x00ff_05078c00ff05077c
2025-04-10 03:24:59.574903 INFO  BF_MC Write LAG node at addr 0x5078 with id 255 and next node 0x5079 0x0000_00000000ff05079c
2025-04-10 03:24:59.574907 INFO  BF_MC Write LAG node at addr 0x5079 with id 255 and next node 0x507a 0x00ff_0507ac00ff05079c
2025-04-10 03:24:59.574911 INFO  BF_MC Write LAG node at addr 0x507a with id 255 and next node 0x507b 0x0000_00000000ff0507bc
2025-04-10 03:24:59.574914 INFO  BF_MC Write LAG node at addr 0x507b with id 255 and next node 0x507c 0x00ff_0507cc00ff0507bc
2025-04-10 03:24:59.574919 INFO  BF_MC Write LAG node at addr 0x507c with id 255 and next node 0x507d 0x0000_00000000ff0507dc
2025-04-10 03:24:59.574923 INFO  BF_MC Write LAG node at addr 0x507d with id 255 and next node 0x507e 0x00ff_0507ec00ff0507dc
2025-04-10 03:24:59.574926 INFO  BF_MC Write LAG node at addr 0x507e with id 255 and next node 0x507f 0x0000_00000000ff0507fc
2025-04-10 03:24:59.574930 INFO  BF_MC Write LAG node at addr 0x507f with id 255 and next node 0x5080 0x00ff_05080c00ff0507fc
2025-04-10 03:24:59.574935 INFO  BF_MC Write LAG node at addr 0x5080 with id 255 and next node 0x5081 0x0000_00000000ff05081c
2025-04-10 03:24:59.574938 INFO  BF_MC Write LAG node at addr 0x5081 with id 255 and next node 0x5082 0x00ff_05082c00ff05081c
2025-04-10 03:24:59.574942 INFO  BF_MC Write LAG node at addr 0x5082 with id 255 and next node 0x5083 0x0000_00000000ff05083c
2025-04-10 03:24:59.574946 INFO  BF_MC Write LAG node at addr 0x5083 with id 255 and next node 0x5084 0x00ff_05084c00ff05083c
2025-04-10 03:24:59.574950 INFO  BF_MC Write LAG node at addr 0x5084 with id 255 and next node 0x5085 0x0000_00000000ff05085c
2025-04-10 03:24:59.574954 INFO  BF_MC Write LAG node at addr 0x5085 with id 255 and next node 0x5086 0x00ff_05086c00ff05085c
2025-04-10 03:24:59.574958 INFO  BF_MC Write LAG node at addr 0x5086 with id 255 and next node 0x5087 0x0000_00000000ff05087c
2025-04-10 03:24:59.574962 INFO  BF_MC Write LAG node at addr 0x5087 with id 255 and next node 0x5088 0x00ff_05088c00ff05087c
2025-04-10 03:24:59.574966 INFO  BF_MC Write LAG node at addr 0x5088 with id 255 and next node 0x5089 0x0000_00000000ff05089c
2025-04-10 03:24:59.574970 INFO  BF_MC Write LAG node at addr 0x5089 with id 255 and next node 0x508a 0x00ff_0508ac00ff05089c
2025-04-10 03:24:59.574974 INFO  BF_MC Write LAG node at addr 0x508a with id 255 and next node 0x508b 0x0000_00000000ff0508bc
2025-04-10 03:24:59.574978 INFO  BF_MC Write LAG node at addr 0x508b with id 255 and next node 0x508c 0x00ff_0508cc00ff0508bc
2025-04-10 03:24:59.574982 INFO  BF_MC Write LAG node at addr 0x508c with id 255 and next node 0x508d 0x0000_00000000ff0508dc
2025-04-10 03:24:59.574986 INFO  BF_MC Write LAG node at addr 0x508d with id 255 and next node 0x508e 0x00ff_0508ec00ff0508dc
2025-04-10 03:24:59.574990 INFO  BF_MC Write LAG node at addr 0x508e with id 255 and next node 0x508f 0x0000_00000000ff0508fc
2025-04-10 03:24:59.574996 INFO  BF_MC Write LAG node at addr 0x508f with id 255 and next node 0x5090 0x00ff_05090c00ff0508fc
2025-04-10 03:24:59.575000 INFO  BF_MC Write LAG node at addr 0x5090 with id 255 and next node 0x5091 0x0000_00000000ff05091c
2025-04-10 03:24:59.575004 INFO  BF_MC Write LAG node at addr 0x5091 with id 255 and next node 0x5092 0x00ff_05092c00ff05091c
2025-04-10 03:24:59.575008 INFO  BF_MC Write LAG node at addr 0x5092 with id 255 and next node 0x5093 0x0000_00000000ff05093c
2025-04-10 03:24:59.575012 INFO  BF_MC Write LAG node at addr 0x5093 with id 255 and next node 0x5094 0x00ff_05094c00ff05093c
2025-04-10 03:24:59.575016 INFO  BF_MC Write LAG node at addr 0x5094 with id 255 and next node 0x5095 0x0000_00000000ff05095c
2025-04-10 03:24:59.575020 INFO  BF_MC Write LAG node at addr 0x5095 with id 255 and next node 0x5096 0x00ff_05096c00ff05095c
2025-04-10 03:24:59.575024 INFO  BF_MC Write LAG node at addr 0x5096 with id 255 and next node 0x5097 0x0000_00000000ff05097c
2025-04-10 03:24:59.575028 INFO  BF_MC Write LAG node at addr 0x5097 with id 255 and next node 0x5098 0x00ff_05098c00ff05097c
2025-04-10 03:24:59.575032 INFO  BF_MC Write LAG node at addr 0x5098 with id 255 and next node 0x5099 0x0000_00000000ff05099c
2025-04-10 03:24:59.575036 INFO  BF_MC Write LAG node at addr 0x5099 with id 255 and next node 0x509a 0x00ff_0509ac00ff05099c
2025-04-10 03:24:59.575040 INFO  BF_MC Write LAG node at addr 0x509a with id 255 and next node 0x509b 0x0000_00000000ff0509bc
2025-04-10 03:24:59.575044 INFO  BF_MC Write LAG node at addr 0x509b with id 255 and next node 0x509c 0x00ff_0509cc00ff0509bc
2025-04-10 03:24:59.575049 INFO  BF_MC Write LAG node at addr 0x509c with id 255 and next node 0x509d 0x0000_00000000ff0509dc
2025-04-10 03:24:59.575052 INFO  BF_MC Write LAG node at addr 0x509d with id 255 and next node 0x509e 0x00ff_0509ec00ff0509dc
2025-04-10 03:24:59.575056 INFO  BF_MC Write LAG node at addr 0x509e with id 255 and next node 0x509f 0x0000_00000000ff0509fc
2025-04-10 03:24:59.575060 INFO  BF_MC Write LAG node at addr 0x509f with id 255 and next node 0x50a0 0x00ff_050a0c00ff0509fc
2025-04-10 03:24:59.575065 INFO  BF_MC Write LAG node at addr 0x50a0 with id 255 and next node 0x50a1 0x0000_00000000ff050a1c
2025-04-10 03:24:59.575068 INFO  BF_MC Write LAG node at addr 0x50a1 with id 255 and next node 0x50a2 0x00ff_050a2c00ff050a1c
2025-04-10 03:24:59.575072 INFO  BF_MC Write LAG node at addr 0x50a2 with id 255 and next node 0x50a3 0x0000_00000000ff050a3c
2025-04-10 03:24:59.575076 INFO  BF_MC Write LAG node at addr 0x50a3 with id 255 and next node 0x50a4 0x00ff_050a4c00ff050a3c
2025-04-10 03:24:59.575081 INFO  BF_MC Write LAG node at addr 0x50a4 with id 255 and next node 0x50a5 0x0000_00000000ff050a5c
2025-04-10 03:24:59.575085 INFO  BF_MC Write LAG node at addr 0x50a5 with id 255 and next node 0x50a6 0x00ff_050a6c00ff050a5c
2025-04-10 03:24:59.575088 INFO  BF_MC Write LAG node at addr 0x50a6 with id 255 and next node 0x50a7 0x0000_00000000ff050a7c
2025-04-10 03:24:59.575092 INFO  BF_MC Write LAG node at addr 0x50a7 with id 255 and next node 0x50a8 0x00ff_050a8c00ff050a7c
2025-04-10 03:24:59.575097 INFO  BF_MC Write LAG node at addr 0x50a8 with id 255 and next node 0x50a9 0x0000_00000000ff050a9c
2025-04-10 03:24:59.575103 INFO  BF_MC Write LAG node at addr 0x50a9 with id 255 and next node 0x50aa 0x00ff_050aac00ff050a9c
2025-04-10 03:24:59.575108 INFO  BF_MC Write LAG node at addr 0x50aa with id 255 and next node 0x50ab 0x0000_00000000ff050abc
2025-04-10 03:24:59.575111 INFO  BF_MC Write LAG node at addr 0x50ab with id 255 and next node 0x50ac 0x00ff_050acc00ff050abc
2025-04-10 03:24:59.575116 INFO  BF_MC Write LAG node at addr 0x50ac with id 255 and next node 0x50ad 0x0000_00000000ff050adc
2025-04-10 03:24:59.575120 INFO  BF_MC Write LAG node at addr 0x50ad with id 255 and next node 0x50ae 0x00ff_050aec00ff050adc
2025-04-10 03:24:59.575124 INFO  BF_MC Write LAG node at addr 0x50ae with id 255 and next node 0x50af 0x0000_00000000ff050afc
2025-04-10 03:24:59.575129 INFO  BF_MC Write LAG node at addr 0x50af with id 255 and next node 0x50b0 0x00ff_050b0c00ff050afc
2025-04-10 03:24:59.575134 INFO  BF_MC Write LAG node at addr 0x50b0 with id 255 and next node 0x50b1 0x0000_00000000ff050b1c
2025-04-10 03:24:59.575138 INFO  BF_MC Write LAG node at addr 0x50b1 with id 255 and next node 0x50b2 0x00ff_050b2c00ff050b1c
2025-04-10 03:24:59.575142 INFO  BF_MC Write LAG node at addr 0x50b2 with id 255 and next node 0x50b3 0x0000_00000000ff050b3c
2025-04-10 03:24:59.575146 INFO  BF_MC Write LAG node at addr 0x50b3 with id 255 and next node 0x50b4 0x00ff_050b4c00ff050b3c
2025-04-10 03:24:59.575150 INFO  BF_MC Write LAG node at addr 0x50b4 with id 255 and next node 0x50b5 0x0000_00000000ff050b5c
2025-04-10 03:24:59.575154 INFO  BF_MC Write LAG node at addr 0x50b5 with id 255 and next node 0x50b6 0x00ff_050b6c00ff050b5c
2025-04-10 03:24:59.575158 INFO  BF_MC Write LAG node at addr 0x50b6 with id 255 and next node 0x50b7 0x0000_00000000ff050b7c
2025-04-10 03:24:59.575162 INFO  BF_MC Write LAG node at addr 0x50b7 with id 255 and next node 0x50b8 0x00ff_050b8c00ff050b7c
2025-04-10 03:24:59.575166 INFO  BF_MC Write LAG node at addr 0x50b8 with id 255 and next node 0x50b9 0x0000_00000000ff050b9c
2025-04-10 03:24:59.575170 INFO  BF_MC Write LAG node at addr 0x50b9 with id 255 and next node 0x50ba 0x00ff_050bac00ff050b9c
2025-04-10 03:24:59.575174 INFO  BF_MC Write LAG node at addr 0x50ba with id 255 and next node 0x50bb 0x0000_00000000ff050bbc
2025-04-10 03:24:59.575178 INFO  BF_MC Write LAG node at addr 0x50bb with id 255 and next node 0x50bc 0x00ff_050bcc00ff050bbc
2025-04-10 03:24:59.575182 INFO  BF_MC Write LAG node at addr 0x50bc with id 255 and next node 0x50bd 0x0000_00000000ff050bdc
2025-04-10 03:24:59.575186 INFO  BF_MC Write LAG node at addr 0x50bd with id 255 and next node 0x50be 0x00ff_050bec00ff050bdc
2025-04-10 03:24:59.575190 INFO  BF_MC Write LAG node at addr 0x50be with id 255 and next node 0x50bf 0x0000_00000000ff050bfc
2025-04-10 03:24:59.575193 INFO  BF_MC Write LAG node at addr 0x50bf with id 255 and next node 0x50c0 0x00ff_050c0c00ff050bfc
2025-04-10 03:24:59.575198 INFO  BF_MC Write LAG node at addr 0x50c0 with id 255 and next node 0x50c1 0x0000_00000000ff050c1c
2025-04-10 03:24:59.575202 INFO  BF_MC Write LAG node at addr 0x50c1 with id 255 and next node 0x50c2 0x00ff_050c2c00ff050c1c
2025-04-10 03:24:59.575205 INFO  BF_MC Write LAG node at addr 0x50c2 with id 255 and next node 0x50c3 0x0000_00000000ff050c3c
2025-04-10 03:24:59.575209 INFO  BF_MC Write LAG node at addr 0x50c3 with id 255 and next node 0x50c4 0x00ff_050c4c00ff050c3c
2025-04-10 03:24:59.575214 INFO  BF_MC Write LAG node at addr 0x50c4 with id 255 and next node 0x50c5 0x0000_00000000ff050c5c
2025-04-10 03:24:59.578143 DEBUG BF_PLTFM QSFPMSM  8 : QSFP_FSM_ST_INSERTED         --> QSFP_FSM_ST_WAIT_T_RESET     (1ms)
2025-04-10 03:24:59.578657 INFO  BF_MC Write LAG node at addr 0x50c5 with id 255 and next node 0x50c6 0x00ff_050c6c00ff050c5c
2025-04-10 03:24:59.578671 INFO  BF_MC Write LAG node at addr 0x50c6 with id 255 and next node 0x50c7 0x0000_00000000ff050c7c
2025-04-10 03:24:59.578676 INFO  BF_MC Write LAG node at addr 0x50c7 with id 255 and next node 0x50c8 0x00ff_050c8c00ff050c7c
2025-04-10 03:24:59.578681 INFO  BF_MC Write LAG node at addr 0x50c8 with id 255 and next node 0x50c9 0x0000_00000000ff050c9c
2025-04-10 03:24:59.578685 INFO  BF_MC Write LAG node at addr 0x50c9 with id 255 and next node 0x50ca 0x00ff_050cac00ff050c9c
2025-04-10 03:24:59.578696 INFO  BF_MC Write LAG node at addr 0x50ca with id 255 and next node 0x50cb 0x0000_00000000ff050cbc
2025-04-10 03:24:59.578706 INFO  BF_MC Write LAG node at addr 0x50cb with id 255 and next node 0x50cc 0x00ff_050ccc00ff050cbc
2025-04-10 03:24:59.578716 INFO  BF_MC Write LAG node at addr 0x50cc with id 255 and next node 0x50cd 0x0000_00000000ff050cdc
2025-04-10 03:24:59.578724 INFO  BF_MC Write LAG node at addr 0x50cd with id 255 and next node 0x50ce 0x00ff_050cec00ff050cdc
2025-04-10 03:24:59.578730 INFO  BF_MC Write LAG node at addr 0x50ce with id 255 and next node 0x50cf 0x0000_00000000ff050cfc
2025-04-10 03:24:59.578740 INFO  BF_MC Write LAG node at addr 0x50cf with id 255 and next node 0x50d0 0x00ff_050d0c00ff050cfc
2025-04-10 03:24:59.578745 INFO  BF_MC Write LAG node at addr 0x50d0 with id 255 and next node 0x50d1 0x0000_00000000ff050d1c
2025-04-10 03:24:59.578748 INFO  BF_MC Write LAG node at addr 0x50d1 with id 255 and next node 0x50d2 0x00ff_050d2c00ff050d1c
2025-04-10 03:24:59.578752 INFO  BF_MC Write LAG node at addr 0x50d2 with id 255 and next node 0x50d3 0x0000_00000000ff050d3c
2025-04-10 03:24:59.578757 INFO  BF_MC Write LAG node at addr 0x50d3 with id 255 and next node 0x50d4 0x00ff_050d4c00ff050d3c
2025-04-10 03:24:59.578761 INFO  BF_MC Write LAG node at addr 0x50d4 with id 255 and next node 0x50d5 0x0000_00000000ff050d5c
2025-04-10 03:24:59.578764 INFO  BF_MC Write LAG node at addr 0x50d5 with id 255 and next node 0x50d6 0x00ff_050d6c00ff050d5c
2025-04-10 03:24:59.578769 INFO  BF_MC Write LAG node at addr 0x50d6 with id 255 and next node 0x50d7 0x0000_00000000ff050d7c
2025-04-10 03:24:59.578773 INFO  BF_MC Write LAG node at addr 0x50d7 with id 255 and next node 0x50d8 0x00ff_050d8c00ff050d7c
2025-04-10 03:24:59.578777 INFO  BF_MC Write LAG node at addr 0x50d8 with id 255 and next node 0x50d9 0x0000_00000000ff050d9c
2025-04-10 03:24:59.578781 INFO  BF_MC Write LAG node at addr 0x50d9 with id 255 and next node 0x50da 0x00ff_050dac00ff050d9c
2025-04-10 03:24:59.578784 INFO  BF_MC Write LAG node at addr 0x50da with id 255 and next node 0x50db 0x0000_00000000ff050dbc
2025-04-10 03:24:59.578789 INFO  BF_MC Write LAG node at addr 0x50db with id 255 and next node 0x50dc 0x00ff_050dcc00ff050dbc
2025-04-10 03:24:59.578793 INFO  BF_MC Write LAG node at addr 0x50dc with id 255 and next node 0x50dd 0x0000_00000000ff050ddc
2025-04-10 03:24:59.578796 INFO  BF_MC Write LAG node at addr 0x50dd with id 255 and next node 0x50de 0x00ff_050dec00ff050ddc
2025-04-10 03:24:59.578800 INFO  BF_MC Write LAG node at addr 0x50de with id 255 and next node 0x50df 0x0000_00000000ff050dfc
2025-04-10 03:24:59.578805 INFO  BF_MC Write LAG node at addr 0x50df with id 255 and next node 0x50e0 0x00ff_050e0c00ff050dfc
2025-04-10 03:24:59.578808 INFO  BF_MC Write LAG node at addr 0x50e0 with id 255 and next node 0x50e1 0x0000_00000000ff050e1c
2025-04-10 03:24:59.578812 INFO  BF_MC Write LAG node at addr 0x50e1 with id 255 and next node 0x50e2 0x00ff_050e2c00ff050e1c
2025-04-10 03:24:59.578817 INFO  BF_MC Write LAG node at addr 0x50e2 with id 255 and next node 0x50e3 0x0000_00000000ff050e3c
2025-04-10 03:24:59.578824 INFO  BF_MC Write LAG node at addr 0x50e3 with id 255 and next node 0x50e4 0x00ff_050e4c00ff050e3c
2025-04-10 03:24:59.578828 INFO  BF_MC Write LAG node at addr 0x50e4 with id 255 and next node 0x50e5 0x0000_00000000ff050e5c
2025-04-10 03:24:59.578831 INFO  BF_MC Write LAG node at addr 0x50e5 with id 255 and next node 0x50e6 0x00ff_050e6c00ff050e5c
2025-04-10 03:24:59.578835 INFO  BF_MC Write LAG node at addr 0x50e6 with id 255 and next node 0x50e7 0x0000_00000000ff050e7c
2025-04-10 03:24:59.578840 INFO  BF_MC Write LAG node at addr 0x50e7 with id 255 and next node 0x50e8 0x00ff_050e8c00ff050e7c
2025-04-10 03:24:59.578844 INFO  BF_MC Write LAG node at addr 0x50e8 with id 255 and next node 0x50e9 0x0000_00000000ff050e9c
2025-04-10 03:24:59.578847 INFO  BF_MC Write LAG node at addr 0x50e9 with id 255 and next node 0x50ea 0x00ff_050eac00ff050e9c
2025-04-10 03:24:59.578851 INFO  BF_MC Write LAG node at addr 0x50ea with id 255 and next node 0x50eb 0x0000_00000000ff050ebc
2025-04-10 03:24:59.578856 INFO  BF_MC Write LAG node at addr 0x50eb with id 255 and next node 0x50ec 0x00ff_050ecc00ff050ebc
2025-04-10 03:24:59.578859 INFO  BF_MC Write LAG node at addr 0x50ec with id 255 and next node 0x50ed 0x0000_00000000ff050edc
2025-04-10 03:24:59.578863 INFO  BF_MC Write LAG node at addr 0x50ed with id 255 and next node 0x50ee 0x00ff_050eec00ff050edc
2025-04-10 03:24:59.578867 INFO  BF_MC Write LAG node at addr 0x50ee with id 255 and next node 0x50ef 0x0000_00000000ff050efc
2025-04-10 03:24:59.578874 INFO  BF_MC Write LAG node at addr 0x50ef with id 255 and next node 0x50f0 0x00ff_050f0c00ff050efc
2025-04-10 03:24:59.578878 INFO  BF_MC Write LAG node at addr 0x50f0 with id 255 and next node 0x50f1 0x0000_00000000ff050f1c
2025-04-10 03:24:59.578882 INFO  BF_MC Write LAG node at addr 0x50f1 with id 255 and next node 0x50f2 0x00ff_050f2c00ff050f1c
2025-04-10 03:24:59.578886 INFO  BF_MC Write LAG node at addr 0x50f2 with id 255 and next node 0x50f3 0x0000_00000000ff050f3c
2025-04-10 03:24:59.578891 INFO  BF_MC Write LAG node at addr 0x50f3 with id 255 and next node 0x50f4 0x00ff_050f4c00ff050f3c
2025-04-10 03:24:59.578894 INFO  BF_MC Write LAG node at addr 0x50f4 with id 255 and next node 0x50f5 0x0000_00000000ff050f5c
2025-04-10 03:24:59.578898 INFO  BF_MC Write LAG node at addr 0x50f5 with id 255 and next node 0x50f6 0x00ff_050f6c00ff050f5c
2025-04-10 03:24:59.578902 INFO  BF_MC Write LAG node at addr 0x50f6 with id 255 and next node 0x50f7 0x0000_00000000ff050f7c
2025-04-10 03:24:59.578906 INFO  BF_MC Write LAG node at addr 0x50f7 with id 255 and next node 0x50f8 0x00ff_050f8c00ff050f7c
2025-04-10 03:24:59.578910 INFO  BF_MC Write LAG node at addr 0x50f8 with id 255 and next node 0x50f9 0x0000_00000000ff050f9c
2025-04-10 03:24:59.578914 INFO  BF_MC Write LAG node at addr 0x50f9 with id 255 and next node 0x50fa 0x00ff_050fac00ff050f9c
2025-04-10 03:24:59.578918 INFO  BF_MC Write LAG node at addr 0x50fa with id 255 and next node 0x50fb 0x0000_00000000ff050fbc
2025-04-10 03:24:59.578923 INFO  BF_MC Write LAG node at addr 0x50fb with id 255 and next node 0x50fc 0x00ff_050fcc00ff050fbc
2025-04-10 03:24:59.578926 INFO  BF_MC Write LAG node at addr 0x50fc with id 255 and next node 0x50fd 0x0000_00000000ff050fdc
2025-04-10 03:24:59.578930 INFO  BF_MC Write LAG node at addr 0x50fd with id 255 and next node 0x50fe 0x00ff_050fec00ff050fdc
2025-04-10 03:24:59.578934 INFO  BF_MC Write LAG node at addr 0x50fe with id 255 and next node 0x50ff 0x0000_00000000ff050ffc
2025-04-10 03:24:59.578938 INFO  BF_MC Write LAG node at addr 0x50ff with id 255 and next node 0x5100 0x00ff_05100c00ff050ffc
2025-04-10 03:24:59.578942 INFO  BF_MC Write LAG node at addr 0x5100 with id 255 and next node 0x5101 0x0000_00000000ff05101c
2025-04-10 03:24:59.578946 INFO  BF_MC Write LAG node at addr 0x5101 with id 255 and next node 0x5102 0x00ff_05102c00ff05101c
2025-04-10 03:24:59.578950 INFO  BF_MC Write LAG node at addr 0x5102 with id 255 and next node 0x5103 0x0000_00000000ff05103c
2025-04-10 03:24:59.578954 INFO  BF_MC Write LAG node at addr 0x5103 with id 255 and next node 0 0x00ff_00000c00ff05103c
2025-04-10 03:24:59.578966 INFO  BF_MC Allocated RDM addresses 0x11c0 - 0x11df
2025-04-10 03:24:59.578995 INFO  BF_MC Write L1End node at addr 0x11c0, rid 0, l2 0x5101
2025-04-10 03:24:59.579024 INFO  BF_MC Write L1End node at addr 0x11c1, rid 0, l2 0x5100
2025-04-10 03:24:59.579033 INFO  BF_MC Write L1End node at addr 0x11c2, rid 0, l2 0x50ff
2025-04-10 03:24:59.579037 INFO  BF_MC Write L1End node at addr 0x11c3, rid 0, l2 0x50fe
2025-04-10 03:24:59.579041 INFO  BF_MC Write L1End node at addr 0x11c4, rid 0, l2 0x50fd
2025-04-10 03:24:59.579044 INFO  BF_MC Write L1End node at addr 0x11c5, rid 0, l2 0x50fc
2025-04-10 03:24:59.579049 INFO  BF_MC Write L1End node at addr 0x11c6, rid 0, l2 0x50fb
2025-04-10 03:24:59.579052 INFO  BF_MC Write L1End node at addr 0x11c7, rid 0, l2 0x50fa
2025-04-10 03:24:59.579056 INFO  BF_MC Write L1End node at addr 0x11c8, rid 0, l2 0x50f8
2025-04-10 03:24:59.579059 INFO  BF_MC Write L1End node at addr 0x11c9, rid 0, l2 0x50f6
2025-04-10 03:24:59.579064 INFO  BF_MC Write L1End node at addr 0x11ca, rid 0, l2 0x50f4
2025-04-10 03:24:59.579067 INFO  BF_MC Write L1End node at addr 0x11cb, rid 0, l2 0x50f2
2025-04-10 03:24:59.579071 INFO  BF_MC Write L1End node at addr 0x11cc, rid 0, l2 0x50f0
2025-04-10 03:24:59.579075 INFO  BF_MC Write L1End node at addr 0x11cd, rid 0, l2 0x50ee
2025-04-10 03:24:59.579079 INFO  BF_MC Write L1End node at addr 0x11ce, rid 0, l2 0x50ec
2025-04-10 03:24:59.579085 INFO  BF_MC Write L1End node at addr 0x11cf, rid 0, l2 0x50ea
2025-04-10 03:24:59.579089 INFO  BF_MC Write L1End node at addr 0x11d0, rid 0, l2 0x50e8
2025-04-10 03:24:59.579092 INFO  BF_MC Write L1End node at addr 0x11d1, rid 0, l2 0x50e6
2025-04-10 03:24:59.579097 INFO  BF_MC Write L1End node at addr 0x11d2, rid 0, l2 0x50e4
2025-04-10 03:24:59.579106 INFO  BF_MC Write L1End node at addr 0x11d3, rid 0, l2 0x50e0
2025-04-10 03:24:59.579110 INFO  BF_MC Write L1End node at addr 0x11d4, rid 0, l2 0x50dc
2025-04-10 03:24:59.579114 INFO  BF_MC Write L1End node at addr 0x11d5, rid 0, l2 0x50d8
2025-04-10 03:24:59.579118 INFO  BF_MC Write L1End node at addr 0x11d6, rid 0, l2 0x50d4
2025-04-10 03:24:59.579122 INFO  BF_MC Write L1End node at addr 0x11d7, rid 0, l2 0x50cc
2025-04-10 03:24:59.579125 INFO  BF_MC Write L1End node at addr 0x11d8, rid 0, l2 0x50c4
2025-04-10 03:24:59.579129 INFO  BF_MC Write L1End node at addr 0x11d9, rid 0, l2 0x50bc
2025-04-10 03:24:59.579134 INFO  BF_MC Write L1End node at addr 0x11da, rid 0, l2 0x50a0
2025-04-10 03:24:59.579137 INFO  BF_MC Write L1End node at addr 0x11db, rid 0, l2 0x5087
2025-04-10 03:24:59.579141 INFO  BF_MC Write L1End node at addr 0x11dc, rid 0, l2 0x506e
2025-04-10 03:24:59.579144 INFO  BF_MC Write L1End node at addr 0x11dd, rid 0, l2 0x5055
2025-04-10 03:24:59.579149 INFO  BF_MC Write L1End node at addr 0x11de, rid 0, l2 0x503c
2025-04-10 03:24:59.579152 INFO  BF_MC Write L1End node at addr 0x11df, rid 0, l2 0x5000
2025-04-10 03:24:59.579158 INFO  BF_MC Allocated RDM addresses 0x6000 - 0x6103
2025-04-10 03:24:59.579162 INFO  BF_MC Write LAG node at addr 0x6000 with id 255 and next node 0x6001 0x0000_00000000ff06001c
2025-04-10 03:24:59.579167 INFO  BF_MC Write LAG node at addr 0x6001 with id 255 and next node 0x6002 0x00ff_06002c00ff06001c
2025-04-10 03:24:59.579172 INFO  BF_MC Write LAG node at addr 0x6002 with id 255 and next node 0x6003 0x0000_00000000ff06003c
2025-04-10 03:24:59.579178 INFO  BF_MC Write LAG node at addr 0x6003 with id 255 and next node 0x6004 0x00ff_06004c00ff06003c
2025-04-10 03:24:59.579182 INFO  BF_MC Write LAG node at addr 0x6004 with id 255 and next node 0x6005 0x0000_00000000ff06005c
2025-04-10 03:24:59.579186 INFO  BF_MC Write LAG node at addr 0x6005 with id 255 and next node 0x6006 0x00ff_06006c00ff06005c
2025-04-10 03:24:59.579190 INFO  BF_MC Write LAG node at addr 0x6006 with id 255 and next node 0x6007 0x0000_00000000ff06007c
2025-04-10 03:24:59.579194 INFO  BF_MC Write LAG node at addr 0x6007 with id 255 and next node 0x6008 0x00ff_06008c00ff06007c
2025-04-10 03:24:59.579198 INFO  BF_MC Write LAG node at addr 0x6008 with id 255 and next node 0x6009 0x0000_00000000ff06009c
2025-04-10 03:24:59.579202 INFO  BF_MC Write LAG node at addr 0x6009 with id 255 and next node 0x600a 0x00ff_0600ac00ff06009c
2025-04-10 03:24:59.579206 INFO  BF_MC Write LAG node at addr 0x600a with id 255 and next node 0x600b 0x0000_00000000ff0600bc
2025-04-10 03:24:59.579210 INFO  BF_MC Write LAG node at addr 0x600b with id 255 and next node 0x600c 0x00ff_0600cc00ff0600bc
2025-04-10 03:24:59.579214 INFO  BF_MC Write LAG node at addr 0x600c with id 255 and next node 0x600d 0x0000_00000000ff0600dc
2025-04-10 03:24:59.579218 INFO  BF_MC Write LAG node at addr 0x600d with id 255 and next node 0x600e 0x00ff_0600ec00ff0600dc
2025-04-10 03:24:59.579222 INFO  BF_MC Write LAG node at addr 0x600e with id 255 and next node 0x600f 0x0000_00000000ff0600fc
2025-04-10 03:24:59.579226 INFO  BF_MC Write LAG node at addr 0x600f with id 255 and next node 0x6010 0x00ff_06010c00ff0600fc
2025-04-10 03:24:59.579230 INFO  BF_MC Write LAG node at addr 0x6010 with id 255 and next node 0x6011 0x0000_00000000ff06011c
2025-04-10 03:24:59.579234 INFO  BF_MC Write LAG node at addr 0x6011 with id 255 and next node 0x6012 0x00ff_06012c00ff06011c
2025-04-10 03:24:59.579238 INFO  BF_MC Write LAG node at addr 0x6012 with id 255 and next node 0x6013 0x0000_00000000ff06013c
2025-04-10 03:24:59.579242 INFO  BF_MC Write LAG node at addr 0x6013 with id 255 and next node 0x6014 0x00ff_06014c00ff06013c
2025-04-10 03:24:59.579248 INFO  BF_MC Write LAG node at addr 0x6014 with id 255 and next node 0x6015 0x0000_00000000ff06015c
2025-04-10 03:24:59.579253 INFO  BF_MC Write LAG node at addr 0x6015 with id 255 and next node 0x6016 0x00ff_06016c00ff06015c
2025-04-10 03:24:59.579257 INFO  BF_MC Write LAG node at addr 0x6016 with id 255 and next node 0x6017 0x0000_00000000ff06017c
2025-04-10 03:24:59.579261 INFO  BF_MC Write LAG node at addr 0x6017 with id 255 and next node 0x6018 0x00ff_06018c00ff06017c
2025-04-10 03:24:59.579267 INFO  BF_MC Write LAG node at addr 0x6018 with id 255 and next node 0x6019 0x0000_00000000ff06019c
2025-04-10 03:24:59.579277 INFO  BF_MC Write LAG node at addr 0x6019 with id 255 and next node 0x601a 0x00ff_0601ac00ff06019c
2025-04-10 03:24:59.579285 INFO  BF_MC Write LAG node at addr 0x601a with id 255 and next node 0x601b 0x0000_00000000ff0601bc
2025-04-10 03:24:59.579295 INFO  BF_MC Write LAG node at addr 0x601b with id 255 and next node 0x601c 0x00ff_0601cc00ff0601bc
2025-04-10 03:24:59.579304 INFO  BF_MC Write LAG node at addr 0x601c with id 255 and next node 0x601d 0x0000_00000000ff0601dc
2025-04-10 03:24:59.579313 INFO  BF_MC Write LAG node at addr 0x601d with id 255 and next node 0x601e 0x00ff_0601ec00ff0601dc
2025-04-10 03:24:59.579329 INFO  BF_MC Write LAG node at addr 0x601e with id 255 and next node 0x601f 0x0000_00000000ff0601fc
2025-04-10 03:24:59.579333 INFO  BF_MC Write LAG node at addr 0x601f with id 255 and next node 0x6020 0x00ff_06020c00ff0601fc
2025-04-10 03:24:59.579336 INFO  BF_MC Write LAG node at addr 0x6020 with id 255 and next node 0x6021 0x0000_00000000ff06021c
2025-04-10 03:24:59.579341 INFO  BF_MC Write LAG node at addr 0x6021 with id 255 and next node 0x6022 0x00ff_06022c00ff06021c
2025-04-10 03:24:59.579345 INFO  BF_MC Write LAG node at addr 0x6022 with id 255 and next node 0x6023 0x0000_00000000ff06023c
2025-04-10 03:24:59.579349 INFO  BF_MC Write LAG node at addr 0x6023 with id 255 and next node 0x6024 0x00ff_06024c00ff06023c
2025-04-10 03:24:59.579352 INFO  BF_MC Write LAG node at addr 0x6024 with id 255 and next node 0x6025 0x0000_00000000ff06025c
2025-04-10 03:24:59.579357 INFO  BF_MC Write LAG node at addr 0x6025 with id 255 and next node 0x6026 0x00ff_06026c00ff06025c
2025-04-10 03:24:59.579361 INFO  BF_MC Write LAG node at addr 0x6026 with id 255 and next node 0x6027 0x0000_00000000ff06027c
2025-04-10 03:24:59.579365 INFO  BF_MC Write LAG node at addr 0x6027 with id 255 and next node 0x6028 0x00ff_06028c00ff06027c
2025-04-10 03:24:59.579369 INFO  BF_MC Write LAG node at addr 0x6028 with id 255 and next node 0x6029 0x0000_00000000ff06029c
2025-04-10 03:24:59.579373 INFO  BF_MC Write LAG node at addr 0x6029 with id 255 and next node 0x602a 0x00ff_0602ac00ff06029c
2025-04-10 03:24:59.579377 INFO  BF_MC Write LAG node at addr 0x602a with id 255 and next node 0x602b 0x0000_00000000ff0602bc
2025-04-10 03:24:59.579363 DEBUG BF_PLTFM QSFP     4 : RESETL = false
2025-04-10 03:24:59.579380 INFO  BF_MC Write LAG node at addr 0x602b with id 255 and next node 0x602c 0x00ff_0602cc00ff0602bc
2025-04-10 03:24:59.579393 INFO  BF_MC Write LAG node at addr 0x602c with id 255 and next node 0x602d 0x0000_00000000ff0602dc
2025-04-10 03:24:59.579397 INFO  BF_MC Write LAG node at addr 0x602d with id 255 and next node 0x602e 0x00ff_0602ec00ff0602dc
2025-04-10 03:24:59.579401 INFO  BF_MC Write LAG node at addr 0x602e with id 255 and next node 0x602f 0x0000_00000000ff0602fc
2025-04-10 03:24:59.579406 INFO  BF_MC Write LAG node at addr 0x602f with id 255 and next node 0x6030 0x00ff_06030c00ff0602fc
2025-04-10 03:24:59.579400 DEBUG BF_PLTFM QSFP     4 : False
2025-04-10 03:24:59.579410 INFO  BF_MC Write LAG node at addr 0x6030 with id 255 and next node 0x6031 0x0000_00000000ff06031c
2025-04-10 03:24:59.579421 INFO  BF_MC Write LAG node at addr 0x6031 with id 255 and next node 0x6032 0x00ff_06032c00ff06031c
2025-04-10 03:24:59.579425 INFO  BF_MC Write LAG node at addr 0x6032 with id 255 and next node 0x6033 0x0000_00000000ff06033c
2025-04-10 03:24:59.579430 INFO  BF_MC Write LAG node at addr 0x6033 with id 255 and next node 0x6034 0x00ff_06034c00ff06033c
2025-04-10 03:24:59.579436 INFO  BF_MC Write LAG node at addr 0x6034 with id 255 and next node 0x6035 0x0000_00000000ff06035c
2025-04-10 03:24:59.579440 INFO  BF_MC Write LAG node at addr 0x6035 with id 255 and next node 0x6036 0x00ff_06036c00ff06035c
2025-04-10 03:24:59.579444 INFO  BF_MC Write LAG node at addr 0x6036 with id 255 and next node 0x6037 0x0000_00000000ff06037c
2025-04-10 03:24:59.579448 INFO  BF_MC Write LAG node at addr 0x6037 with id 255 and next node 0x6038 0x00ff_06038c00ff06037c
2025-04-10 03:24:59.579452 INFO  BF_MC Write LAG node at addr 0x6038 with id 255 and next node 0x6039 0x0000_00000000ff06039c
2025-04-10 03:24:59.579456 INFO  BF_MC Write LAG node at addr 0x6039 with id 255 and next node 0x603a 0x00ff_0603ac00ff06039c
2025-04-10 03:24:59.579460 INFO  BF_MC Write LAG node at addr 0x603a with id 255 and next node 0x603b 0x0000_00000000ff0603bc
2025-04-10 03:24:59.579464 INFO  BF_MC Write LAG node at addr 0x603b with id 255 and next node 0x603c 0x00ff_0603cc00ff0603bc
2025-04-10 03:24:59.579468 INFO  BF_MC Write LAG node at addr 0x603c with id 255 and next node 0x603d 0x0000_00000000ff0603dc
2025-04-10 03:24:59.579472 INFO  BF_MC Write LAG node at addr 0x603d with id 255 and next node 0x603e 0x00ff_0603ec00ff0603dc
2025-04-10 03:24:59.579476 INFO  BF_MC Write LAG node at addr 0x603e with id 255 and next node 0x603f 0x0000_00000000ff0603fc
2025-04-10 03:24:59.579480 INFO  BF_MC Write LAG node at addr 0x603f with id 255 and next node 0x6040 0x00ff_06040c00ff0603fc
2025-04-10 03:24:59.579484 INFO  BF_MC Write LAG node at addr 0x6040 with id 255 and next node 0x6041 0x0000_00000000ff06041c
2025-04-10 03:24:59.579488 INFO  BF_MC Write LAG node at addr 0x6041 with id 255 and next node 0x6042 0x00ff_06042c00ff06041c
2025-04-10 03:24:59.579491 INFO  BF_MC Write LAG node at addr 0x6042 with id 255 and next node 0x6043 0x0000_00000000ff06043c
2025-04-10 03:24:59.579496 INFO  BF_MC Write LAG node at addr 0x6043 with id 255 and next node 0x6044 0x00ff_06044c00ff06043c
2025-04-10 03:24:59.579500 INFO  BF_MC Write LAG node at addr 0x6044 with id 255 and next node 0x6045 0x0000_00000000ff06045c
2025-04-10 03:24:59.579503 INFO  BF_MC Write LAG node at addr 0x6045 with id 255 and next node 0x6046 0x00ff_06046c00ff06045c
2025-04-10 03:24:59.579507 INFO  BF_MC Write LAG node at addr 0x6046 with id 255 and next node 0x6047 0x0000_00000000ff06047c
2025-04-10 03:24:59.579512 INFO  BF_MC Write LAG node at addr 0x6047 with id 255 and next node 0x6048 0x00ff_06048c00ff06047c
2025-04-10 03:24:59.579515 INFO  BF_MC Write LAG node at addr 0x6048 with id 255 and next node 0x6049 0x0000_00000000ff06049c
2025-04-10 03:24:59.579519 INFO  BF_MC Write LAG node at addr 0x6049 with id 255 and next node 0x604a 0x00ff_0604ac00ff06049c
2025-04-10 03:24:59.579523 INFO  BF_MC Write LAG node at addr 0x604a with id 255 and next node 0x604b 0x0000_00000000ff0604bc
2025-04-10 03:24:59.579530 INFO  BF_MC Write LAG node at addr 0x604b with id 255 and next node 0x604c 0x00ff_0604cc00ff0604bc
2025-04-10 03:24:59.579535 INFO  BF_MC Write LAG node at addr 0x604c with id 255 and next node 0x604d 0x0000_00000000ff0604dc
2025-04-10 03:24:59.579539 INFO  BF_MC Write LAG node at addr 0x604d with id 255 and next node 0x604e 0x00ff_0604ec00ff0604dc
2025-04-10 03:24:59.579543 INFO  BF_MC Write LAG node at addr 0x604e with id 255 and next node 0x604f 0x0000_00000000ff0604fc
2025-04-10 03:24:59.579547 INFO  BF_MC Write LAG node at addr 0x604f with id 255 and next node 0x6050 0x00ff_06050c00ff0604fc
2025-04-10 03:24:59.579551 INFO  BF_MC Write LAG node at addr 0x6050 with id 255 and next node 0x6051 0x0000_00000000ff06051c
2025-04-10 03:24:59.579555 INFO  BF_MC Write LAG node at addr 0x6051 with id 255 and next node 0x6052 0x00ff_06052c00ff06051c
2025-04-10 03:24:59.579559 INFO  BF_MC Write LAG node at addr 0x6052 with id 255 and next node 0x6053 0x0000_00000000ff06053c
2025-04-10 03:24:59.579563 INFO  BF_MC Write LAG node at addr 0x6053 with id 255 and next node 0x6054 0x00ff_06054c00ff06053c
2025-04-10 03:24:59.579570 INFO  BF_MC Write LAG node at addr 0x6054 with id 255 and next node 0x6055 0x0000_00000000ff06055c
2025-04-10 03:24:59.579574 INFO  BF_MC Write LAG node at addr 0x6055 with id 255 and next node 0x6056 0x00ff_06056c00ff06055c
2025-04-10 03:24:59.579578 INFO  BF_MC Write LAG node at addr 0x6056 with id 255 and next node 0x6057 0x0000_00000000ff06057c
2025-04-10 03:24:59.579582 INFO  BF_MC Write LAG node at addr 0x6057 with id 255 and next node 0x6058 0x00ff_06058c00ff06057c
2025-04-10 03:24:59.579586 INFO  BF_MC Write LAG node at addr 0x6058 with id 255 and next node 0x6059 0x0000_00000000ff06059c
2025-04-10 03:24:59.579590 INFO  BF_MC Write LAG node at addr 0x6059 with id 255 and next node 0x605a 0x00ff_0605ac00ff06059c
2025-04-10 03:24:59.579594 INFO  BF_MC Write LAG node at addr 0x605a with id 255 and next node 0x605b 0x0000_00000000ff0605bc
2025-04-10 03:24:59.579598 INFO  BF_MC Write LAG node at addr 0x605b with id 255 and next node 0x605c 0x00ff_0605cc00ff0605bc
2025-04-10 03:24:59.579602 INFO  BF_MC Write LAG node at addr 0x605c with id 255 and next node 0x605d 0x0000_00000000ff0605dc
2025-04-10 03:24:59.579606 INFO  BF_MC Write LAG node at addr 0x605d with id 255 and next node 0x605e 0x00ff_0605ec00ff0605dc
2025-04-10 03:24:59.579609 INFO  BF_MC Write LAG node at addr 0x605e with id 255 and next node 0x605f 0x0000_00000000ff0605fc
2025-04-10 03:24:59.579614 INFO  BF_MC Write LAG node at addr 0x605f with id 255 and next node 0x6060 0x00ff_06060c00ff0605fc
2025-04-10 03:24:59.579618 INFO  BF_MC Write LAG node at addr 0x6060 with id 255 and next node 0x6061 0x0000_00000000ff06061c
2025-04-10 03:24:59.579622 INFO  BF_MC Write LAG node at addr 0x6061 with id 255 and next node 0x6062 0x00ff_06062c00ff06061c
2025-04-10 03:24:59.579625 INFO  BF_MC Write LAG node at addr 0x6062 with id 255 and next node 0x6063 0x0000_00000000ff06063c
2025-04-10 03:24:59.579630 INFO  BF_MC Write LAG node at addr 0x6063 with id 255 and next node 0x6064 0x00ff_06064c00ff06063c
2025-04-10 03:24:59.579634 INFO  BF_MC Write LAG node at addr 0x6064 with id 255 and next node 0x6065 0x0000_00000000ff06065c
2025-04-10 03:24:59.579638 INFO  BF_MC Write LAG node at addr 0x6065 with id 255 and next node 0x6066 0x00ff_06066c00ff06065c
2025-04-10 03:24:59.579644 INFO  BF_MC Write LAG node at addr 0x6066 with id 255 and next node 0x6067 0x0000_00000000ff06067c
2025-04-10 03:24:59.579653 INFO  BF_MC Write LAG node at addr 0x6067 with id 255 and next node 0x6068 0x00ff_06068c00ff06067c
2025-04-10 03:24:59.579661 INFO  BF_MC Write LAG node at addr 0x6068 with id 255 and next node 0x6069 0x0000_00000000ff06069c
2025-04-10 03:24:59.579671 INFO  BF_MC Write LAG node at addr 0x6069 with id 255 and next node 0x606a 0x00ff_0606ac00ff06069c
2025-04-10 03:24:59.579679 INFO  BF_MC Write LAG node at addr 0x606a with id 255 and next node 0x606b 0x0000_00000000ff0606bc
2025-04-10 03:24:59.579686 INFO  BF_MC Write LAG node at addr 0x606b with id 255 and next node 0x606c 0x00ff_0606cc00ff0606bc
2025-04-10 03:24:59.579689 INFO  BF_MC Write LAG node at addr 0x606c with id 255 and next node 0x606d 0x0000_00000000ff0606dc
2025-04-10 03:24:59.579693 INFO  BF_MC Write LAG node at addr 0x606d with id 255 and next node 0x606e 0x00ff_0606ec00ff0606dc
2025-04-10 03:24:59.579697 INFO  BF_MC Write LAG node at addr 0x606e with id 255 and next node 0x606f 0x0000_00000000ff0606fc
2025-04-10 03:24:59.579702 INFO  BF_MC Write LAG node at addr 0x606f with id 255 and next node 0x6070 0x00ff_06070c00ff0606fc
2025-04-10 03:24:59.579705 INFO  BF_MC Write LAG node at addr 0x6070 with id 255 and next node 0x6071 0x0000_00000000ff06071c
2025-04-10 03:24:59.579709 INFO  BF_MC Write LAG node at addr 0x6071 with id 255 and next node 0x6072 0x00ff_06072c00ff06071c
2025-04-10 03:24:59.579713 INFO  BF_MC Write LAG node at addr 0x6072 with id 255 and next node 0x6073 0x0000_00000000ff06073c
2025-04-10 03:24:59.579718 INFO  BF_MC Write LAG node at addr 0x6073 with id 255 and next node 0x6074 0x00ff_06074c00ff06073c
2025-04-10 03:24:59.579721 INFO  BF_MC Write LAG node at addr 0x6074 with id 255 and next node 0x6075 0x0000_00000000ff06075c
2025-04-10 03:24:59.579742 INFO  BF_MC Write LAG node at addr 0x6075 with id 255 and next node 0x6076 0x00ff_06076c00ff06075c
2025-04-10 03:24:59.579746 INFO  BF_MC Write LAG node at addr 0x6076 with id 255 and next node 0x6077 0x0000_00000000ff06077c
2025-04-10 03:24:59.579767 INFO  BF_MC Write LAG node at addr 0x6077 with id 255 and next node 0x6078 0x00ff_06078c00ff06077c
2025-04-10 03:24:59.579771 INFO  BF_MC Write LAG node at addr 0x6078 with id 255 and next node 0x6079 0x0000_00000000ff06079c
2025-04-10 03:24:59.579777 INFO  BF_MC Write LAG node at addr 0x6079 with id 255 and next node 0x607a 0x00ff_0607ac00ff06079c
2025-04-10 03:24:59.579781 INFO  BF_MC Write LAG node at addr 0x607a with id 255 and next node 0x607b 0x0000_00000000ff0607bc
2025-04-10 03:24:59.579785 INFO  BF_MC Write LAG node at addr 0x607b with id 255 and next node 0x607c 0x00ff_0607cc00ff0607bc
2025-04-10 03:24:59.579789 INFO  BF_MC Write LAG node at addr 0x607c with id 255 and next node 0x607d 0x0000_00000000ff0607dc
2025-04-10 03:24:59.579793 INFO  BF_MC Write LAG node at addr 0x607d with id 255 and next node 0x607e 0x00ff_0607ec00ff0607dc
2025-04-10 03:24:59.579796 INFO  BF_MC Write LAG node at addr 0x607e with id 255 and next node 0x607f 0x0000_00000000ff0607fc
2025-04-10 03:24:59.579801 INFO  BF_MC Write LAG node at addr 0x607f with id 255 and next node 0x6080 0x00ff_06080c00ff0607fc
2025-04-10 03:24:59.579805 INFO  BF_MC Write LAG node at addr 0x6080 with id 255 and next node 0x6081 0x0000_00000000ff06081c
2025-04-10 03:24:59.579808 INFO  BF_MC Write LAG node at addr 0x6081 with id 255 and next node 0x6082 0x00ff_06082c00ff06081c
2025-04-10 03:24:59.579812 INFO  BF_MC Write LAG node at addr 0x6082 with id 255 and next node 0x6083 0x0000_00000000ff06083c
2025-04-10 03:24:59.579816 INFO  BF_MC Write LAG node at addr 0x6083 with id 255 and next node 0x6084 0x00ff_06084c00ff06083c
2025-04-10 03:24:59.579820 INFO  BF_MC Write LAG node at addr 0x6084 with id 255 and next node 0x6085 0x0000_00000000ff06085c
2025-04-10 03:24:59.579824 INFO  BF_MC Write LAG node at addr 0x6085 with id 255 and next node 0x6086 0x00ff_06086c00ff06085c
2025-04-10 03:24:59.579828 INFO  BF_MC Write LAG node at addr 0x6086 with id 255 and next node 0x6087 0x0000_00000000ff06087c
2025-04-10 03:24:59.579832 INFO  BF_MC Write LAG node at addr 0x6087 with id 255 and next node 0x6088 0x00ff_06088c00ff06087c
2025-04-10 03:24:59.579836 INFO  BF_MC Write LAG node at addr 0x6088 with id 255 and next node 0x6089 0x0000_00000000ff06089c
2025-04-10 03:24:59.579840 INFO  BF_MC Write LAG node at addr 0x6089 with id 255 and next node 0x608a 0x00ff_0608ac00ff06089c
2025-04-10 03:24:59.579843 INFO  BF_MC Write LAG node at addr 0x608a with id 255 and next node 0x608b 0x0000_00000000ff0608bc
2025-04-10 03:24:59.579848 INFO  BF_MC Write LAG node at addr 0x608b with id 255 and next node 0x608c 0x00ff_0608cc00ff0608bc
2025-04-10 03:24:59.579852 INFO  BF_MC Write LAG node at addr 0x608c with id 255 and next node 0x608d 0x0000_00000000ff0608dc
2025-04-10 03:24:59.579855 INFO  BF_MC Write LAG node at addr 0x608d with id 255 and next node 0x608e 0x00ff_0608ec00ff0608dc
2025-04-10 03:24:59.579859 INFO  BF_MC Write LAG node at addr 0x608e with id 255 and next node 0x608f 0x0000_00000000ff0608fc
2025-04-10 03:24:59.579864 INFO  BF_MC Write LAG node at addr 0x608f with id 255 and next node 0x6090 0x00ff_06090c00ff0608fc
2025-04-10 03:24:59.579867 INFO  BF_MC Write LAG node at addr 0x6090 with id 255 and next node 0x6091 0x0000_00000000ff06091c
2025-04-10 03:24:59.579871 INFO  BF_MC Write LAG node at addr 0x6091 with id 255 and next node 0x6092 0x00ff_06092c00ff06091c
2025-04-10 03:24:59.579875 INFO  BF_MC Write LAG node at addr 0x6092 with id 255 and next node 0x6093 0x0000_00000000ff06093c
2025-04-10 03:24:59.579880 INFO  BF_MC Write LAG node at addr 0x6093 with id 255 and next node 0x6094 0x00ff_06094c00ff06093c
2025-04-10 03:24:59.579886 INFO  BF_MC Write LAG node at addr 0x6094 with id 255 and next node 0x6095 0x0000_00000000ff06095c
2025-04-10 03:24:59.579892 INFO  BF_MC Write LAG node at addr 0x6095 with id 255 and next node 0x6096 0x00ff_06096c00ff06095c
2025-04-10 03:24:59.579896 INFO  BF_MC Write LAG node at addr 0x6096 with id 255 and next node 0x6097 0x0000_00000000ff06097c
2025-04-10 03:24:59.579901 INFO  BF_MC Write LAG node at addr 0x6097 with id 255 and next node 0x6098 0x00ff_06098c00ff06097c
2025-04-10 03:24:59.579905 INFO  BF_MC Write LAG node at addr 0x6098 with id 255 and next node 0x6099 0x0000_00000000ff06099c
2025-04-10 03:24:59.579910 INFO  BF_MC Write LAG node at addr 0x6099 with id 255 and next node 0x609a 0x00ff_0609ac00ff06099c
2025-04-10 03:24:59.579917 INFO  BF_MC Write LAG node at addr 0x609a with id 255 and next node 0x609b 0x0000_00000000ff0609bc
2025-04-10 03:24:59.579928 INFO  BF_MC Write LAG node at addr 0x609b with id 255 and next node 0x609c 0x00ff_0609cc00ff0609bc
2025-04-10 03:24:59.579936 INFO  BF_MC Write LAG node at addr 0x609c with id 255 and next node 0x609d 0x0000_00000000ff0609dc
2025-04-10 03:24:59.579946 INFO  BF_MC Write LAG node at addr 0x609d with id 255 and next node 0x609e 0x00ff_0609ec00ff0609dc
2025-04-10 03:24:59.579953 INFO  BF_MC Write LAG node at addr 0x609e with id 255 and next node 0x609f 0x0000_00000000ff0609fc
2025-04-10 03:24:59.579958 INFO  BF_MC Write LAG node at addr 0x609f with id 255 and next node 0x60a0 0x00ff_060a0c00ff0609fc
2025-04-10 03:24:59.579962 INFO  BF_MC Write LAG node at addr 0x60a0 with id 255 and next node 0x60a1 0x0000_00000000ff060a1c
2025-04-10 03:24:59.579966 INFO  BF_MC Write LAG node at addr 0x60a1 with id 255 and next node 0x60a2 0x00ff_060a2c00ff060a1c
2025-04-10 03:24:59.579969 INFO  BF_MC Write LAG node at addr 0x60a2 with id 255 and next node 0x60a3 0x0000_00000000ff060a3c
2025-04-10 03:24:59.579974 INFO  BF_MC Write LAG node at addr 0x60a3 with id 255 and next node 0x60a4 0x00ff_060a4c00ff060a3c
2025-04-10 03:24:59.579978 INFO  BF_MC Write LAG node at addr 0x60a4 with id 255 and next node 0x60a5 0x0000_00000000ff060a5c
2025-04-10 03:24:59.579981 INFO  BF_MC Write LAG node at addr 0x60a5 with id 255 and next node 0x60a6 0x00ff_060a6c00ff060a5c
2025-04-10 03:24:59.579985 INFO  BF_MC Write LAG node at addr 0x60a6 with id 255 and next node 0x60a7 0x0000_00000000ff060a7c
2025-04-10 03:24:59.579989 INFO  BF_MC Write LAG node at addr 0x60a7 with id 255 and next node 0x60a8 0x00ff_060a8c00ff060a7c
2025-04-10 03:24:59.579993 INFO  BF_MC Write LAG node at addr 0x60a8 with id 255 and next node 0x60a9 0x0000_00000000ff060a9c
2025-04-10 03:24:59.579997 INFO  BF_MC Write LAG node at addr 0x60a9 with id 255 and next node 0x60aa 0x00ff_060aac00ff060a9c
2025-04-10 03:24:59.580001 INFO  BF_MC Write LAG node at addr 0x60aa with id 255 and next node 0x60ab 0x0000_00000000ff060abc
2025-04-10 03:24:59.580005 INFO  BF_MC Write LAG node at addr 0x60ab with id 255 and next node 0x60ac 0x00ff_060acc00ff060abc
2025-04-10 03:24:59.580009 INFO  BF_MC Write LAG node at addr 0x60ac with id 255 and next node 0x60ad 0x0000_00000000ff060adc
2025-04-10 03:24:59.580013 INFO  BF_MC Write LAG node at addr 0x60ad with id 255 and next node 0x60ae 0x00ff_060aec00ff060adc
2025-04-10 03:24:59.580017 INFO  BF_MC Write LAG node at addr 0x60ae with id 255 and next node 0x60af 0x0000_00000000ff060afc
2025-04-10 03:24:59.580021 INFO  BF_MC Write LAG node at addr 0x60af with id 255 and next node 0x60b0 0x00ff_060b0c00ff060afc
2025-04-10 03:24:59.580025 INFO  BF_MC Write LAG node at addr 0x60b0 with id 255 and next node 0x60b1 0x0000_00000000ff060b1c
2025-04-10 03:24:59.580029 INFO  BF_MC Write LAG node at addr 0x60b1 with id 255 and next node 0x60b2 0x00ff_060b2c00ff060b1c
2025-04-10 03:24:59.580032 INFO  BF_MC Write LAG node at addr 0x60b2 with id 255 and next node 0x60b3 0x0000_00000000ff060b3c
2025-04-10 03:24:59.580037 INFO  BF_MC Write LAG node at addr 0x60b3 with id 255 and next node 0x60b4 0x00ff_060b4c00ff060b3c
2025-04-10 03:24:59.580040 INFO  BF_MC Write LAG node at addr 0x60b4 with id 255 and next node 0x60b5 0x0000_00000000ff060b5c
2025-04-10 03:24:59.580044 INFO  BF_MC Write LAG node at addr 0x60b5 with id 255 and next node 0x60b6 0x00ff_060b6c00ff060b5c
2025-04-10 03:24:59.580050 INFO  BF_MC Write LAG node at addr 0x60b6 with id 255 and next node 0x60b7 0x0000_00000000ff060b7c
2025-04-10 03:24:59.580055 INFO  BF_MC Write LAG node at addr 0x60b7 with id 255 and next node 0x60b8 0x00ff_060b8c00ff060b7c
2025-04-10 03:24:59.580058 INFO  BF_MC Write LAG node at addr 0x60b8 with id 255 and next node 0x60b9 0x0000_00000000ff060b9c
2025-04-10 03:24:59.580063 INFO  BF_MC Write LAG node at addr 0x60b9 with id 255 and next node 0x60ba 0x00ff_060bac00ff060b9c
2025-04-10 03:24:59.580067 INFO  BF_MC Write LAG node at addr 0x60ba with id 255 and next node 0x60bb 0x0000_00000000ff060bbc
2025-04-10 03:24:59.580071 INFO  BF_MC Write LAG node at addr 0x60bb with id 255 and next node 0x60bc 0x00ff_060bcc00ff060bbc
2025-04-10 03:24:59.580075 INFO  BF_MC Write LAG node at addr 0x60bc with id 255 and next node 0x60bd 0x0000_00000000ff060bdc
2025-04-10 03:24:59.580079 INFO  BF_MC Write LAG node at addr 0x60bd with id 255 and next node 0x60be 0x00ff_060bec00ff060bdc
2025-04-10 03:24:59.580083 INFO  BF_MC Write LAG node at addr 0x60be with id 255 and next node 0x60bf 0x0000_00000000ff060bfc
2025-04-10 03:24:59.580087 INFO  BF_MC Write LAG node at addr 0x60bf with id 255 and next node 0x60c0 0x00ff_060c0c00ff060bfc
2025-04-10 03:24:59.580091 INFO  BF_MC Write LAG node at addr 0x60c0 with id 255 and next node 0x60c1 0x0000_00000000ff060c1c
2025-04-10 03:24:59.580095 INFO  BF_MC Write LAG node at addr 0x60c1 with id 255 and next node 0x60c2 0x00ff_060c2c00ff060c1c
2025-04-10 03:24:59.580105 INFO  BF_MC Write LAG node at addr 0x60c2 with id 255 and next node 0x60c3 0x0000_00000000ff060c3c
2025-04-10 03:24:59.580111 INFO  BF_MC Write LAG node at addr 0x60c3 with id 255 and next node 0x60c4 0x00ff_060c4c00ff060c3c
2025-04-10 03:24:59.580115 INFO  BF_MC Write LAG node at addr 0x60c4 with id 255 and next node 0x60c5 0x0000_00000000ff060c5c
2025-04-10 03:24:59.580118 INFO  BF_MC Write LAG node at addr 0x60c5 with id 255 and next node 0x60c6 0x00ff_060c6c00ff060c5c
2025-04-10 03:24:59.580122 INFO  BF_MC Write LAG node at addr 0x60c6 with id 255 and next node 0x60c7 0x0000_00000000ff060c7c
2025-04-10 03:24:59.580127 INFO  BF_MC Write LAG node at addr 0x60c7 with id 255 and next node 0x60c8 0x00ff_060c8c00ff060c7c
2025-04-10 03:24:59.580130 INFO  BF_MC Write LAG node at addr 0x60c8 with id 255 and next node 0x60c9 0x0000_00000000ff060c9c
2025-04-10 03:24:59.580134 INFO  BF_MC Write LAG node at addr 0x60c9 with id 255 and next node 0x60ca 0x00ff_060cac00ff060c9c
2025-04-10 03:24:59.580138 INFO  BF_MC Write LAG node at addr 0x60ca with id 255 and next node 0x60cb 0x0000_00000000ff060cbc
2025-04-10 03:24:59.580142 INFO  BF_MC Write LAG node at addr 0x60cb with id 255 and next node 0x60cc 0x00ff_060ccc00ff060cbc
2025-04-10 03:24:59.580146 INFO  BF_MC Write LAG node at addr 0x60cc with id 255 and next node 0x60cd 0x0000_00000000ff060cdc
2025-04-10 03:24:59.580150 INFO  BF_MC Write LAG node at addr 0x60cd with id 255 and next node 0x60ce 0x00ff_060cec00ff060cdc
2025-04-10 03:24:59.580154 INFO  BF_MC Write LAG node at addr 0x60ce with id 255 and next node 0x60cf 0x0000_00000000ff060cfc
2025-04-10 03:24:59.580158 INFO  BF_MC Write LAG node at addr 0x60cf with id 255 and next node 0x60d0 0x00ff_060d0c00ff060cfc
2025-04-10 03:24:59.580162 INFO  BF_MC Write LAG node at addr 0x60d0 with id 255 and next node 0x60d1 0x0000_00000000ff060d1c
2025-04-10 03:24:59.580166 INFO  BF_MC Write LAG node at addr 0x60d1 with id 255 and next node 0x60d2 0x00ff_060d2c00ff060d1c
2025-04-10 03:24:59.580169 INFO  BF_MC Write LAG node at addr 0x60d2 with id 255 and next node 0x60d3 0x0000_00000000ff060d3c
2025-04-10 03:24:59.580174 INFO  BF_MC Write LAG node at addr 0x60d3 with id 255 and next node 0x60d4 0x00ff_060d4c00ff060d3c
2025-04-10 03:24:59.580177 INFO  BF_MC Write LAG node at addr 0x60d4 with id 255 and next node 0x60d5 0x0000_00000000ff060d5c
2025-04-10 03:24:59.580181 INFO  BF_MC Write LAG node at addr 0x60d5 with id 255 and next node 0x60d6 0x00ff_060d6c00ff060d5c
2025-04-10 03:24:59.580188 INFO  BF_MC Write LAG node at addr 0x60d6 with id 255 and next node 0x60d7 0x0000_00000000ff060d7c
2025-04-10 03:24:59.580199 INFO  BF_MC Write LAG node at addr 0x60d7 with id 255 and next node 0x60d8 0x00ff_060d8c00ff060d7c
2025-04-10 03:24:59.580207 INFO  BF_MC Write LAG node at addr 0x60d8 with id 255 and next node 0x60d9 0x0000_00000000ff060d9c
2025-04-10 03:24:59.580215 INFO  BF_MC Write LAG node at addr 0x60d9 with id 255 and next node 0x60da 0x00ff_060dac00ff060d9c
2025-04-10 03:24:59.580224 INFO  BF_MC Write LAG node at addr 0x60da with id 255 and next node 0x60db 0x0000_00000000ff060dbc
2025-04-10 03:24:59.580232 INFO  BF_MC Write LAG node at addr 0x60db with id 255 and next node 0x60dc 0x00ff_060dcc00ff060dbc
2025-04-10 03:24:59.580238 INFO  BF_MC Write LAG node at addr 0x60dc with id 255 and next node 0x60dd 0x0000_00000000ff060ddc
2025-04-10 03:24:59.580243 INFO  BF_MC Write LAG node at addr 0x60dd with id 255 and next node 0x60de 0x00ff_060dec00ff060ddc
2025-04-10 03:24:59.580247 INFO  BF_MC Write LAG node at addr 0x60de with id 255 and next node 0x60df 0x0000_00000000ff060dfc
2025-04-10 03:24:59.580252 INFO  BF_MC Write LAG node at addr 0x60df with id 255 and next node 0x60e0 0x00ff_060e0c00ff060dfc
2025-04-10 03:24:59.580255 INFO  BF_MC Write LAG node at addr 0x60e0 with id 255 and next node 0x60e1 0x0000_00000000ff060e1c
2025-04-10 03:24:59.580259 INFO  BF_MC Write LAG node at addr 0x60e1 with id 255 and next node 0x60e2 0x00ff_060e2c00ff060e1c
2025-04-10 03:24:59.580263 INFO  BF_MC Write LAG node at addr 0x60e2 with id 255 and next node 0x60e3 0x0000_00000000ff060e3c
2025-04-10 03:24:59.580268 INFO  BF_MC Write LAG node at addr 0x60e3 with id 255 and next node 0x60e4 0x00ff_060e4c00ff060e3c
2025-04-10 03:24:59.580271 INFO  BF_MC Write LAG node at addr 0x60e4 with id 255 and next node 0x60e5 0x0000_00000000ff060e5c
2025-04-10 03:24:59.580275 INFO  BF_MC Write LAG node at addr 0x60e5 with id 255 and next node 0x60e6 0x00ff_060e6c00ff060e5c
2025-04-10 03:24:59.580279 INFO  BF_MC Write LAG node at addr 0x60e6 with id 255 and next node 0x60e7 0x0000_00000000ff060e7c
2025-04-10 03:24:59.580283 INFO  BF_MC Write LAG node at addr 0x60e7 with id 255 and next node 0x60e8 0x00ff_060e8c00ff060e7c
2025-04-10 03:24:59.580287 INFO  BF_MC Write LAG node at addr 0x60e8 with id 255 and next node 0x60e9 0x0000_00000000ff060e9c
2025-04-10 03:24:59.580291 INFO  BF_MC Write LAG node at addr 0x60e9 with id 255 and next node 0x60ea 0x00ff_060eac00ff060e9c
2025-04-10 03:24:59.580294 INFO  BF_MC Write LAG node at addr 0x60ea with id 255 and next node 0x60eb 0x0000_00000000ff060ebc
2025-04-10 03:24:59.580299 INFO  BF_MC Write LAG node at addr 0x60eb with id 255 and next node 0x60ec 0x00ff_060ecc00ff060ebc
2025-04-10 03:24:59.580303 INFO  BF_MC Write LAG node at addr 0x60ec with id 255 and next node 0x60ed 0x0000_00000000ff060edc
2025-04-10 03:24:59.580306 INFO  BF_MC Write LAG node at addr 0x60ed with id 255 and next node 0x60ee 0x00ff_060eec00ff060edc
2025-04-10 03:24:59.580310 INFO  BF_MC Write LAG node at addr 0x60ee with id 255 and next node 0x60ef 0x0000_00000000ff060efc
2025-04-10 03:24:59.580314 INFO  BF_MC Write LAG node at addr 0x60ef with id 255 and next node 0x60f0 0x00ff_060f0c00ff060efc
2025-04-10 03:24:59.580318 INFO  BF_MC Write LAG node at addr 0x60f0 with id 255 and next node 0x60f1 0x0000_00000000ff060f1c
2025-04-10 03:24:59.580322 INFO  BF_MC Write LAG node at addr 0x60f1 with id 255 and next node 0x60f2 0x00ff_060f2c00ff060f1c
2025-04-10 03:24:59.580326 INFO  BF_MC Write LAG node at addr 0x60f2 with id 255 and next node 0x60f3 0x0000_00000000ff060f3c
2025-04-10 03:24:59.580330 INFO  BF_MC Write LAG node at addr 0x60f3 with id 255 and next node 0x60f4 0x00ff_060f4c00ff060f3c
2025-04-10 03:24:59.580334 INFO  BF_MC Write LAG node at addr 0x60f4 with id 255 and next node 0x60f5 0x0000_00000000ff060f5c
2025-04-10 03:24:59.580338 INFO  BF_MC Write LAG node at addr 0x60f5 with id 255 and next node 0x60f6 0x00ff_060f6c00ff060f5c
2025-04-10 03:24:59.580341 INFO  BF_MC Write LAG node at addr 0x60f6 with id 255 and next node 0x60f7 0x0000_00000000ff060f7c
2025-04-10 03:24:59.580348 INFO  BF_MC Write LAG node at addr 0x60f7 with id 255 and next node 0x60f8 0x00ff_060f8c00ff060f7c
2025-04-10 03:24:59.580352 INFO  BF_MC Write LAG node at addr 0x60f8 with id 255 and next node 0x60f9 0x0000_00000000ff060f9c
2025-04-10 03:24:59.580357 INFO  BF_MC Write LAG node at addr 0x60f9 with id 255 and next node 0x60fa 0x00ff_060fac00ff060f9c
2025-04-10 03:24:59.580361 INFO  BF_MC Write LAG node at addr 0x60fa with id 255 and next node 0x60fb 0x0000_00000000ff060fbc
2025-04-10 03:24:59.580365 INFO  BF_MC Write LAG node at addr 0x60fb with id 255 and next node 0x60fc 0x00ff_060fcc00ff060fbc
2025-04-10 03:24:59.580369 INFO  BF_MC Write LAG node at addr 0x60fc with id 255 and next node 0x60fd 0x0000_00000000ff060fdc
2025-04-10 03:24:59.580373 INFO  BF_MC Write LAG node at addr 0x60fd with id 255 and next node 0x60fe 0x00ff_060fec00ff060fdc
2025-04-10 03:24:59.580376 INFO  BF_MC Write LAG node at addr 0x60fe with id 255 and next node 0x60ff 0x0000_00000000ff060ffc
2025-04-10 03:24:59.580381 INFO  BF_MC Write LAG node at addr 0x60ff with id 255 and next node 0x6100 0x00ff_06100c00ff060ffc
2025-04-10 03:24:59.580385 INFO  BF_MC Write LAG node at addr 0x6100 with id 255 and next node 0x6101 0x0000_00000000ff06101c
2025-04-10 03:24:59.580389 INFO  BF_MC Write LAG node at addr 0x6101 with id 255 and next node 0x6102 0x00ff_06102c00ff06101c
2025-04-10 03:24:59.580393 INFO  BF_MC Write LAG node at addr 0x6102 with id 255 and next node 0x6103 0x0000_00000000ff06103c
2025-04-10 03:24:59.580397 INFO  BF_MC Write LAG node at addr 0x6103 with id 255 and next node 0 0x00ff_00000c00ff06103c
2025-04-10 03:24:59.580402 INFO  BF_MC Allocated RDM addresses 0x21c0 - 0x21df
2025-04-10 03:24:59.580406 INFO  BF_MC Write L1End node at addr 0x21c0, rid 0, l2 0x6101
2025-04-10 03:24:59.580410 INFO  BF_MC Write L1End node at addr 0x21c1, rid 0, l2 0x6100
2025-04-10 03:24:59.580414 INFO  BF_MC Write L1End node at addr 0x21c2, rid 0, l2 0x60ff
2025-04-10 03:24:59.580418 INFO  BF_MC Write L1End node at addr 0x21c3, rid 0, l2 0x60fe
2025-04-10 03:24:59.580433 INFO  BF_MC Write L1End node at addr 0x21c4, rid 0, l2 0x60fd
2025-04-10 03:24:59.580437 INFO  BF_MC Write L1End node at addr 0x21c5, rid 0, l2 0x60fc
2025-04-10 03:24:59.580442 INFO  BF_MC Write L1End node at addr 0x21c6, rid 0, l2 0x60fb
2025-04-10 03:24:59.580446 INFO  BF_MC Write L1End node at addr 0x21c7, rid 0, l2 0x60fa
2025-04-10 03:24:59.580449 INFO  BF_MC Write L1End node at addr 0x21c8, rid 0, l2 0x60f8
2025-04-10 03:24:59.580453 INFO  BF_MC Write L1End node at addr 0x21c9, rid 0, l2 0x60f6
2025-04-10 03:24:59.580458 INFO  BF_MC Write L1End node at addr 0x21ca, rid 0, l2 0x60f4
2025-04-10 03:24:59.580462 INFO  BF_MC Write L1End node at addr 0x21cb, rid 0, l2 0x60f2
2025-04-10 03:24:59.580469 INFO  BF_MC Write L1End node at addr 0x21cc, rid 0, l2 0x60f0
2025-04-10 03:24:59.580479 INFO  BF_MC Write L1End node at addr 0x21cd, rid 0, l2 0x60ee
2025-04-10 03:24:59.580489 INFO  BF_MC Write L1End node at addr 0x21ce, rid 0, l2 0x60ec
2025-04-10 03:24:59.580497 INFO  BF_MC Write L1End node at addr 0x21cf, rid 0, l2 0x60ea
2025-04-10 03:24:59.580505 INFO  BF_MC Write L1End node at addr 0x21d0, rid 0, l2 0x60e8
2025-04-10 03:24:59.580509 INFO  BF_MC Write L1End node at addr 0x21d1, rid 0, l2 0x60e6
2025-04-10 03:24:59.580514 INFO  BF_MC Write L1End node at addr 0x21d2, rid 0, l2 0x60e4
2025-04-10 03:24:59.580518 INFO  BF_MC Write L1End node at addr 0x21d3, rid 0, l2 0x60e0
2025-04-10 03:24:59.580523 INFO  BF_MC Write L1End node at addr 0x21d4, rid 0, l2 0x60dc
2025-04-10 03:24:59.580527 INFO  BF_MC Write L1End node at addr 0x21d5, rid 0, l2 0x60d8
2025-04-10 03:24:59.580531 INFO  BF_MC Write L1End node at addr 0x21d6, rid 0, l2 0x60d4
2025-04-10 03:24:59.580535 INFO  BF_MC Write L1End node at addr 0x21d7, rid 0, l2 0x60cc
2025-04-10 03:24:59.580539 INFO  BF_MC Write L1End node at addr 0x21d8, rid 0, l2 0x60c4
2025-04-10 03:24:59.580543 INFO  BF_MC Write L1End node at addr 0x21d9, rid 0, l2 0x60bc
2025-04-10 03:24:59.580549 INFO  BF_MC Write L1End node at addr 0x21da, rid 0, l2 0x60a0
2025-04-10 03:24:59.580553 INFO  BF_MC Write L1End node at addr 0x21db, rid 0, l2 0x6087
2025-04-10 03:24:59.580557 INFO  BF_MC Write L1End node at addr 0x21dc, rid 0, l2 0x606e
2025-04-10 03:24:59.580561 INFO  BF_MC Write L1End node at addr 0x21dd, rid 0, l2 0x6055
2025-04-10 03:24:59.580566 INFO  BF_MC Write L1End node at addr 0x21de, rid 0, l2 0x603c
2025-04-10 03:24:59.580570 INFO  BF_MC Write L1End node at addr 0x21df, rid 0, l2 0x6000
2025-04-10 03:24:59.580574 INFO  BF_MC Allocated RDM addresses 0x7000 - 0x7103
2025-04-10 03:24:59.580579 INFO  BF_MC Write LAG node at addr 0x7000 with id 255 and next node 0x7001 0x0000_00000000ff07001c
2025-04-10 03:24:59.580584 INFO  BF_MC Write LAG node at addr 0x7001 with id 255 and next node 0x7002 0x00ff_07002c00ff07001c
2025-04-10 03:24:59.580588 INFO  BF_MC Write LAG node at addr 0x7002 with id 255 and next node 0x7003 0x0000_00000000ff07003c
2025-04-10 03:24:59.580595 INFO  BF_MC Write LAG node at addr 0x7003 with id 255 and next node 0x7004 0x00ff_07004c00ff07003c
2025-04-10 03:24:59.580600 INFO  BF_MC Write LAG node at addr 0x7004 with id 255 and next node 0x7005 0x0000_00000000ff07005c
2025-04-10 03:24:59.580605 INFO  BF_MC Write LAG node at addr 0x7005 with id 255 and next node 0x7006 0x00ff_07006c00ff07005c
2025-04-10 03:24:59.580609 INFO  BF_MC Write LAG node at addr 0x7006 with id 255 and next node 0x7007 0x0000_00000000ff07007c
2025-04-10 03:24:59.580613 INFO  BF_MC Write LAG node at addr 0x7007 with id 255 and next node 0x7008 0x00ff_07008c00ff07007c
2025-04-10 03:24:59.580617 INFO  BF_MC Write LAG node at addr 0x7008 with id 255 and next node 0x7009 0x0000_00000000ff07009c
2025-04-10 03:24:59.580622 INFO  BF_MC Write LAG node at addr 0x7009 with id 255 and next node 0x700a 0x00ff_0700ac00ff07009c
2025-04-10 03:24:59.580626 INFO  BF_MC Write LAG node at addr 0x700a with id 255 and next node 0x700b 0x0000_00000000ff0700bc
2025-04-10 03:24:59.580630 INFO  BF_MC Write LAG node at addr 0x700b with id 255 and next node 0x700c 0x00ff_0700cc00ff0700bc
2025-04-10 03:24:59.580634 INFO  BF_MC Write LAG node at addr 0x700c with id 255 and next node 0x700d 0x0000_00000000ff0700dc
2025-04-10 03:24:59.580639 INFO  BF_MC Write LAG node at addr 0x700d with id 255 and next node 0x700e 0x00ff_0700ec00ff0700dc
2025-04-10 03:24:59.580643 INFO  BF_MC Write LAG node at addr 0x700e with id 255 and next node 0x700f 0x0000_00000000ff0700fc
2025-04-10 03:24:59.580647 INFO  BF_MC Write LAG node at addr 0x700f with id 255 and next node 0x7010 0x00ff_07010c00ff0700fc
2025-04-10 03:24:59.580651 INFO  BF_MC Write LAG node at addr 0x7010 with id 255 and next node 0x7011 0x0000_00000000ff07011c
2025-04-10 03:24:59.580656 INFO  BF_MC Write LAG node at addr 0x7011 with id 255 and next node 0x7012 0x00ff_07012c00ff07011c
2025-04-10 03:24:59.580660 INFO  BF_MC Write LAG node at addr 0x7012 with id 255 and next node 0x7013 0x0000_00000000ff07013c
2025-04-10 03:24:59.580665 INFO  BF_MC Write LAG node at addr 0x7013 with id 255 and next node 0x7014 0x00ff_07014c00ff07013c
2025-04-10 03:24:59.580669 INFO  BF_MC Write LAG node at addr 0x7014 with id 255 and next node 0x7015 0x0000_00000000ff07015c
2025-04-10 03:24:59.580674 INFO  BF_MC Write LAG node at addr 0x7015 with id 255 and next node 0x7016 0x00ff_07016c00ff07015c
2025-04-10 03:24:59.580678 INFO  BF_MC Write LAG node at addr 0x7016 with id 255 and next node 0x7017 0x0000_00000000ff07017c
2025-04-10 03:24:59.580682 INFO  BF_MC Write LAG node at addr 0x7017 with id 255 and next node 0x7018 0x00ff_07018c00ff07017c
2025-04-10 03:24:59.580686 INFO  BF_MC Write LAG node at addr 0x7018 with id 255 and next node 0x7019 0x0000_00000000ff07019c
2025-04-10 03:24:59.580691 INFO  BF_MC Write LAG node at addr 0x7019 with id 255 and next node 0x701a 0x00ff_0701ac00ff07019c
2025-04-10 03:24:59.580695 INFO  BF_MC Write LAG node at addr 0x701a with id 255 and next node 0x701b 0x0000_00000000ff0701bc
2025-04-10 03:24:59.580699 INFO  BF_MC Write LAG node at addr 0x701b with id 255 and next node 0x701c 0x00ff_0701cc00ff0701bc
2025-04-10 03:24:59.580706 INFO  BF_MC Write LAG node at addr 0x701c with id 255 and next node 0x701d 0x0000_00000000ff0701dc
2025-04-10 03:24:59.580711 INFO  BF_MC Write LAG node at addr 0x701d with id 255 and next node 0x701e 0x00ff_0701ec00ff0701dc
2025-04-10 03:24:59.580715 INFO  BF_MC Write LAG node at addr 0x701e with id 255 and next node 0x701f 0x0000_00000000ff0701fc
2025-04-10 03:24:59.580719 INFO  BF_MC Write LAG node at addr 0x701f with id 255 and next node 0x7020 0x00ff_07020c00ff0701fc
2025-04-10 03:24:59.580723 INFO  BF_MC Write LAG node at addr 0x7020 with id 255 and next node 0x7021 0x0000_00000000ff07021c
2025-04-10 03:24:59.580728 INFO  BF_MC Write LAG node at addr 0x7021 with id 255 and next node 0x7022 0x00ff_07022c00ff07021c
2025-04-10 03:24:59.580732 INFO  BF_MC Write LAG node at addr 0x7022 with id 255 and next node 0x7023 0x0000_00000000ff07023c
2025-04-10 03:24:59.580736 INFO  BF_MC Write LAG node at addr 0x7023 with id 255 and next node 0x7024 0x00ff_07024c00ff07023c
2025-04-10 03:24:59.580740 INFO  BF_MC Write LAG node at addr 0x7024 with id 255 and next node 0x7025 0x0000_00000000ff07025c
2025-04-10 03:24:59.580745 INFO  BF_MC Write LAG node at addr 0x7025 with id 255 and next node 0x7026 0x00ff_07026c00ff07025c
2025-04-10 03:24:59.580752 INFO  BF_MC Write LAG node at addr 0x7026 with id 255 and next node 0x7027 0x0000_00000000ff07027c
2025-04-10 03:24:59.580758 INFO  BF_MC Write LAG node at addr 0x7027 with id 255 and next node 0x7028 0x00ff_07028c00ff07027c
2025-04-10 03:24:59.580763 INFO  BF_MC Write LAG node at addr 0x7028 with id 255 and next node 0x7029 0x0000_00000000ff07029c
2025-04-10 03:24:59.580768 INFO  BF_MC Write LAG node at addr 0x7029 with id 255 and next node 0x702a 0x00ff_0702ac00ff07029c
2025-04-10 03:24:59.580772 INFO  BF_MC Write LAG node at addr 0x702a with id 255 and next node 0x702b 0x0000_00000000ff0702bc
2025-04-10 03:24:59.580776 INFO  BF_MC Write LAG node at addr 0x702b with id 255 and next node 0x702c 0x00ff_0702cc00ff0702bc
2025-04-10 03:24:59.580781 INFO  BF_MC Write LAG node at addr 0x702c with id 255 and next node 0x702d 0x0000_00000000ff0702dc
2025-04-10 03:24:59.580785 INFO  BF_MC Write LAG node at addr 0x702d with id 255 and next node 0x702e 0x00ff_0702ec00ff0702dc
2025-04-10 03:24:59.580789 INFO  BF_MC Write LAG node at addr 0x702e with id 255 and next node 0x702f 0x0000_00000000ff0702fc
2025-04-10 03:24:59.580794 INFO  BF_MC Write LAG node at addr 0x702f with id 255 and next node 0x7030 0x00ff_07030c00ff0702fc
2025-04-10 03:24:59.580798 INFO  BF_MC Write LAG node at addr 0x7030 with id 255 and next node 0x7031 0x0000_00000000ff07031c
2025-04-10 03:24:59.580803 INFO  BF_MC Write LAG node at addr 0x7031 with id 255 and next node 0x7032 0x00ff_07032c00ff07031c
2025-04-10 03:24:59.580807 INFO  BF_MC Write LAG node at addr 0x7032 with id 255 and next node 0x7033 0x0000_00000000ff07033c
2025-04-10 03:24:59.580812 INFO  BF_MC Write LAG node at addr 0x7033 with id 255 and next node 0x7034 0x00ff_07034c00ff07033c
2025-04-10 03:24:59.580816 INFO  BF_MC Write LAG node at addr 0x7034 with id 255 and next node 0x7035 0x0000_00000000ff07035c
2025-04-10 03:24:59.580821 INFO  BF_MC Write LAG node at addr 0x7035 with id 255 and next node 0x7036 0x00ff_07036c00ff07035c
2025-04-10 03:24:59.580825 INFO  BF_MC Write LAG node at addr 0x7036 with id 255 and next node 0x7037 0x0000_00000000ff07037c
2025-04-10 03:24:59.580829 INFO  BF_MC Write LAG node at addr 0x7037 with id 255 and next node 0x7038 0x00ff_07038c00ff07037c
2025-04-10 03:24:59.580833 INFO  BF_MC Write LAG node at addr 0x7038 with id 255 and next node 0x7039 0x0000_00000000ff07039c
2025-04-10 03:24:59.580838 INFO  BF_MC Write LAG node at addr 0x7039 with id 255 and next node 0x703a 0x00ff_0703ac00ff07039c
2025-04-10 03:24:59.580842 INFO  BF_MC Write LAG node at addr 0x703a with id 255 and next node 0x703b 0x0000_00000000ff0703bc
2025-04-10 03:24:59.580846 INFO  BF_MC Write LAG node at addr 0x703b with id 255 and next node 0x703c 0x00ff_0703cc00ff0703bc
2025-04-10 03:24:59.580850 INFO  BF_MC Write LAG node at addr 0x703c with id 255 and next node 0x703d 0x0000_00000000ff0703dc
2025-04-10 03:24:59.580857 INFO  BF_MC Write LAG node at addr 0x703d with id 255 and next node 0x703e 0x00ff_0703ec00ff0703dc
2025-04-10 03:24:59.580861 INFO  BF_MC Write LAG node at addr 0x703e with id 255 and next node 0x703f 0x0000_00000000ff0703fc
2025-04-10 03:24:59.580865 INFO  BF_MC Write LAG node at addr 0x703f with id 255 and next node 0x7040 0x00ff_07040c00ff0703fc
2025-04-10 03:24:59.580869 INFO  BF_MC Write LAG node at addr 0x7040 with id 255 and next node 0x7041 0x0000_00000000ff07041c
2025-04-10 03:24:59.580874 INFO  BF_MC Write LAG node at addr 0x7041 with id 255 and next node 0x7042 0x00ff_07042c00ff07041c
2025-04-10 03:24:59.580878 INFO  BF_MC Write LAG node at addr 0x7042 with id 255 and next node 0x7043 0x0000_00000000ff07043c
2025-04-10 03:24:59.580882 INFO  BF_MC Write LAG node at addr 0x7043 with id 255 and next node 0x7044 0x00ff_07044c00ff07043c
2025-04-10 03:24:59.580886 INFO  BF_MC Write LAG node at addr 0x7044 with id 255 and next node 0x7045 0x0000_00000000ff07045c
2025-04-10 03:24:59.580891 INFO  BF_MC Write LAG node at addr 0x7045 with id 255 and next node 0x7046 0x00ff_07046c00ff07045c
2025-04-10 03:24:59.580895 INFO  BF_MC Write LAG node at addr 0x7046 with id 255 and next node 0x7047 0x0000_00000000ff07047c
2025-04-10 03:24:59.580899 INFO  BF_MC Write LAG node at addr 0x7047 with id 255 and next node 0x7048 0x00ff_07048c00ff07047c
2025-04-10 03:24:59.580903 INFO  BF_MC Write LAG node at addr 0x7048 with id 255 and next node 0x7049 0x0000_00000000ff07049c
2025-04-10 03:24:59.580908 INFO  BF_MC Write LAG node at addr 0x7049 with id 255 and next node 0x704a 0x00ff_0704ac00ff07049c
2025-04-10 03:24:59.580912 INFO  BF_MC Write LAG node at addr 0x704a with id 255 and next node 0x704b 0x0000_00000000ff0704bc
2025-04-10 03:24:59.580916 INFO  BF_MC Write LAG node at addr 0x704b with id 255 and next node 0x704c 0x00ff_0704cc00ff0704bc
2025-04-10 03:24:59.580920 INFO  BF_MC Write LAG node at addr 0x704c with id 255 and next node 0x704d 0x0000_00000000ff0704dc
2025-04-10 03:24:59.580925 INFO  BF_MC Write LAG node at addr 0x704d with id 255 and next node 0x704e 0x00ff_0704ec00ff0704dc
2025-04-10 03:24:59.580929 INFO  BF_MC Write LAG node at addr 0x704e with id 255 and next node 0x704f 0x0000_00000000ff0704fc
2025-04-10 03:24:59.580933 INFO  BF_MC Write LAG node at addr 0x704f with id 255 and next node 0x7050 0x00ff_07050c00ff0704fc
2025-04-10 03:24:59.580937 INFO  BF_MC Write LAG node at addr 0x7050 with id 255 and next node 0x7051 0x0000_00000000ff07051c
2025-04-10 03:24:59.580942 INFO  BF_MC Write LAG node at addr 0x7051 with id 255 and next node 0x7052 0x00ff_07052c00ff07051c
2025-04-10 03:24:59.580949 INFO  BF_MC Write LAG node at addr 0x7052 with id 255 and next node 0x7053 0x0000_00000000ff07053c
2025-04-10 03:24:59.580955 INFO  BF_MC Write LAG node at addr 0x7053 with id 255 and next node 0x7054 0x00ff_07054c00ff07053c
2025-04-10 03:24:59.580959 INFO  BF_MC Write LAG node at addr 0x7054 with id 255 and next node 0x7055 0x0000_00000000ff07055c
2025-04-10 03:24:59.580964 INFO  BF_MC Write LAG node at addr 0x7055 with id 255 and next node 0x7056 0x00ff_07056c00ff07055c
2025-04-10 03:24:59.580968 INFO  BF_MC Write LAG node at addr 0x7056 with id 255 and next node 0x7057 0x0000_00000000ff07057c
2025-04-10 03:24:59.580972 INFO  BF_MC Write LAG node at addr 0x7057 with id 255 and next node 0x7058 0x00ff_07058c00ff07057c
2025-04-10 03:24:59.580976 INFO  BF_MC Write LAG node at addr 0x7058 with id 255 and next node 0x7059 0x0000_00000000ff07059c
2025-04-10 03:24:59.580981 INFO  BF_MC Write LAG node at addr 0x7059 with id 255 and next node 0x705a 0x00ff_0705ac00ff07059c
2025-04-10 03:24:59.580985 INFO  BF_MC Write LAG node at addr 0x705a with id 255 and next node 0x705b 0x0000_00000000ff0705bc
2025-04-10 03:24:59.580989 INFO  BF_MC Write LAG node at addr 0x705b with id 255 and next node 0x705c 0x00ff_0705cc00ff0705bc
2025-04-10 03:24:59.580993 INFO  BF_MC Write LAG node at addr 0x705c with id 255 and next node 0x705d 0x0000_00000000ff0705dc
2025-04-10 03:24:59.581002 INFO  BF_MC Write LAG node at addr 0x705d with id 255 and next node 0x705e 0x00ff_0705ec00ff0705dc
2025-04-10 03:24:59.581006 INFO  BF_MC Write LAG node at addr 0x705e with id 255 and next node 0x705f 0x0000_00000000ff0705fc
2025-04-10 03:24:59.581010 INFO  BF_MC Write LAG node at addr 0x705f with id 255 and next node 0x7060 0x00ff_07060c00ff0705fc
2025-04-10 03:24:59.581014 INFO  BF_MC Write LAG node at addr 0x7060 with id 255 and next node 0x7061 0x0000_00000000ff07061c
2025-04-10 03:24:59.581019 INFO  BF_MC Write LAG node at addr 0x7061 with id 255 and next node 0x7062 0x00ff_07062c00ff07061c
2025-04-10 03:24:59.581023 INFO  BF_MC Write LAG node at addr 0x7062 with id 255 and next node 0x7063 0x0000_00000000ff07063c
2025-04-10 03:24:59.581027 INFO  BF_MC Write LAG node at addr 0x7063 with id 255 and next node 0x7064 0x00ff_07064c00ff07063c
2025-04-10 03:24:59.581032 INFO  BF_MC Write LAG node at addr 0x7064 with id 255 and next node 0x7065 0x0000_00000000ff07065c
2025-04-10 03:24:59.581037 INFO  BF_MC Write LAG node at addr 0x7065 with id 255 and next node 0x7066 0x00ff_07066c00ff07065c
2025-04-10 03:24:59.581041 INFO  BF_MC Write LAG node at addr 0x7066 with id 255 and next node 0x7067 0x0000_00000000ff07067c
2025-04-10 03:24:59.581045 INFO  BF_MC Write LAG node at addr 0x7067 with id 255 and next node 0x7068 0x00ff_07068c00ff07067c
2025-04-10 03:24:59.581049 INFO  BF_MC Write LAG node at addr 0x7068 with id 255 and next node 0x7069 0x0000_00000000ff07069c
2025-04-10 03:24:59.581054 INFO  BF_MC Write LAG node at addr 0x7069 with id 255 and next node 0x706a 0x00ff_0706ac00ff07069c
2025-04-10 03:24:59.581058 INFO  BF_MC Write LAG node at addr 0x706a with id 255 and next node 0x706b 0x0000_00000000ff0706bc
2025-04-10 03:24:59.581062 INFO  BF_MC Write LAG node at addr 0x706b with id 255 and next node 0x706c 0x00ff_0706cc00ff0706bc
2025-04-10 03:24:59.581066 INFO  BF_MC Write LAG node at addr 0x706c with id 255 and next node 0x706d 0x0000_00000000ff0706dc
2025-04-10 03:24:59.581881 DEBUG BF_PLTFM QSFPMSM  4 : QSFP_FSM_ST_WAIT_T_RESET     --> QSFP_FSM_ST_WAIT_TON_TXDIS   (2000ms)
2025-04-10 03:24:59.581933 DEBUG BF_PLTFM QSFP     7 : RESETL = false
2025-04-10 03:24:59.581952 DEBUG BF_PLTFM QSFP     7 : False
2025-04-10 03:24:59.583249 INFO  BF_MC Write LAG node at addr 0x706d with id 255 and next node 0x706e 0x00ff_0706ec00ff0706dc
2025-04-10 03:24:59.583280 INFO  BF_MC Write LAG node at addr 0x706e with id 255 and next node 0x706f 0x0000_00000000ff0706fc
2025-04-10 03:24:59.583290 INFO  BF_MC Write LAG node at addr 0x706f with id 255 and next node 0x7070 0x00ff_07070c00ff0706fc
2025-04-10 03:24:59.583299 INFO  BF_MC Write LAG node at addr 0x7070 with id 255 and next node 0x7071 0x0000_00000000ff07071c
2025-04-10 03:24:59.583307 INFO  BF_MC Write LAG node at addr 0x7071 with id 255 and next node 0x7072 0x00ff_07072c00ff07071c
2025-04-10 03:24:59.583317 INFO  BF_MC Write LAG node at addr 0x7072 with id 255 and next node 0x7073 0x0000_00000000ff07073c
2025-04-10 03:24:59.583328 INFO  BF_MC Write LAG node at addr 0x7073 with id 255 and next node 0x7074 0x00ff_07074c00ff07073c
2025-04-10 03:24:59.583337 INFO  BF_MC Write LAG node at addr 0x7074 with id 255 and next node 0x7075 0x0000_00000000ff07075c
2025-04-10 03:24:59.583345 INFO  BF_MC Write LAG node at addr 0x7075 with id 255 and next node 0x7076 0x00ff_07076c00ff07075c
2025-04-10 03:24:59.583355 INFO  BF_MC Write LAG node at addr 0x7076 with id 255 and next node 0x7077 0x0000_00000000ff07077c
2025-04-10 03:24:59.583363 INFO  BF_MC Write LAG node at addr 0x7077 with id 255 and next node 0x7078 0x00ff_07078c00ff07077c
2025-04-10 03:24:59.583371 INFO  BF_MC Write LAG node at addr 0x7078 with id 255 and next node 0x7079 0x0000_00000000ff07079c
2025-04-10 03:24:59.583380 INFO  BF_MC Write LAG node at addr 0x7079 with id 255 and next node 0x707a 0x00ff_0707ac00ff07079c
2025-04-10 03:24:59.583389 INFO  BF_MC Write LAG node at addr 0x707a with id 255 and next node 0x707b 0x0000_00000000ff0707bc
2025-04-10 03:24:59.583412 INFO  BF_MC Write LAG node at addr 0x707b with id 255 and next node 0x707c 0x00ff_0707cc00ff0707bc
2025-04-10 03:24:59.583420 INFO  BF_MC Write LAG node at addr 0x707c with id 255 and next node 0x707d 0x0000_00000000ff0707dc
2025-04-10 03:24:59.583424 INFO  BF_MC Write LAG node at addr 0x707d with id 255 and next node 0x707e 0x00ff_0707ec00ff0707dc
2025-04-10 03:24:59.583429 INFO  BF_MC Write LAG node at addr 0x707e with id 255 and next node 0x707f 0x0000_00000000ff0707fc
2025-04-10 03:24:59.583433 INFO  BF_MC Write LAG node at addr 0x707f with id 255 and next node 0x7080 0x00ff_07080c00ff0707fc
2025-04-10 03:24:59.583437 INFO  BF_MC Write LAG node at addr 0x7080 with id 255 and next node 0x7081 0x0000_00000000ff07081c
2025-04-10 03:24:59.583442 INFO  BF_MC Write LAG node at addr 0x7081 with id 255 and next node 0x7082 0x00ff_07082c00ff07081c
2025-04-10 03:24:59.583446 INFO  BF_MC Write LAG node at addr 0x7082 with id 255 and next node 0x7083 0x0000_00000000ff07083c
2025-04-10 03:24:59.583451 INFO  BF_MC Write LAG node at addr 0x7083 with id 255 and next node 0x7084 0x00ff_07084c00ff07083c
2025-04-10 03:24:59.583455 INFO  BF_MC Write LAG node at addr 0x7084 with id 255 and next node 0x7085 0x0000_00000000ff07085c
2025-04-10 03:24:59.583460 INFO  BF_MC Write LAG node at addr 0x7085 with id 255 and next node 0x7086 0x00ff_07086c00ff07085c
2025-04-10 03:24:59.583464 INFO  BF_MC Write LAG node at addr 0x7086 with id 255 and next node 0x7087 0x0000_00000000ff07087c
2025-04-10 03:24:59.583468 INFO  BF_MC Write LAG node at addr 0x7087 with id 255 and next node 0x7088 0x00ff_07088c00ff07087c
2025-04-10 03:24:59.583473 INFO  BF_MC Write LAG node at addr 0x7088 with id 255 and next node 0x7089 0x0000_00000000ff07089c
2025-04-10 03:24:59.583477 INFO  BF_MC Write LAG node at addr 0x7089 with id 255 and next node 0x708a 0x00ff_0708ac00ff07089c
2025-04-10 03:24:59.583481 INFO  BF_MC Write LAG node at addr 0x708a with id 255 and next node 0x708b 0x0000_00000000ff0708bc
2025-04-10 03:24:59.583486 INFO  BF_MC Write LAG node at addr 0x708b with id 255 and next node 0x708c 0x00ff_0708cc00ff0708bc
2025-04-10 03:24:59.583490 INFO  BF_MC Write LAG node at addr 0x708c with id 255 and next node 0x708d 0x0000_00000000ff0708dc
2025-04-10 03:24:59.583494 INFO  BF_MC Write LAG node at addr 0x708d with id 255 and next node 0x708e 0x00ff_0708ec00ff0708dc
2025-04-10 03:24:59.583498 INFO  BF_MC Write LAG node at addr 0x708e with id 255 and next node 0x708f 0x0000_00000000ff0708fc
2025-04-10 03:24:59.583503 INFO  BF_MC Write LAG node at addr 0x708f with id 255 and next node 0x7090 0x00ff_07090c00ff0708fc
2025-04-10 03:24:59.583507 INFO  BF_MC Write LAG node at addr 0x7090 with id 255 and next node 0x7091 0x0000_00000000ff07091c
2025-04-10 03:24:59.583511 INFO  BF_MC Write LAG node at addr 0x7091 with id 255 and next node 0x7092 0x00ff_07092c00ff07091c
2025-04-10 03:24:59.583516 INFO  BF_MC Write LAG node at addr 0x7092 with id 255 and next node 0x7093 0x0000_00000000ff07093c
2025-04-10 03:24:59.583521 INFO  BF_MC Write LAG node at addr 0x7093 with id 255 and next node 0x7094 0x00ff_07094c00ff07093c
2025-04-10 03:24:59.583527 INFO  BF_MC Write LAG node at addr 0x7094 with id 255 and next node 0x7095 0x0000_00000000ff07095c
2025-04-10 03:24:59.583533 INFO  BF_MC Write LAG node at addr 0x7095 with id 255 and next node 0x7096 0x00ff_07096c00ff07095c
2025-04-10 03:24:59.583538 INFO  BF_MC Write LAG node at addr 0x7096 with id 255 and next node 0x7097 0x0000_00000000ff07097c
2025-04-10 03:24:59.583543 INFO  BF_MC Write LAG node at addr 0x7097 with id 255 and next node 0x7098 0x00ff_07098c00ff07097c
2025-04-10 03:24:59.583547 INFO  BF_MC Write LAG node at addr 0x7098 with id 255 and next node 0x7099 0x0000_00000000ff07099c
2025-04-10 03:24:59.583551 INFO  BF_MC Write LAG node at addr 0x7099 with id 255 and next node 0x709a 0x00ff_0709ac00ff07099c
2025-04-10 03:24:59.583556 INFO  BF_MC Write LAG node at addr 0x709a with id 255 and next node 0x709b 0x0000_00000000ff0709bc
2025-04-10 03:24:59.583560 INFO  BF_MC Write LAG node at addr 0x709b with id 255 and next node 0x709c 0x00ff_0709cc00ff0709bc
2025-04-10 03:24:59.583567 INFO  BF_MC Write LAG node at addr 0x709c with id 255 and next node 0x709d 0x0000_00000000ff0709dc
2025-04-10 03:24:59.583571 INFO  BF_MC Write LAG node at addr 0x709d with id 255 and next node 0x709e 0x00ff_0709ec00ff0709dc
2025-04-10 03:24:59.583576 INFO  BF_MC Write LAG node at addr 0x709e with id 255 and next node 0x709f 0x0000_00000000ff0709fc
2025-04-10 03:24:59.583580 INFO  BF_MC Write LAG node at addr 0x709f with id 255 and next node 0x70a0 0x00ff_070a0c00ff0709fc
2025-04-10 03:24:59.583584 INFO  BF_MC Write LAG node at addr 0x70a0 with id 255 and next node 0x70a1 0x0000_00000000ff070a1c
2025-04-10 03:24:59.583588 INFO  BF_MC Write LAG node at addr 0x70a1 with id 255 and next node 0x70a2 0x00ff_070a2c00ff070a1c
2025-04-10 03:24:59.583593 INFO  BF_MC Write LAG node at addr 0x70a2 with id 255 and next node 0x70a3 0x0000_00000000ff070a3c
2025-04-10 03:24:59.583597 INFO  BF_MC Write LAG node at addr 0x70a3 with id 255 and next node 0x70a4 0x00ff_070a4c00ff070a3c
2025-04-10 03:24:59.583601 INFO  BF_MC Write LAG node at addr 0x70a4 with id 255 and next node 0x70a5 0x0000_00000000ff070a5c
2025-04-10 03:24:59.583606 INFO  BF_MC Write LAG node at addr 0x70a5 with id 255 and next node 0x70a6 0x00ff_070a6c00ff070a5c
2025-04-10 03:24:59.583610 INFO  BF_MC Write LAG node at addr 0x70a6 with id 255 and next node 0x70a7 0x0000_00000000ff070a7c
2025-04-10 03:24:59.583614 INFO  BF_MC Write LAG node at addr 0x70a7 with id 255 and next node 0x70a8 0x00ff_070a8c00ff070a7c
2025-04-10 03:24:59.583619 INFO  BF_MC Write LAG node at addr 0x70a8 with id 255 and next node 0x70a9 0x0000_00000000ff070a9c
2025-04-10 03:24:59.583623 INFO  BF_MC Write LAG node at addr 0x70a9 with id 255 and next node 0x70aa 0x00ff_070aac00ff070a9c
2025-04-10 03:24:59.583627 INFO  BF_MC Write LAG node at addr 0x70aa with id 255 and next node 0x70ab 0x0000_00000000ff070abc
2025-04-10 03:24:59.583631 INFO  BF_MC Write LAG node at addr 0x70ab with id 255 and next node 0x70ac 0x00ff_070acc00ff070abc
2025-04-10 03:24:59.583636 INFO  BF_MC Write LAG node at addr 0x70ac with id 255 and next node 0x70ad 0x0000_00000000ff070adc
2025-04-10 03:24:59.583640 INFO  BF_MC Write LAG node at addr 0x70ad with id 255 and next node 0x70ae 0x00ff_070aec00ff070adc
2025-04-10 03:24:59.583644 INFO  BF_MC Write LAG node at addr 0x70ae with id 255 and next node 0x70af 0x0000_00000000ff070afc
2025-04-10 03:24:59.583649 INFO  BF_MC Write LAG node at addr 0x70af with id 255 and next node 0x70b0 0x00ff_070b0c00ff070afc
2025-04-10 03:24:59.583653 INFO  BF_MC Write LAG node at addr 0x70b0 with id 255 and next node 0x70b1 0x0000_00000000ff070b1c
2025-04-10 03:24:59.583657 INFO  BF_MC Write LAG node at addr 0x70b1 with id 255 and next node 0x70b2 0x00ff_070b2c00ff070b1c
2025-04-10 03:24:59.583661 INFO  BF_MC Write LAG node at addr 0x70b2 with id 255 and next node 0x70b3 0x0000_00000000ff070b3c
2025-04-10 03:24:59.583667 INFO  BF_MC Write LAG node at addr 0x70b3 with id 255 and next node 0x70b4 0x00ff_070b4c00ff070b3c
2025-04-10 03:24:59.583671 INFO  BF_MC Write LAG node at addr 0x70b4 with id 255 and next node 0x70b5 0x0000_00000000ff070b5c
2025-04-10 03:24:59.583675 INFO  BF_MC Write LAG node at addr 0x70b5 with id 255 and next node 0x70b6 0x00ff_070b6c00ff070b5c
2025-04-10 03:24:59.583680 INFO  BF_MC Write LAG node at addr 0x70b6 with id 255 and next node 0x70b7 0x0000_00000000ff070b7c
2025-04-10 03:24:59.583684 INFO  BF_MC Write LAG node at addr 0x70b7 with id 255 and next node 0x70b8 0x00ff_070b8c00ff070b7c
2025-04-10 03:24:59.583688 INFO  BF_MC Write LAG node at addr 0x70b8 with id 255 and next node 0x70b9 0x0000_00000000ff070b9c
2025-04-10 03:24:59.583692 INFO  BF_MC Write LAG node at addr 0x70b9 with id 255 and next node 0x70ba 0x00ff_070bac00ff070b9c
2025-04-10 03:24:59.583697 INFO  BF_MC Write LAG node at addr 0x70ba with id 255 and next node 0x70bb 0x0000_00000000ff070bbc
2025-04-10 03:24:59.583701 INFO  BF_MC Write LAG node at addr 0x70bb with id 255 and next node 0x70bc 0x00ff_070bcc00ff070bbc
2025-04-10 03:24:59.583705 INFO  BF_MC Write LAG node at addr 0x70bc with id 255 and next node 0x70bd 0x0000_00000000ff070bdc
2025-04-10 03:24:59.583711 INFO  BF_MC Write LAG node at addr 0x70bd with id 255 and next node 0x70be 0x00ff_070bec00ff070bdc
2025-04-10 03:24:59.583716 INFO  BF_MC Write LAG node at addr 0x70be with id 255 and next node 0x70bf 0x0000_00000000ff070bfc
2025-04-10 03:24:59.583720 INFO  BF_MC Write LAG node at addr 0x70bf with id 255 and next node 0x70c0 0x00ff_070c0c00ff070bfc
2025-04-10 03:24:59.583725 INFO  BF_MC Write LAG node at addr 0x70c0 with id 255 and next node 0x70c1 0x0000_00000000ff070c1c
2025-04-10 03:24:59.583729 INFO  BF_MC Write LAG node at addr 0x70c1 with id 255 and next node 0x70c2 0x00ff_070c2c00ff070c1c
2025-04-10 03:24:59.583733 INFO  BF_MC Write LAG node at addr 0x70c2 with id 255 and next node 0x70c3 0x0000_00000000ff070c3c
2025-04-10 03:24:59.583738 INFO  BF_MC Write LAG node at addr 0x70c3 with id 255 and next node 0x70c4 0x00ff_070c4c00ff070c3c
2025-04-10 03:24:59.583742 INFO  BF_MC Write LAG node at addr 0x70c4 with id 255 and next node 0x70c5 0x0000_00000000ff070c5c
2025-04-10 03:24:59.583746 INFO  BF_MC Write LAG node at addr 0x70c5 with id 255 and next node 0x70c6 0x00ff_070c6c00ff070c5c
2025-04-10 03:24:59.583751 INFO  BF_MC Write LAG node at addr 0x70c6 with id 255 and next node 0x70c7 0x0000_00000000ff070c7c
2025-04-10 03:24:59.583755 INFO  BF_MC Write LAG node at addr 0x70c7 with id 255 and next node 0x70c8 0x00ff_070c8c00ff070c7c
2025-04-10 03:24:59.583759 INFO  BF_MC Write LAG node at addr 0x70c8 with id 255 and next node 0x70c9 0x0000_00000000ff070c9c
2025-04-10 03:24:59.583763 INFO  BF_MC Write LAG node at addr 0x70c9 with id 255 and next node 0x70ca 0x00ff_070cac00ff070c9c
2025-04-10 03:24:59.583768 INFO  BF_MC Write LAG node at addr 0x70ca with id 255 and next node 0x70cb 0x0000_00000000ff070cbc
2025-04-10 03:24:59.583772 INFO  BF_MC Write LAG node at addr 0x70cb with id 255 and next node 0x70cc 0x00ff_070ccc00ff070cbc
2025-04-10 03:24:59.583776 INFO  BF_MC Write LAG node at addr 0x70cc with id 255 and next node 0x70cd 0x0000_00000000ff070cdc
2025-04-10 03:24:59.583780 INFO  BF_MC Write LAG node at addr 0x70cd with id 255 and next node 0x70ce 0x00ff_070cec00ff070cdc
2025-04-10 03:24:59.583785 INFO  BF_MC Write LAG node at addr 0x70ce with id 255 and next node 0x70cf 0x0000_00000000ff070cfc
2025-04-10 03:24:59.583789 INFO  BF_MC Write LAG node at addr 0x70cf with id 255 and next node 0x70d0 0x00ff_070d0c00ff070cfc
2025-04-10 03:24:59.583793 INFO  BF_MC Write LAG node at addr 0x70d0 with id 255 and next node 0x70d1 0x0000_00000000ff070d1c
2025-04-10 03:24:59.583797 INFO  BF_MC Write LAG node at addr 0x70d1 with id 255 and next node 0x70d2 0x00ff_070d2c00ff070d1c
2025-04-10 03:24:59.583802 INFO  BF_MC Write LAG node at addr 0x70d2 with id 255 and next node 0x70d3 0x0000_00000000ff070d3c
2025-04-10 03:24:59.583807 INFO  BF_MC Write LAG node at addr 0x70d3 with id 255 and next node 0x70d4 0x00ff_070d4c00ff070d3c
2025-04-10 03:24:59.583811 INFO  BF_MC Write LAG node at addr 0x70d4 with id 255 and next node 0x70d5 0x0000_00000000ff070d5c
2025-04-10 03:24:59.583815 INFO  BF_MC Write LAG node at addr 0x70d5 with id 255 and next node 0x70d6 0x00ff_070d6c00ff070d5c
2025-04-10 03:24:59.583820 INFO  BF_MC Write LAG node at addr 0x70d6 with id 255 and next node 0x70d7 0x0000_00000000ff070d7c
2025-04-10 03:24:59.583824 INFO  BF_MC Write LAG node at addr 0x70d7 with id 255 and next node 0x70d8 0x00ff_070d8c00ff070d7c
2025-04-10 03:24:59.583828 INFO  BF_MC Write LAG node at addr 0x70d8 with id 255 and next node 0x70d9 0x0000_00000000ff070d9c
2025-04-10 03:24:59.583832 INFO  BF_MC Write LAG node at addr 0x70d9 with id 255 and next node 0x70da 0x00ff_070dac00ff070d9c
2025-04-10 03:24:59.583837 INFO  BF_MC Write LAG node at addr 0x70da with id 255 and next node 0x70db 0x0000_00000000ff070dbc
2025-04-10 03:24:59.583841 INFO  BF_MC Write LAG node at addr 0x70db with id 255 and next node 0x70dc 0x00ff_070dcc00ff070dbc
2025-04-10 03:24:59.583845 INFO  BF_MC Write LAG node at addr 0x70dc with id 255 and next node 0x70dd 0x0000_00000000ff070ddc
2025-04-10 03:24:59.583851 INFO  BF_MC Write LAG node at addr 0x70dd with id 255 and next node 0x70de 0x00ff_070dec00ff070ddc
2025-04-10 03:24:59.583856 INFO  BF_MC Write LAG node at addr 0x70de with id 255 and next node 0x70df 0x0000_00000000ff070dfc
2025-04-10 03:24:59.583860 INFO  BF_MC Write LAG node at addr 0x70df with id 255 and next node 0x70e0 0x00ff_070e0c00ff070dfc
2025-04-10 03:24:59.583864 INFO  BF_MC Write LAG node at addr 0x70e0 with id 255 and next node 0x70e1 0x0000_00000000ff070e1c
2025-04-10 03:24:59.583868 INFO  BF_MC Write LAG node at addr 0x70e1 with id 255 and next node 0x70e2 0x00ff_070e2c00ff070e1c
2025-04-10 03:24:59.583873 INFO  BF_MC Write LAG node at addr 0x70e2 with id 255 and next node 0x70e3 0x0000_00000000ff070e3c
2025-04-10 03:24:59.583878 INFO  BF_MC Write LAG node at addr 0x70e3 with id 255 and next node 0x70e4 0x00ff_070e4c00ff070e3c
2025-04-10 03:24:59.583884 INFO  BF_MC Write LAG node at addr 0x70e4 with id 255 and next node 0x70e5 0x0000_00000000ff070e5c
2025-04-10 03:24:59.583890 INFO  BF_MC Write LAG node at addr 0x70e5 with id 255 and next node 0x70e6 0x00ff_070e6c00ff070e5c
2025-04-10 03:24:59.583895 INFO  BF_MC Write LAG node at addr 0x70e6 with id 255 and next node 0x70e7 0x0000_00000000ff070e7c
2025-04-10 03:24:59.583899 INFO  BF_MC Write LAG node at addr 0x70e7 with id 255 and next node 0x70e8 0x00ff_070e8c00ff070e7c
2025-04-10 03:24:59.583903 INFO  BF_MC Write LAG node at addr 0x70e8 with id 255 and next node 0x70e9 0x0000_00000000ff070e9c
2025-04-10 03:24:59.583907 INFO  BF_MC Write LAG node at addr 0x70e9 with id 255 and next node 0x70ea 0x00ff_070eac00ff070e9c
2025-04-10 03:24:59.583912 INFO  BF_MC Write LAG node at addr 0x70ea with id 255 and next node 0x70eb 0x0000_00000000ff070ebc
2025-04-10 03:24:59.583916 INFO  BF_MC Write LAG node at addr 0x70eb with id 255 and next node 0x70ec 0x00ff_070ecc00ff070ebc
2025-04-10 03:24:59.583920 INFO  BF_MC Write LAG node at addr 0x70ec with id 255 and next node 0x70ed 0x0000_00000000ff070edc
2025-04-10 03:24:59.583924 INFO  BF_MC Write LAG node at addr 0x70ed with id 255 and next node 0x70ee 0x00ff_070eec00ff070edc
2025-04-10 03:24:59.583929 INFO  BF_MC Write LAG node at addr 0x70ee with id 255 and next node 0x70ef 0x0000_00000000ff070efc
2025-04-10 03:24:59.583933 INFO  BF_MC Write LAG node at addr 0x70ef with id 255 and next node 0x70f0 0x00ff_070f0c00ff070efc
2025-04-10 03:24:59.583937 INFO  BF_MC Write LAG node at addr 0x70f0 with id 255 and next node 0x70f1 0x0000_00000000ff070f1c
2025-04-10 03:24:59.583941 INFO  BF_MC Write LAG node at addr 0x70f1 with id 255 and next node 0x70f2 0x00ff_070f2c00ff070f1c
2025-04-10 03:24:59.583946 INFO  BF_MC Write LAG node at addr 0x70f2 with id 255 and next node 0x70f3 0x0000_00000000ff070f3c
2025-04-10 03:24:59.583951 INFO  BF_MC Write LAG node at addr 0x70f3 with id 255 and next node 0x70f4 0x00ff_070f4c00ff070f3c
2025-04-10 03:24:59.583955 INFO  BF_MC Write LAG node at addr 0x70f4 with id 255 and next node 0x70f5 0x0000_00000000ff070f5c
2025-04-10 03:24:59.583960 INFO  BF_MC Write LAG node at addr 0x70f5 with id 255 and next node 0x70f6 0x00ff_070f6c00ff070f5c
2025-04-10 03:24:59.583964 INFO  BF_MC Write LAG node at addr 0x70f6 with id 255 and next node 0x70f7 0x0000_00000000ff070f7c
2025-04-10 03:24:59.583968 INFO  BF_MC Write LAG node at addr 0x70f7 with id 255 and next node 0x70f8 0x00ff_070f8c00ff070f7c
2025-04-10 03:24:59.583972 INFO  BF_MC Write LAG node at addr 0x70f8 with id 255 and next node 0x70f9 0x0000_00000000ff070f9c
2025-04-10 03:24:59.583977 INFO  BF_MC Write LAG node at addr 0x70f9 with id 255 and next node 0x70fa 0x00ff_070fac00ff070f9c
2025-04-10 03:24:59.583981 INFO  BF_MC Write LAG node at addr 0x70fa with id 255 and next node 0x70fb 0x0000_00000000ff070fbc
2025-04-10 03:24:59.583985 INFO  BF_MC Write LAG node at addr 0x70fb with id 255 and next node 0x70fc 0x00ff_070fcc00ff070fbc
2025-04-10 03:24:59.583989 INFO  BF_MC Write LAG node at addr 0x70fc with id 255 and next node 0x70fd 0x0000_00000000ff070fdc
2025-04-10 03:24:59.583994 INFO  BF_MC Write LAG node at addr 0x70fd with id 255 and next node 0x70fe 0x00ff_070fec00ff070fdc
2025-04-10 03:24:59.584001 INFO  BF_MC Write LAG node at addr 0x70fe with id 255 and next node 0x70ff 0x0000_00000000ff070ffc
2025-04-10 03:24:59.584005 INFO  BF_MC Write LAG node at addr 0x70ff with id 255 and next node 0x7100 0x00ff_07100c00ff070ffc
2025-04-10 03:24:59.584009 INFO  BF_MC Write LAG node at addr 0x7100 with id 255 and next node 0x7101 0x0000_00000000ff07101c
2025-04-10 03:24:59.584013 INFO  BF_MC Write LAG node at addr 0x7101 with id 255 and next node 0x7102 0x00ff_07102c00ff07101c
2025-04-10 03:24:59.584018 INFO  BF_MC Write LAG node at addr 0x7102 with id 255 and next node 0x7103 0x0000_00000000ff07103c
2025-04-10 03:24:59.584022 INFO  BF_MC Write LAG node at addr 0x7103 with id 255 and next node 0 0x00ff_00000c00ff07103c
2025-04-10 03:24:59.584029 INFO  BF_MC Allocated RDM addresses 0x31c0 - 0x31df
2025-04-10 03:24:59.584034 INFO  BF_MC Write L1End node at addr 0x31c0, rid 0, l2 0x7101
2025-04-10 03:24:59.584039 INFO  BF_MC Write L1End node at addr 0x31c1, rid 0, l2 0x7100
2025-04-10 03:24:59.584043 INFO  BF_MC Write L1End node at addr 0x31c2, rid 0, l2 0x70ff
2025-04-10 03:24:59.584047 INFO  BF_MC Write L1End node at addr 0x31c3, rid 0, l2 0x70fe
2025-04-10 03:24:59.584051 INFO  BF_MC Write L1End node at addr 0x31c4, rid 0, l2 0x70fd
2025-04-10 03:24:59.584055 INFO  BF_MC Write L1End node at addr 0x31c5, rid 0, l2 0x70fc
2025-04-10 03:24:59.584059 INFO  BF_MC Write L1End node at addr 0x31c6, rid 0, l2 0x70fb
2025-04-10 03:24:59.584063 INFO  BF_MC Write L1End node at addr 0x31c7, rid 0, l2 0x70fa
2025-04-10 03:24:59.584067 INFO  BF_MC Write L1End node at addr 0x31c8, rid 0, l2 0x70f8
2025-04-10 03:24:59.584071 INFO  BF_MC Write L1End node at addr 0x31c9, rid 0, l2 0x70f6
2025-04-10 03:24:59.584075 INFO  BF_MC Write L1End node at addr 0x31ca, rid 0, l2 0x70f4
2025-04-10 03:24:59.584079 INFO  BF_MC Write L1End node at addr 0x31cb, rid 0, l2 0x70f2
2025-04-10 03:24:59.584083 INFO  BF_MC Write L1End node at addr 0x31cc, rid 0, l2 0x70f0
2025-04-10 03:24:59.584088 INFO  BF_MC Write L1End node at addr 0x31cd, rid 0, l2 0x70ee
2025-04-10 03:24:59.584092 INFO  BF_MC Write L1End node at addr 0x31ce, rid 0, l2 0x70ec
2025-04-10 03:24:59.584096 INFO  BF_MC Write L1End node at addr 0x31cf, rid 0, l2 0x70ea
2025-04-10 03:24:59.584151 INFO  BF_MC Write L1End node at addr 0x31d0, rid 0, l2 0x70e8
2025-04-10 03:24:59.584156 INFO  BF_MC Write L1End node at addr 0x31d1, rid 0, l2 0x70e6
2025-04-10 03:24:59.584160 INFO  BF_MC Write L1End node at addr 0x31d2, rid 0, l2 0x70e4
2025-04-10 03:24:59.584164 INFO  BF_MC Write L1End node at addr 0x31d3, rid 0, l2 0x70e0
2025-04-10 03:24:59.584168 INFO  BF_MC Write L1End node at addr 0x31d4, rid 0, l2 0x70dc
2025-04-10 03:24:59.584172 INFO  BF_MC Write L1End node at addr 0x31d5, rid 0, l2 0x70d8
2025-04-10 03:24:59.584176 INFO  BF_MC Write L1End node at addr 0x31d6, rid 0, l2 0x70d4
2025-04-10 03:24:59.584180 INFO  BF_MC Write L1End node at addr 0x31d7, rid 0, l2 0x70cc
2025-04-10 03:24:59.584184 INFO  BF_MC Write L1End node at addr 0x31d8, rid 0, l2 0x70c4
2025-04-10 03:24:59.584188 INFO  BF_MC Write L1End node at addr 0x31d9, rid 0, l2 0x70bc
2025-04-10 03:24:59.584192 INFO  BF_MC Write L1End node at addr 0x31da, rid 0, l2 0x70a0
2025-04-10 03:24:59.584196 INFO  BF_MC Write L1End node at addr 0x31db, rid 0, l2 0x7087
2025-04-10 03:24:59.584200 INFO  BF_MC Write L1End node at addr 0x31dc, rid 0, l2 0x706e
2025-04-10 03:24:59.584204 INFO  BF_MC Write L1End node at addr 0x31dd, rid 0, l2 0x7055
2025-04-10 03:24:59.584208 INFO  BF_MC Write L1End node at addr 0x31de, rid 0, l2 0x703c
2025-04-10 03:24:59.584212 INFO  BF_MC Write L1End node at addr 0x31df, rid 0, l2 0x7000
2025-04-10 03:24:59.585957 DEBUG BF_PLTFM QSFPMSM  7 : QSFP_FSM_ST_WAIT_T_RESET     --> QSFP_FSM_ST_WAIT_TON_TXDIS   (2000ms)
2025-04-10 03:24:59.585981 DEBUG BF_PLTFM QSFP     8 : RESETL = false
2025-04-10 03:24:59.585985 DEBUG BF_PLTFM QSFP     8 : False
2025-04-10 03:24:59.590034 DEBUG BF_PLTFM QSFPMSM  8 : QSFP_FSM_ST_WAIT_T_RESET     --> QSFP_FSM_ST_WAIT_TON_TXDIS   (2000ms)
2025-04-10 03:24:59.594591 INFO  BF_MC mc_mgr_add_device: Device 0 add successful.
2025-04-10 03:24:59.617182 INFO  BF_PM bf_pm_port_add_with_lanes:4847 0:4/0:2(speed):0(fec):1(n_lanes)
2025-04-10 03:24:59.617220 DEBUG BF_PORT 0:152: 2(speed): 0(fec): 1(n_lanes)
2025-04-10 03:24:59.617226 DEBUG BF_PORT port_mgr_tof1_port_add:1030:0:152:2(speed):0(fec)
2025-04-10 03:24:59.617246 DEBUG BF_PORT PRT :0:152:-: MACs serdesmux.sig_ok=LOW
2025-04-10 03:24:59.617325 DEBUG BF_PORT PRT :0:152:-: Disable MAC Rx
2025-04-10 03:24:59.617334 DEBUG BF_PORT MAC: 0:41:0 :  set rx enable = false
2025-04-10 03:24:59.621763 DEBUG BF_PORT MAC: DIS: 0:41:0 : Disable channel
2025-04-10 03:24:59.621775 DEBUG BF_PORT MAC: DIS: 0:41:0 : ERROR! : ch0mode.ena = 0!
2025-04-10 03:24:59.622204 INFO  BF_TM TM buffers egress usage count after disabling qac_rx for dev 0, dev_port 152 before wait 1 is 0
2025-04-10 03:24:59.622213 INFO  BF_TM TM buffers got drained after disabling qac_rx for dev 0, dev_port 152 after 0 waits
2025-04-10 03:24:59.622694 DEBUG BF_PORT 0:152: 2(speed): 0(fec): 1(n_lanes)
2025-04-10 03:24:59.622701 DEBUG BF_PORT port_mgr_tof1_port_add:1030:0:152:2(speed):0(fec)
2025-04-10 03:24:59.622862 INFO  BF_DVM Dev 0 port 152 added sts Success (0)
2025-04-10 03:24:59.622869 INFO  BF_PM bf_pm_port_direction_clear:4449 0:4/0
2025-04-10 03:24:59.622879 DEBUG BF_PLTFM Extended Mac addr: 6c:ec:5a:a:dd:19 

2025-04-10 03:24:59.622897 DEBUG BF_PORT SDS :0:152:0: MAP: Rx inv=0
2025-04-10 03:24:59.623008 DEBUG BF_PORT SDS :0:152:0: MAP: Tx inv=0
2025-04-10 03:24:59.624207 INFO  BF_PM bf_pm_port_enable:5106 0:4/0
2025-04-10 03:24:59.624217 INFO  BF_PM bf_pm_port_add_with_lanes:4847 0:4/1:2(speed):0(fec):1(n_lanes)
2025-04-10 03:24:59.624226 DEBUG BF_PORT 0:153: 2(speed): 0(fec): 1(n_lanes)
2025-04-10 03:24:59.624232 DEBUG BF_PORT port_mgr_tof1_port_add:1030:0:153:2(speed):0(fec)
2025-04-10 03:24:59.624242 DEBUG BF_PORT PRT :0:153:-: MACs serdesmux.sig_ok=LOW
2025-04-10 03:24:59.624314 DEBUG BF_PORT PRT :0:153:-: Disable MAC Rx
2025-04-10 03:24:59.624321 DEBUG BF_PORT MAC: 0:41:1 :  set rx enable = false
2025-04-10 03:24:59.628703 DEBUG BF_PORT MAC: DIS: 0:41:1 : Disable channel
2025-04-10 03:24:59.628711 DEBUG BF_PORT MAC: DIS: 0:41:1 : ERROR! : ch0mode.ena = 0!
2025-04-10 03:24:59.629083 INFO  BF_TM TM buffers egress usage count after disabling qac_rx for dev 0, dev_port 153 before wait 1 is 0
2025-04-10 03:24:59.629091 INFO  BF_TM TM buffers got drained after disabling qac_rx for dev 0, dev_port 153 after 0 waits
2025-04-10 03:24:59.629571 DEBUG BF_PORT 0:153: 2(speed): 0(fec): 1(n_lanes)
2025-04-10 03:24:59.629577 DEBUG BF_PORT port_mgr_tof1_port_add:1030:0:153:2(speed):0(fec)
2025-04-10 03:24:59.629736 INFO  BF_DVM Dev 0 port 153 added sts Success (0)
2025-04-10 03:24:59.629742 INFO  BF_PM bf_pm_port_direction_clear:4449 0:4/1
2025-04-10 03:24:59.629750 DEBUG BF_PLTFM Extended Mac addr: 6c:ec:5a:a:dd:1a 

2025-04-10 03:24:59.629757 DEBUG BF_PORT SDS :0:153:0: MAP: Rx inv=0
2025-04-10 03:24:59.629861 DEBUG BF_PORT SDS :0:153:0: MAP: Tx inv=0
2025-04-10 03:24:59.631041 INFO  BF_PM bf_pm_port_enable:5106 0:4/1
2025-04-10 03:24:59.631052 INFO  BF_PM bf_pm_port_add_with_lanes:4847 0:4/2:2(speed):0(fec):1(n_lanes)
2025-04-10 03:24:59.631061 DEBUG BF_PORT 0:154: 2(speed): 0(fec): 1(n_lanes)
2025-04-10 03:24:59.631065 DEBUG BF_PORT port_mgr_tof1_port_add:1030:0:154:2(speed):0(fec)
2025-04-10 03:24:59.631074 DEBUG BF_PORT PRT :0:154:-: MACs serdesmux.sig_ok=LOW
2025-04-10 03:24:59.631106 DEBUG BF_PORT PRT :0:154:-: Disable MAC Rx
2025-04-10 03:24:59.631113 DEBUG BF_PORT MAC: 0:41:2 :  set rx enable = false
2025-04-10 03:24:59.635517 DEBUG BF_PORT MAC: DIS: 0:41:2 : Disable channel
2025-04-10 03:24:59.635525 DEBUG BF_PORT MAC: DIS: 0:41:2 : ERROR! : ch0mode.ena = 0!
2025-04-10 03:24:59.635896 INFO  BF_TM TM buffers egress usage count after disabling qac_rx for dev 0, dev_port 154 before wait 1 is 0
2025-04-10 03:24:59.635904 INFO  BF_TM TM buffers got drained after disabling qac_rx for dev 0, dev_port 154 after 0 waits
2025-04-10 03:24:59.636382 DEBUG BF_PORT 0:154: 2(speed): 0(fec): 1(n_lanes)
2025-04-10 03:24:59.636389 DEBUG BF_PORT port_mgr_tof1_port_add:1030:0:154:2(speed):0(fec)
2025-04-10 03:24:59.636549 INFO  BF_DVM Dev 0 port 154 added sts Success (0)
2025-04-10 03:24:59.636555 INFO  BF_PM bf_pm_port_direction_clear:4449 0:4/2
2025-04-10 03:24:59.636560 DEBUG BF_PLTFM Extended Mac addr: 6c:ec:5a:a:dd:1b 

2025-04-10 03:24:59.636568 DEBUG BF_PORT SDS :0:154:0: MAP: Rx inv=0
2025-04-10 03:24:59.636674 DEBUG BF_PORT SDS :0:154:0: MAP: Tx inv=0
2025-04-10 03:24:59.637850 INFO  BF_PM bf_pm_port_enable:5106 0:4/2
2025-04-10 03:24:59.637859 INFO  BF_PM bf_pm_port_add_with_lanes:4847 0:4/3:2(speed):0(fec):1(n_lanes)
2025-04-10 03:24:59.637868 DEBUG BF_PORT 0:155: 2(speed): 0(fec): 1(n_lanes)
2025-04-10 03:24:59.637874 DEBUG BF_PORT port_mgr_tof1_port_add:1030:0:155:2(speed):0(fec)
2025-04-10 03:24:59.637884 DEBUG BF_PORT PRT :0:155:-: MACs serdesmux.sig_ok=LOW
2025-04-10 03:24:59.637955 DEBUG BF_PORT PRT :0:155:-: Disable MAC Rx
2025-04-10 03:24:59.637961 DEBUG BF_PORT MAC: 0:41:3 :  set rx enable = false
2025-04-10 03:24:59.642388 DEBUG BF_PORT MAC: DIS: 0:41:3 : Disable channel
2025-04-10 03:24:59.642395 DEBUG BF_PORT MAC: DIS: 0:41:3 : ERROR! : ch0mode.ena = 0!
2025-04-10 03:24:59.642766 INFO  BF_TM TM buffers egress usage count after disabling qac_rx for dev 0, dev_port 155 before wait 1 is 0
2025-04-10 03:24:59.642773 INFO  BF_TM TM buffers got drained after disabling qac_rx for dev 0, dev_port 155 after 0 waits
2025-04-10 03:24:59.643246 DEBUG BF_PORT 0:155: 2(speed): 0(fec): 1(n_lanes)
2025-04-10 03:24:59.643252 DEBUG BF_PORT port_mgr_tof1_port_add:1030:0:155:2(speed):0(fec)
2025-04-10 03:24:59.643410 INFO  BF_DVM Dev 0 port 155 added sts Success (0)
2025-04-10 03:24:59.643416 INFO  BF_PM bf_pm_port_direction_clear:4449 0:4/3
2025-04-10 03:24:59.643423 DEBUG BF_PLTFM Extended Mac addr: 6c:ec:5a:a:dd:1c 

2025-04-10 03:24:59.643431 DEBUG BF_PORT SDS :0:155:0: MAP: Rx inv=0
2025-04-10 03:24:59.643536 DEBUG BF_PORT SDS :0:155:0: MAP: Tx inv=0
2025-04-10 03:24:59.644714 INFO  BF_PM bf_pm_port_enable:5106 0:4/3
2025-04-10 03:25:01.091163 DEBUG BF_PLTFM QSFP Scan started..
2025-04-10 03:25:01.666517 DEBUG BF_PLTFM QSFP     4 : Clear existing alarms..
2025-04-10 03:25:01.670722 DEBUG BF_PLTFM QSFP     4 : Alarms (Bytes 2-14) : 00 fe 00 00 01 00 00 05 55 00 00 00 00
2025-04-10 03:25:01.670765 DEBUG BF_PLTFM QSFP     4 : [7:4] Tx LOS: f -> f : [3:0] Rx LOS: f -> e
2025-04-10 03:25:01.670785 DEBUG BF_PLTFM QSFP     4 : Temp Alarm/Warn: 00 -> 01
2025-04-10 03:25:01.670796 DEBUG BF_PLTFM QSFP     4 : Rx Power Alarm/Warn CH1/2: 00 -> 05
2025-04-10 03:25:01.670811 DEBUG BF_PLTFM QSFP     4 : Rx Power Alarm/Warn CH3/4: 00 -> 55
2025-04-10 03:25:01.670828 DEBUG BF_PLTFM QSFP     4 : Now check for current alarms..
2025-04-10 03:25:01.675022 DEBUG BF_PLTFM QSFP     4 : Alarms (Bytes 2-14) : 02 00 00 00 00 00 00 00 00 00 00 00 00
2025-04-10 03:25:01.675058 DEBUG BF_PLTFM QSFP     4 : IntL : 0 -> 1
2025-04-10 03:25:01.675070 DEBUG BF_PLTFM QSFP     4 : [7:4] Tx LOS: f -> 0 : [3:0] Rx LOS: e -> 0
2025-04-10 03:25:01.675082 DEBUG BF_PLTFM QSFP     4 : Temp Alarm/Warn: 01 -> 00
2025-04-10 03:25:01.675114 DEBUG BF_PLTFM QSFP     4 : Rx Power Alarm/Warn CH1/2: 05 -> 00
2025-04-10 03:25:01.675128 DEBUG BF_PLTFM QSFP     4 : Rx Power Alarm/Warn CH3/4: 55 -> 00
2025-04-10 03:25:01.675147 DEBUG BF_PLTFM QSFP     4 : TX_DISABLE, mask=0xf, new value=1
2025-04-10 03:25:02.080795 DEBUG BF_PLTFM QSFPMSM  4 : QSFP_FSM_ST_WAIT_TON_TXDIS   --> QSFP_FSM_ST_WAIT_TOFF_LPMODE (100ms)
2025-04-10 03:25:02.080858 DEBUG BF_PLTFM QSFP     7 : Clear existing alarms..
2025-04-10 03:25:02.084975 DEBUG BF_PLTFM QSFP     7 : Alarms (Bytes 2-14) : 00 0f 00 00 a1 00 00 00 00 00 00 00 00
2025-04-10 03:25:02.085018 DEBUG BF_PLTFM QSFP     7 : [7:4] Tx LOS: f -> 0 : [3:0] Rx LOS: f -> f
2025-04-10 03:25:02.085031 DEBUG BF_PLTFM QSFP     7 : Temp Alarm/Warn: 00 -> a1
2025-04-10 03:25:02.085045 DEBUG BF_PLTFM QSFP     7 : Now check for current alarms..
2025-04-10 03:25:02.089203 DEBUG BF_PLTFM QSFP     7 : Alarms (Bytes 2-14) : 00 00 00 00 a0 00 00 00 00 00 00 00 00
2025-04-10 03:25:02.089246 DEBUG BF_PLTFM QSFP     7 : [7:4] Tx LOS: 0 -> 0 : [3:0] Rx LOS: f -> 0
2025-04-10 03:25:02.089259 DEBUG BF_PLTFM QSFP     7 : Temp Alarm/Warn: a1 -> a0
2025-04-10 03:25:02.089274 DEBUG BF_PLTFM QSFP     7 : TX_DISABLE, mask=0xf, new value=1
2025-04-10 03:25:02.494935 DEBUG BF_PLTFM QSFPMSM  7 : QSFP_FSM_ST_WAIT_TON_TXDIS   --> QSFP_FSM_ST_WAIT_TOFF_LPMODE (100ms)
2025-04-10 03:25:02.494988 DEBUG BF_PLTFM QSFP     8 : Clear existing alarms..
2025-04-10 03:25:02.502193 DEBUG BF_PLTFM QSFP     8 : Alarms (Bytes 2-14) : 00 f0 00 00 00 00 00 00 00 00 00 00 00
2025-04-10 03:25:02.502245 DEBUG BF_PLTFM QSFP     8 : [7:4] Tx LOS: f -> f : [3:0] Rx LOS: f -> 0
2025-04-10 03:25:02.502257 DEBUG BF_PLTFM QSFP     8 : Now check for current alarms..
2025-04-10 03:25:02.510047 DEBUG BF_PLTFM QSFP     8 : TX_DISABLE, mask=0xf, new value=1
2025-04-10 03:25:02.923089 DEBUG BF_PLTFM QSFPMSM  8 : QSFP_FSM_ST_WAIT_TON_TXDIS   --> QSFP_FSM_ST_WAIT_TOFF_LPMODE (100ms)
2025-04-10 03:25:02.927143 DEBUG BF_PLTFM QSFP     4 : value read from qsfp Power Control byte : 0x0
2025-04-10 03:25:02.927648 INFO  BF_PM bf_pm_pltfm_front_port_eligible_for_autoneg:4161 0:4/0:0(an_eligibility)
2025-04-10 03:25:02.927669 INFO  BF_PM bf_pm_pltfm_front_port_ready_for_bringup:4058 0:4/0:1(ready)
2025-04-10 03:25:02.931764 DEBUG BF_PLTFM QSFP:  4 : ch[0] : dev_port=152 : is OPTICAL
2025-04-10 03:25:02.931827 DEBUG BF_PORT port_mgr_port_enable:134:0:152:1(enb)
2025-04-10 03:25:02.931846 DEBUG BF_PORT port_mgr_tof1_port_enable:1328:0:152:1(enb)
2025-04-10 03:25:02.931874 DEBUG BF_PORT PRT :0:152:-: Enable
2025-04-10 03:25:02.931913 INFO  BF_TM Enabling QAC rx during port-enable for dev 0, dev_port 152
2025-04-10 03:25:02.931953 INFO  BF_PM bf_pm_pltfm_front_port_eligible_for_autoneg:4161 0:4/1:0(an_eligibility)
2025-04-10 03:25:02.931967 INFO  BF_PM bf_pm_pltfm_front_port_ready_for_bringup:4058 0:4/1:1(ready)
2025-04-10 03:25:02.932392 DEBUG BF_PORT FSM :0:152:-: MACs serdesmux.sig_ok=LOW
2025-04-10 03:25:02.936955 DEBUG BF_PLTFM QSFP:  4 : ch[1] : dev_port=153 : is OPTICAL
2025-04-10 03:25:02.937025 DEBUG BF_PORT port_mgr_port_enable:134:0:153:1(enb)
2025-04-10 03:25:02.937039 DEBUG BF_PORT port_mgr_tof1_port_enable:1328:0:153:1(enb)
2025-04-10 03:25:02.937052 DEBUG BF_PORT PRT :0:153:-: Enable
2025-04-10 03:25:02.937083 INFO  BF_TM Enabling QAC rx during port-enable for dev 0, dev_port 153
2025-04-10 03:25:02.937113 DEBUG BF_PORT FSM :0:152:-: BF_FSM_ST_IDLE             --> BF_FSM_ST_WAIT_PLL         
2025-04-10 03:25:02.937137 INFO  BF_PM bf_pm_pltfm_front_port_eligible_for_autoneg:4161 0:4/2:0(an_eligibility)
2025-04-10 03:25:02.937169 INFO  BF_PM bf_pm_pltfm_front_port_ready_for_bringup:4058 0:4/2:1(ready)
2025-04-10 03:25:02.937196 DEBUG BF_PORT FSM :0:153:-: MACs serdesmux.sig_ok=LOW
2025-04-10 03:25:02.942244 DEBUG BF_PORT FSM :0:153:-: BF_FSM_ST_IDLE             --> BF_FSM_ST_WAIT_PLL         
2025-04-10 03:25:02.942337 DEBUG BF_PLTFM QSFP:  4 : ch[2] : dev_port=154 : is OPTICAL
2025-04-10 03:25:02.942373 DEBUG BF_PORT port_mgr_port_enable:134:0:154:1(enb)
2025-04-10 03:25:02.942382 DEBUG BF_PORT port_mgr_tof1_port_enable:1328:0:154:1(enb)
2025-04-10 03:25:02.942393 DEBUG BF_PORT PRT :0:154:-: Enable
2025-04-10 03:25:02.942411 INFO  BF_TM Enabling QAC rx during port-enable for dev 0, dev_port 154
2025-04-10 03:25:02.942429 INFO  BF_PM bf_pm_pltfm_front_port_eligible_for_autoneg:4161 0:4/3:0(an_eligibility)
2025-04-10 03:25:02.942438 INFO  BF_PM bf_pm_pltfm_front_port_ready_for_bringup:4058 0:4/3:1(ready)
2025-04-10 03:25:02.942653 DEBUG BF_PORT FSM :0:154:-: MACs serdesmux.sig_ok=LOW
2025-04-10 03:25:02.947540 DEBUG BF_PLTFM QSFP:  4 : ch[3] : dev_port=155 : is OPTICAL
2025-04-10 03:25:02.947585 DEBUG BF_PORT port_mgr_port_enable:134:0:155:1(enb)
2025-04-10 03:25:02.947597 DEBUG BF_PORT port_mgr_tof1_port_enable:1328:0:155:1(enb)
2025-04-10 03:25:02.947610 DEBUG BF_PORT PRT :0:155:-: Enable
2025-04-10 03:25:02.947630 INFO  BF_TM Enabling QAC rx during port-enable for dev 0, dev_port 155
2025-04-10 03:25:02.947660 DEBUG BF_PLTFM QSFPMSM  4 : QSFP_FSM_ST_WAIT_TOFF_LPMODE --> QSFP_FSM_ST_DETECTED         (300ms)
2025-04-10 03:25:02.947671 DEBUG BF_PORT FSM :0:154:-: BF_FSM_ST_IDLE             --> BF_FSM_ST_WAIT_PLL         
2025-04-10 03:25:02.947732 DEBUG BF_PORT FSM :0:155:-: MACs serdesmux.sig_ok=LOW
2025-04-10 03:25:02.950412 DEBUG BF_PLTFM QSFP     7 : value read from qsfp Power Control byte : 0x0
2025-04-10 03:25:02.951739 INFO  BF_PM bf_pm_pltfm_front_port_eligible_for_autoneg:4161 0:7/0:0(an_eligibility)
2025-04-10 03:25:02.951769 INFO  BF_PM bf_pm_pltfm_front_port_ready_for_bringup:4058 0:7/0:1(ready)
2025-04-10 03:25:02.951781 INFO  BF_PM bf_pm_pltfm_front_port_eligible_for_autoneg:4161 0:7/1:0(an_eligibility)
2025-04-10 03:25:02.951789 INFO  BF_PM bf_pm_pltfm_front_port_ready_for_bringup:4058 0:7/1:1(ready)
2025-04-10 03:25:02.951797 INFO  BF_PM bf_pm_pltfm_front_port_eligible_for_autoneg:4161 0:7/2:0(an_eligibility)
2025-04-10 03:25:02.951805 INFO  BF_PM bf_pm_pltfm_front_port_ready_for_bringup:4058 0:7/2:1(ready)
2025-04-10 03:25:02.951814 INFO  BF_PM bf_pm_pltfm_front_port_eligible_for_autoneg:4161 0:7/3:0(an_eligibility)
2025-04-10 03:25:02.951822 INFO  BF_PM bf_pm_pltfm_front_port_ready_for_bringup:4058 0:7/3:1(ready)
2025-04-10 03:25:02.951831 DEBUG BF_PLTFM QSFPMSM  7 : QSFP_FSM_ST_WAIT_TOFF_LPMODE --> QSFP_FSM_ST_DETECTED         (300ms)
2025-04-10 03:25:02.951864 DEBUG BF_PORT FSM :0:155:-: BF_FSM_ST_IDLE             --> BF_FSM_ST_WAIT_PLL         
2025-04-10 03:25:02.987358 DEBUG BF_PORT FSM :0:152:-: BF_FSM_ST_WAIT_PLL         --> BF_FSM_ST_CFG_SERDES       
2025-04-10 03:25:02.992598 DEBUG BF_PORT FSM :0:153:-: BF_FSM_ST_WAIT_PLL         --> BF_FSM_ST_CFG_SERDES       
2025-04-10 03:25:02.999541 DEBUG BF_PORT FSM :0:1: 38: Tx loop bandwidth setting: 503h <1283>
2025-04-10 03:25:02.999739 DEBUG BF_PORT FSM :0:152:-: Disable MAC CH TX/RX, toggle swreset
2025-04-10 03:25:02.999802 DEBUG BF_PORT MAC: 0:41:0 :  set tx enable = false
2025-04-10 03:25:02.999831 DEBUG BF_PORT MAC: 0:41:0 :  set rx enable = false
2025-04-10 03:25:02.999870 DEBUG BF_PORT MAC: DIS: 0:41:0 : Disable channel
2025-04-10 03:25:02.999918 DEBUG BF_PORT MAC: ENA: 0:41:0 : Enable channel
2025-04-10 03:25:03.000211 DEBUG BF_PORT FSM :0:152:-: Serdes TX driver ON
2025-04-10 03:25:03.000249 DEBUG BF_PORT FSM :0:152:-: BF_FSM_ST_CFG_SERDES       --> BF_FSM_ST_WAIT_SIGNAL_OK   
2025-04-10 03:25:03.000296 DEBUG BF_PLTFM QSFP:  4 : ch[0] : dev_port=152 : is OPTICAL
2025-04-10 03:25:03.000334 INFO  BF_PM bf_pm_pltfm_front_port_num_lanes_get:4192 0:4/0
2025-04-10 03:25:03.000371 DEBUG BF_PLTFM QSFP:  4 : ch[0] Enable (dev_port=152, ln=0)
2025-04-10 03:25:03.000410 DEBUG BF_PLTFM QSFPCSM  4/0 : QSFP_CH_FSM_ST_DISABLED --> QSFP_CH_FSM_ST_ENABLING (0ms)
2025-04-10 03:25:03.000593 DEBUG BF_PORT FSM :0:154:-: BF_FSM_ST_WAIT_PLL         --> BF_FSM_ST_CFG_SERDES       
2025-04-10 03:25:03.002228 DEBUG BF_PORT FSM :0:155:-: BF_FSM_ST_WAIT_PLL         --> BF_FSM_ST_CFG_SERDES       
2025-04-10 03:25:03.004758 DEBUG BF_PORT FSM :0:1: 39: Tx loop bandwidth setting: 503h <1283>
2025-04-10 03:25:03.004929 DEBUG BF_PORT FSM :0:153:-: Disable MAC CH TX/RX, toggle swreset
2025-04-10 03:25:03.004958 DEBUG BF_PORT MAC: 0:41:1 :  set tx enable = false
2025-04-10 03:25:03.004986 DEBUG BF_PORT MAC: 0:41:1 :  set rx enable = false
2025-04-10 03:25:03.005015 DEBUG BF_PORT MAC: DIS: 0:41:1 : Disable channel
2025-04-10 03:25:03.005076 DEBUG BF_PORT MAC: ENA: 0:41:1 : Enable channel
2025-04-10 03:25:03.005359 DEBUG BF_PORT FSM :0:153:-: Serdes TX driver ON
2025-04-10 03:25:03.005380 DEBUG BF_PORT FSM :0:153:-: BF_FSM_ST_CFG_SERDES       --> BF_FSM_ST_WAIT_SIGNAL_OK   
2025-04-10 03:25:03.005416 DEBUG BF_PLTFM QSFP:  4 : ch[1] : dev_port=153 : is OPTICAL
2025-04-10 03:25:03.005444 INFO  BF_PM bf_pm_pltfm_front_port_num_lanes_get:4192 0:4/1
2025-04-10 03:25:03.005473 DEBUG BF_PLTFM QSFP:  4 : ch[1] Enable (dev_port=153, ln=0)
2025-04-10 03:25:03.005507 DEBUG BF_PLTFM QSFPCSM  4/1 : QSFP_CH_FSM_ST_DISABLED --> QSFP_CH_FSM_ST_ENABLING (0ms)
2025-04-10 03:25:03.012419 DEBUG BF_PORT FSM :0:1: 40: Tx loop bandwidth setting: 503h <1283>
2025-04-10 03:25:03.012616 DEBUG BF_PORT FSM :0:154:-: Disable MAC CH TX/RX, toggle swreset
2025-04-10 03:25:03.012645 DEBUG BF_PORT MAC: 0:41:2 :  set tx enable = false
2025-04-10 03:25:03.012665 DEBUG BF_PORT MAC: 0:41:2 :  set rx enable = false
2025-04-10 03:25:03.012717 DEBUG BF_PORT MAC: DIS: 0:41:2 : Disable channel
2025-04-10 03:25:03.012755 DEBUG BF_PORT MAC: ENA: 0:41:2 : Enable channel
2025-04-10 03:25:03.013035 DEBUG BF_PORT FSM :0:154:-: Serdes TX driver ON
2025-04-10 03:25:03.013054 DEBUG BF_PORT FSM :0:154:-: BF_FSM_ST_CFG_SERDES       --> BF_FSM_ST_WAIT_SIGNAL_OK   
2025-04-10 03:25:03.013083 DEBUG BF_PLTFM QSFP:  4 : ch[2] : dev_port=154 : is OPTICAL
2025-04-10 03:25:03.013147 INFO  BF_PM bf_pm_pltfm_front_port_num_lanes_get:4192 0:4/2
2025-04-10 03:25:03.013183 DEBUG BF_PLTFM QSFP:  4 : ch[2] Enable (dev_port=154, ln=0)
2025-04-10 03:25:03.013203 DEBUG BF_PLTFM QSFPCSM  4/2 : QSFP_CH_FSM_ST_DISABLED --> QSFP_CH_FSM_ST_ENABLING (0ms)
2025-04-10 03:25:03.014960 DEBUG BF_PORT FSM :0:1: 41: Tx loop bandwidth setting: 503h <1283>
2025-04-10 03:25:03.015134 DEBUG BF_PORT FSM :0:155:-: Disable MAC CH TX/RX, toggle swreset
2025-04-10 03:25:03.015171 DEBUG BF_PORT MAC: 0:41:3 :  set tx enable = false
2025-04-10 03:25:03.015191 DEBUG BF_PORT MAC: 0:41:3 :  set rx enable = false
2025-04-10 03:25:03.015220 DEBUG BF_PORT MAC: DIS: 0:41:3 : Disable channel
2025-04-10 03:25:03.015258 DEBUG BF_PORT MAC: ENA: 0:41:3 : Enable channel
2025-04-10 03:25:03.015512 DEBUG BF_PORT FSM :0:155:-: Serdes TX driver ON
2025-04-10 03:25:03.015531 DEBUG BF_PORT FSM :0:155:-: BF_FSM_ST_CFG_SERDES       --> BF_FSM_ST_WAIT_SIGNAL_OK   
2025-04-10 03:25:03.015560 DEBUG BF_PLTFM QSFP:  4 : ch[3] : dev_port=155 : is OPTICAL
2025-04-10 03:25:03.015579 INFO  BF_PM bf_pm_pltfm_front_port_num_lanes_get:4192 0:4/3
2025-04-10 03:25:03.015607 DEBUG BF_PLTFM QSFP:  4 : ch[3] Enable (dev_port=155, ln=0)
2025-04-10 03:25:03.015634 DEBUG BF_PLTFM QSFPCSM  4/3 : QSFP_CH_FSM_ST_DISABLED --> QSFP_CH_FSM_ST_ENABLING (0ms)
2025-04-10 03:25:03.025190 DEBUG BF_PLTFM QSFP     4 : ch[0] : NOT Ready 
2025-04-10 03:25:03.025236 DEBUG BF_PLTFM QSFPCSM  4/0 : QSFP_CH_FSM_ST_ENABLING.0 --> QSFP_CH_FSM_ST_ENA_CDR.0 (300ms)
2025-04-10 03:25:03.025254 DEBUG BF_PLTFM QSFP     4 : ch[1] : NOT Ready 
2025-04-10 03:25:03.025266 DEBUG BF_PLTFM QSFPCSM  4/1 : QSFP_CH_FSM_ST_ENABLING.0 --> QSFP_CH_FSM_ST_ENA_CDR.0 (300ms)
2025-04-10 03:25:03.025281 DEBUG BF_PLTFM QSFP     4 : ch[2] : NOT Ready 
2025-04-10 03:25:03.025292 DEBUG BF_PLTFM QSFPCSM  4/2 : QSFP_CH_FSM_ST_ENABLING.0 --> QSFP_CH_FSM_ST_ENA_CDR.0 (300ms)
2025-04-10 03:25:03.025304 DEBUG BF_PLTFM QSFP     4 : ch[3] : NOT Ready 
2025-04-10 03:25:03.025315 DEBUG BF_PLTFM QSFPCSM  4/3 : QSFP_CH_FSM_ST_ENABLING.0 --> QSFP_CH_FSM_ST_ENA_CDR.0 (300ms)
2025-04-10 03:25:03.028182 DEBUG BF_PLTFM QSFP     8 : value read from qsfp Power Control byte : 0x0
2025-04-10 03:25:03.028660 INFO  BF_PM bf_pm_pltfm_front_port_eligible_for_autoneg:4161 0:8/0:0(an_eligibility)
2025-04-10 03:25:03.028681 INFO  BF_PM bf_pm_pltfm_front_port_ready_for_bringup:4058 0:8/0:1(ready)
2025-04-10 03:25:03.028695 INFO  BF_PM bf_pm_pltfm_front_port_eligible_for_autoneg:4161 0:8/1:0(an_eligibility)
2025-04-10 03:25:03.028708 INFO  BF_PM bf_pm_pltfm_front_port_ready_for_bringup:4058 0:8/1:1(ready)
2025-04-10 03:25:03.028720 INFO  BF_PM bf_pm_pltfm_front_port_eligible_for_autoneg:4161 0:8/2:0(an_eligibility)
2025-04-10 03:25:03.028732 INFO  BF_PM bf_pm_pltfm_front_port_ready_for_bringup:4058 0:8/2:1(ready)
2025-04-10 03:25:03.028743 INFO  BF_PM bf_pm_pltfm_front_port_eligible_for_autoneg:4161 0:8/3:0(an_eligibility)
2025-04-10 03:25:03.028756 INFO  BF_PM bf_pm_pltfm_front_port_ready_for_bringup:4058 0:8/3:1(ready)
2025-04-10 03:25:03.028769 DEBUG BF_PLTFM QSFPMSM  8 : QSFP_FSM_ST_WAIT_TOFF_LPMODE --> QSFP_FSM_ST_DETECTED         (300ms)
2025-04-10 03:25:03.277256 DEBUG BF_PLTFM QSFP     4 : Alarms (Bytes 2-14) : 00 0e 00 00 00 00 00 05 55 11 11 55 55
2025-04-10 03:25:03.277311 DEBUG BF_PLTFM QSFP     4 : IntL : 1 -> 0
2025-04-10 03:25:03.277333 DEBUG BF_PLTFM QSFP     4 : [7:4] Tx LOS: 0 -> 0 : [3:0] Rx LOS: 0 -> e
2025-04-10 03:25:03.277344 DEBUG BF_PLTFM QSFP     4 : Rx Power Alarm/Warn CH1/2: 00 -> 05
2025-04-10 03:25:03.277356 DEBUG BF_PLTFM QSFP     4 : Rx Power Alarm/Warn CH3/4: 00 -> 55
2025-04-10 03:25:03.277367 DEBUG BF_PLTFM QSFP     4 : Tx Bias Alarm/Warn CH1/2: 00 -> 11
2025-04-10 03:25:03.277383 DEBUG BF_PLTFM QSFP     4 : Tx Bias Alarm/Warn CH3/4: 00 -> 11
2025-04-10 03:25:03.277393 DEBUG BF_PLTFM QSFP     4 : Tx Power Alarm/Warn CH1/2: 00 -> 55
2025-04-10 03:25:03.277404 DEBUG BF_PLTFM QSFP     4 : Tx Power Alarm/Warn CH3/4: 00 -> 55
2025-04-10 03:25:03.280208 DEBUG BF_PLTFM QSFP     4 : dev_port=153 : LOS=1
2025-04-10 03:25:03.280257 DEBUG BF_PLTFM QSFP     4 : dev_port=154 : LOS=1
2025-04-10 03:25:03.280269 DEBUG BF_PLTFM QSFP     4 : dev_port=155 : LOS=1
2025-04-10 03:25:03.373513 DEBUG BF_PLTFM QSFPMSM  4 : QSFP_FSM_ST_DETECTED         --> QSFP_FSM_ST_UPDATE           (0ms)
2025-04-10 03:25:03.373558 DEBUG BF_PLTFM QSFPCSM  4/0 : QSFP_CH_FSM_ST_ENA_CDR.0 --> QSFP_CH_FSM_ST_ENA_CDR.1 (300ms)
2025-04-10 03:25:03.373580 DEBUG BF_PLTFM QSFPCSM  4/1 : QSFP_CH_FSM_ST_ENA_CDR.0 --> QSFP_CH_FSM_ST_ENA_CDR.1 (300ms)
2025-04-10 03:25:03.373591 DEBUG BF_PLTFM QSFPCSM  4/2 : QSFP_CH_FSM_ST_ENA_CDR.0 --> QSFP_CH_FSM_ST_ENA_CDR.1 (300ms)
2025-04-10 03:25:03.373603 DEBUG BF_PLTFM QSFPCSM  4/3 : QSFP_CH_FSM_ST_ENA_CDR.0 --> QSFP_CH_FSM_ST_ENA_CDR.1 (300ms)
2025-04-10 03:25:03.377706 DEBUG BF_PLTFM QSFP     8 : Alarms (Bytes 2-14) : 00 f0 00 00 00 00 00 00 00 55 55 55 55
2025-04-10 03:25:03.377756 DEBUG BF_PLTFM QSFP     8 : Tx Bias Alarm/Warn CH1/2: 00 -> 55
2025-04-10 03:25:03.377771 DEBUG BF_PLTFM QSFP     8 : Tx Bias Alarm/Warn CH3/4: 00 -> 55
2025-04-10 03:25:03.377787 DEBUG BF_PLTFM QSFP     8 : Tx Power Alarm/Warn CH1/2: 00 -> 55
2025-04-10 03:25:03.377801 DEBUG BF_PLTFM QSFP     8 : Tx Power Alarm/Warn CH3/4: 00 -> 55
2025-04-10 03:25:03.473973 DEBUG BF_PLTFM QSFPMSM  4 : QSFP_FSM_ST_UPDATE           --> QSFP_FSM_ST_WAIT_UPDATE      (300ms)
2025-04-10 03:25:03.677445 DEBUG BF_PLTFM QSFP     8 : Alarms (Bytes 2-14) : 00 00 00 00 00 00 00 00 00 55 55 55 55
2025-04-10 03:25:03.677488 DEBUG BF_PLTFM QSFP     8 : [7:4] Tx LOS: f -> 0 : [3:0] Rx LOS: 0 -> 0
2025-04-10 03:25:03.873896 DEBUG BF_PLTFM QSFPMSM  4 : QSFP_FSM_ST_WAIT_UPDATE      --> QSFP_FSM_ST_DETECTED         (0ms)
2025-04-10 03:25:03.986302 DEBUG BF_PLTFM QSFP     4 : ch[0] : TX LOS (byte 3) = 0e : TX CDR LOL (byte 5) = 00 : [ok] <num_lanes=1 : msk=10>
2025-04-10 03:25:03.997988 DEBUG BF_PLTFM QSFP     4 : ch[0] : TX LOS (byte 3) = 0c : TX CDR LOL (byte 5) = 00 : [ok] <num_lanes=1 : msk=10>
2025-04-10 03:25:04.009125 DEBUG BF_PLTFM QSFP     4 : ch[0] : TX LOS (byte 3) = 00 : TX CDR LOL (byte 5) = 00 : [ok] <num_lanes=1 : msk=10>
2025-04-10 03:25:04.009184 DEBUG BF_PLTFM QSFPCSM  4/0 : QSFP_CH_FSM_ST_ENA_CDR.1 --> QSFP_CH_FSM_ST_ENA_OPTICAL_TX.0 (0ms)
2025-04-10 03:25:04.020170 DEBUG BF_PLTFM QSFP     4 : ch[1] : TX LOS (byte 3) = 00 : TX CDR LOL (byte 5) = 00 : [ok] <num_lanes=1 : msk=20>
2025-04-10 03:25:04.031323 DEBUG BF_PLTFM QSFP     4 : ch[1] : TX LOS (byte 3) = 00 : TX CDR LOL (byte 5) = 00 : [ok] <num_lanes=1 : msk=20>
2025-04-10 03:25:04.044334 DEBUG BF_PLTFM QSFP     4 : ch[1] : TX LOS (byte 3) = 00 : TX CDR LOL (byte 5) = 00 : [ok] <num_lanes=1 : msk=20>
2025-04-10 03:25:04.044378 DEBUG BF_PLTFM QSFPCSM  4/1 : QSFP_CH_FSM_ST_ENA_CDR.1 --> QSFP_CH_FSM_ST_ENA_OPTICAL_TX.0 (0ms)
2025-04-10 03:25:04.057484 DEBUG BF_PLTFM QSFP     4 : ch[2] : TX LOS (byte 3) = 00 : TX CDR LOL (byte 5) = 00 : [ok] <num_lanes=1 : msk=40>
2025-04-10 03:25:04.070664 DEBUG BF_PLTFM QSFP     4 : ch[2] : TX LOS (byte 3) = 00 : TX CDR LOL (byte 5) = 00 : [ok] <num_lanes=1 : msk=40>
2025-04-10 03:25:04.083818 DEBUG BF_PLTFM QSFP     4 : ch[2] : TX LOS (byte 3) = 00 : TX CDR LOL (byte 5) = 00 : [ok] <num_lanes=1 : msk=40>
2025-04-10 03:25:04.083863 DEBUG BF_PLTFM QSFPCSM  4/2 : QSFP_CH_FSM_ST_ENA_CDR.1 --> QSFP_CH_FSM_ST_ENA_OPTICAL_TX.0 (0ms)
2025-04-10 03:25:04.097078 DEBUG BF_PLTFM QSFP     4 : ch[3] : TX LOS (byte 3) = 0e : TX CDR LOL (byte 5) = 00 : [ok] <num_lanes=1 : msk=80>
2025-04-10 03:25:04.110284 DEBUG BF_PLTFM QSFP     4 : ch[3] : TX LOS (byte 3) = 00 : TX CDR LOL (byte 5) = 00 : [ok] <num_lanes=1 : msk=80>
2025-04-10 03:25:04.123435 DEBUG BF_PLTFM QSFP     4 : ch[3] : TX LOS (byte 3) = 00 : TX CDR LOL (byte 5) = 00 : [ok] <num_lanes=1 : msk=80>
2025-04-10 03:25:04.123480 DEBUG BF_PLTFM QSFPCSM  4/3 : QSFP_CH_FSM_ST_ENA_CDR.1 --> QSFP_CH_FSM_ST_ENA_OPTICAL_TX.0 (0ms)
2025-04-10 03:25:04.131400 DEBUG BF_PLTFM QSFP     4 : Alarms (Bytes 2-14) : 02 00 00 00 00 00 00 05 55 11 11 55 55
2025-04-10 03:25:04.131435 DEBUG BF_PLTFM QSFP     4 : IntL : 0 -> 1
2025-04-10 03:25:04.131448 DEBUG BF_PLTFM QSFP     4 : [7:4] Tx LOS: 0 -> 0 : [3:0] Rx LOS: e -> 0
2025-04-10 03:25:04.138148 DEBUG BF_PLTFM QSFP     4 : dev_port=153 : LOS=0
2025-04-10 03:25:04.138196 DEBUG BF_PLTFM QSFP     4 : dev_port=154 : LOS=0
2025-04-10 03:25:04.138209 DEBUG BF_PLTFM QSFP     4 : dev_port=155 : LOS=0
2025-04-10 03:25:04.156267 DEBUG BF_PLTFM QSFPMSM  4 : QSFP_FSM_ST_DETECTED         --> QSFP_FSM_ST_UPDATE           (0ms)
2025-04-10 03:25:04.156314 DEBUG BF_PLTFM QSFPCSM  4/0 : QSFP_CH_FSM_ST_ENA_OPTICAL_TX.0 --> QSFP_CH_FSM_ST_ENA_OPTICAL_TX.1 (0ms)
2025-04-10 03:25:04.156336 DEBUG BF_PLTFM QSFPCSM  4/1 : QSFP_CH_FSM_ST_ENA_OPTICAL_TX.0 --> QSFP_CH_FSM_ST_ENA_OPTICAL_TX.1 (0ms)
2025-04-10 03:25:04.156347 DEBUG BF_PLTFM QSFPCSM  4/2 : QSFP_CH_FSM_ST_ENA_OPTICAL_TX.0 --> QSFP_CH_FSM_ST_ENA_OPTICAL_TX.1 (0ms)
2025-04-10 03:25:04.156359 DEBUG BF_PLTFM QSFPCSM  4/3 : QSFP_CH_FSM_ST_ENA_OPTICAL_TX.0 --> QSFP_CH_FSM_ST_ENA_OPTICAL_TX.1 (0ms)
2025-04-10 03:25:04.183951 DEBUG BF_PLTFM QSFPMSM  4 : QSFP_FSM_ST_UPDATE           --> QSFP_FSM_ST_WAIT_UPDATE      (0ms)
2025-04-10 03:25:04.273161 DEBUG BF_PLTFM QSFPMSM  4 : QSFP_FSM_ST_WAIT_UPDATE      --> QSFP_FSM_ST_DETECTED         (0ms)
2025-04-10 03:25:04.373416 DEBUG BF_PLTFM QSFPCSM  4/0 : First enable after reset. Extra 3.1 sec wait
2025-04-10 03:25:04.373462 DEBUG BF_PLTFM QSFPCSM  4/0 : QSFP_CH_FSM_ST_ENA_OPTICAL_TX.1 --> QSFP_CH_FSM_ST_NOTIFY_ENABLED.0 (3500ms)
2025-04-10 03:25:04.373477 DEBUG BF_PLTFM QSFPCSM  4/1 : First enable after reset. Extra 3.1 sec wait
2025-04-10 03:25:04.373496 DEBUG BF_PLTFM QSFPCSM  4/1 : QSFP_CH_FSM_ST_ENA_OPTICAL_TX.1 --> QSFP_CH_FSM_ST_NOTIFY_ENABLED.0 (3500ms)
2025-04-10 03:25:04.373507 DEBUG BF_PLTFM QSFPCSM  4/2 : First enable after reset. Extra 3.1 sec wait
2025-04-10 03:25:04.373518 DEBUG BF_PLTFM QSFPCSM  4/2 : QSFP_CH_FSM_ST_ENA_OPTICAL_TX.1 --> QSFP_CH_FSM_ST_NOTIFY_ENABLED.0 (3500ms)
2025-04-10 03:25:04.373529 DEBUG BF_PLTFM QSFPCSM  4/3 : First enable after reset. Extra 3.1 sec wait
2025-04-10 03:25:04.373549 DEBUG BF_PLTFM QSFPCSM  4/3 : QSFP_CH_FSM_ST_ENA_OPTICAL_TX.1 --> QSFP_CH_FSM_ST_NOTIFY_ENABLED.0 (3500ms)
2025-04-10 03:25:04.377667 DEBUG BF_PLTFM QSFP     4 : Alarms (Bytes 2-14) : 00 0e 00 00 00 00 00 05 55 00 00 00 00
2025-04-10 03:25:04.377689 DEBUG BF_PLTFM QSFP     4 : IntL : 1 -> 0
2025-04-10 03:25:04.377701 DEBUG BF_PLTFM QSFP     4 : [7:4] Tx LOS: 0 -> 0 : [3:0] Rx LOS: 0 -> e
2025-04-10 03:25:04.377719 DEBUG BF_PLTFM QSFP     4 : Tx Bias Alarm/Warn CH1/2: 11 -> 00
2025-04-10 03:25:04.377730 DEBUG BF_PLTFM QSFP     4 : Tx Bias Alarm/Warn CH3/4: 11 -> 00
2025-04-10 03:25:04.377740 DEBUG BF_PLTFM QSFP     4 : Tx Power Alarm/Warn CH1/2: 55 -> 00
2025-04-10 03:25:04.377751 DEBUG BF_PLTFM QSFP     4 : Tx Power Alarm/Warn CH3/4: 55 -> 00
2025-04-10 03:25:04.380567 DEBUG BF_PLTFM QSFP     4 : dev_port=153 : LOS=1
2025-04-10 03:25:04.380585 DEBUG BF_PLTFM QSFP     4 : dev_port=154 : LOS=1
2025-04-10 03:25:04.380596 DEBUG BF_PLTFM QSFP     4 : dev_port=155 : LOS=1
2025-04-10 03:25:04.400844 DEBUG BF_PORT FSM :0:152: is_opt=1 : is_ready=1 : LOS=0 debounce_thr=8
2025-04-10 03:25:04.401963 DEBUG BF_PORT FSM :0:152:0: LOS=1 EI=0 flock= 0 calibration=ok
2025-04-10 03:25:04.402000 DEBUG BF_PORT FSM :0:152:-: BF_FSM_ST_WAIT_SIGNAL_OK   --> BF_FSM_ST_START_DFE        
2025-04-10 03:25:04.412750 DEBUG BF_PORT FSM :0:152:-: BF_FSM_ST_START_DFE        --> BF_FSM_ST_WAIT_DFE_DONE    
2025-04-10 03:25:05.124329 DEBUG BF_PORT Upper eye edge: +/- 280 mV (ht=560mV)
2025-04-10 03:25:05.124360 DEBUG BF_PORT FSM :0:152:0: 1e06=560mV/ 40mV
2025-04-10 03:25:05.124365 DEBUG BF_PORT FSM :0:152:-: MACs serdesmux.sig_ok=PASS-THRU
2025-04-10 03:25:05.124377 DEBUG BF_PORT FSM :0:152:-: Enable MAC TX and RX for app logic
2025-04-10 03:25:05.124383 DEBUG BF_PORT MAC: 0:41:0 :  set rx enable = true
2025-04-10 03:25:05.124391 DEBUG BF_PORT MAC: 0:41:0 :  set tx enable = true
2025-04-10 03:25:05.124791 DEBUG BF_PORT 0:152: ln:0 LOS=1 Port Dn
2025-04-10 03:25:05.124902 DEBUG BF_PORT FSM :0:152:-: BF_FSM_ST_WAIT_DFE_DONE    --> BF_FSM_ST_WAIT_PCS_UP      
2025-04-10 03:25:05.225008 DEBUG BF_PORT FSM :0:152:-: state=1 PCS_status=1 local_fault=0 remote fault =0
2025-04-10 03:25:05.225241 DEBUG BF_PORT FSM :0:152:-: PCS err-blk=0 : syn-lst=0 : bk-lk-lst=0 : hi_ber=0 : val-err=0 : unk-err=0 : inv-err=0 : bip=0
2025-04-10 03:25:05.325569 DEBUG BF_PORT FSM :0:152:-: state=1 PCS_status=1 local_fault=0 remote fault =0
2025-04-10 03:25:05.325771 DEBUG BF_PORT FSM :0:152:-: PCS err-blk=0 : syn-lst=0 : bk-lk-lst=0 : hi_ber=0 : val-err=0 : unk-err=0 : inv-err=0 : bip=0
2025-04-10 03:25:05.426184 DEBUG BF_PORT FSM :0:152:-: state=1 PCS_status=1 local_fault=0 remote fault =0
2025-04-10 03:25:05.426393 DEBUG BF_PORT FSM :0:152:-: PCS err-blk=0 : syn-lst=0 : bk-lk-lst=0 : hi_ber=0 : val-err=0 : unk-err=0 : inv-err=0 : bip=0
2025-04-10 03:25:05.526447 DEBUG BF_PORT FSM :0:152:-: state=1 PCS_status=1 local_fault=0 remote fault =0
2025-04-10 03:25:05.526651 DEBUG BF_PORT FSM :0:152:-: PCS err-blk=0 : syn-lst=0 : bk-lk-lst=0 : hi_ber=0 : val-err=0 : unk-err=0 : inv-err=0 : bip=0
2025-04-10 03:25:05.626739 DEBUG BF_PORT FSM :0:152:-: state=1 PCS_status=1 local_fault=0 remote fault =0
2025-04-10 03:25:05.626948 DEBUG BF_PORT FSM :0:152:-: PCS err-blk=0 : syn-lst=0 : bk-lk-lst=0 : hi_ber=0 : val-err=0 : unk-err=0 : inv-err=0 : bip=0
2025-04-10 03:25:05.727188 DEBUG BF_PORT FSM :0:152:-: state=1 PCS_status=1 local_fault=0 remote fault =0
2025-04-10 03:25:05.727391 DEBUG BF_PORT FSM :0:152:-: PCS err-blk=0 : syn-lst=0 : bk-lk-lst=0 : hi_ber=0 : val-err=0 : unk-err=0 : inv-err=0 : bip=0
2025-04-10 03:25:05.827578 DEBUG BF_PORT FSM :0:152:-: state=1 PCS_status=1 local_fault=0 remote fault =0
2025-04-10 03:25:05.827788 DEBUG BF_PORT FSM :0:152:-: PCS err-blk=0 : syn-lst=0 : bk-lk-lst=0 : hi_ber=0 : val-err=0 : unk-err=0 : inv-err=0 : bip=0
2025-04-10 03:25:05.927990 DEBUG BF_PORT FSM :0:152:-: state=1 PCS_status=1 local_fault=0 remote fault =0
2025-04-10 03:25:05.928219 DEBUG BF_PORT FSM :0:152:-: PCS err-blk=0 : syn-lst=0 : bk-lk-lst=0 : hi_ber=0 : val-err=0 : unk-err=0 : inv-err=0 : bip=0
2025-04-10 03:25:05.929979 DEBUG BF_PORT FSM :0:152:-: BF_FSM_ST_WAIT_PCS_UP      --> BF_FSM_ST_WAIT_DWN_EVNT    
2025-04-10 03:25:05.930010 DEBUG BF_PORT 0:152: --- Up
2025-04-10 03:25:05.930037 DEBUG BF_PM pm_port_link_status_chg_cb:3798 PM: Dev 0 : front port 4/0 (152) : UP
2025-04-10 03:25:07.892116 DEBUG BF_PLTFM QSFP     4 : ch[0] : Ready 
2025-04-10 03:25:07.892171 DEBUG BF_PLTFM QSFPCSM  4/0 : QSFP_CH_FSM_ST_NOTIFY_ENABLED.0 --> QSFP_CH_FSM_ST_ENABLED.0 (0ms)
2025-04-10 03:25:07.908004 DEBUG BF_PLTFM QSFP     4 : ch[1] : Ready <LOS>
2025-04-10 03:25:07.908039 DEBUG BF_PLTFM QSFPCSM  4/1 : QSFP_CH_FSM_ST_NOTIFY_ENABLED.0 --> QSFP_CH_FSM_ST_ENABLED.0 (0ms)
2025-04-10 03:25:07.923986 DEBUG BF_PLTFM QSFP     4 : ch[2] : Ready <LOS>
2025-04-10 03:25:07.924027 DEBUG BF_PLTFM QSFPCSM  4/2 : QSFP_CH_FSM_ST_NOTIFY_ENABLED.0 --> QSFP_CH_FSM_ST_ENABLED.0 (0ms)
2025-04-10 03:25:07.939921 DEBUG BF_PLTFM QSFP     4 : ch[3] : Ready <LOS>
2025-04-10 03:25:07.939955 DEBUG BF_PLTFM QSFPCSM  4/3 : QSFP_CH_FSM_ST_NOTIFY_ENABLED.0 --> QSFP_CH_FSM_ST_ENABLED.0 (0ms)
2025-04-10 03:27:27.560067 DEBUG BF_PLTFM Platform-mgr started 

2025-04-10 03:27:27.561255 DEBUG BF_PLTFM Checking path /tmp/.bf_platform_ingrasys
2025-04-10 03:27:27.576152 DEBUG BF_PLTFM Checking path /sys/bus/i2c/devices/0-0053/eeprom
2025-04-10 03:27:27.589533 DEBUG BF_PLTFM Checking path /sys/bus/i2c/devices/0-0051/eeprom
2025-04-10 03:27:27.594406 DEBUG BF_PLTFM The platform ingrasys s9180_32x has been detected (2)
bd_id: 0x9180

2025-04-10 03:27:27.594688 DEBUG BF_PLTFM Parsing EEPROM DATA ...

2025-04-10 03:27:27.597323 DEBUG BF_PLTFM Ready to init qsfp on platform ingrasys: 9180

2025-04-10 03:27:27.597469 DEBUG BF_PLTFM GPIO BASE is 256

2025-04-10 03:27:27.597724 DEBUG BF_PLTFM pltfm_mgr: health monitor initialized

2025-04-10 03:27:27.598528 DEBUG BF_PLTFM num of QSFP ports=34
2025-04-10 03:27:27.598603 DEBUG BF_PLTFM QSFP: Assert RESETL on all QSFPs
2025-04-10 03:27:27.598668 DEBUG BF_PLTFM QSFP     1 : RESETL = true
2025-04-10 03:27:27.598688 DEBUG BF_PLTFM QSFP     1 : True
2025-04-10 03:27:27.599947 DEBUG BF_PLTFM QSFP     2 : RESETL = true
2025-04-10 03:27:27.599985 DEBUG BF_PLTFM QSFP     2 : True
2025-04-10 03:27:27.601175 DEBUG BF_PLTFM QSFP     3 : RESETL = true
2025-04-10 03:27:27.601204 DEBUG BF_PLTFM QSFP     3 : True
2025-04-10 03:27:27.602329 DEBUG BF_PLTFM QSFP     4 : RESETL = true
2025-04-10 03:27:27.602357 DEBUG BF_PLTFM QSFP     4 : True
2025-04-10 03:27:27.603506 DEBUG BF_PLTFM QSFP     5 : RESETL = true
2025-04-10 03:27:27.603533 DEBUG BF_PLTFM QSFP     5 : True
2025-04-10 03:27:27.604656 DEBUG BF_PLTFM QSFP     6 : RESETL = true
2025-04-10 03:27:27.604684 DEBUG BF_PLTFM QSFP     6 : True
2025-04-10 03:27:27.605839 DEBUG BF_PLTFM QSFP     7 : RESETL = true
2025-04-10 03:27:27.605859 DEBUG BF_PLTFM QSFP     7 : True
2025-04-10 03:27:27.606983 DEBUG BF_PLTFM QSFP     8 : RESETL = true
2025-04-10 03:27:27.607011 DEBUG BF_PLTFM QSFP     8 : True
2025-04-10 03:27:27.608172 DEBUG BF_PLTFM QSFP     9 : RESETL = true
2025-04-10 03:27:27.608200 DEBUG BF_PLTFM QSFP     9 : True
2025-04-10 03:27:27.609319 DEBUG BF_PLTFM QSFP    10 : RESETL = true
2025-04-10 03:27:27.609339 DEBUG BF_PLTFM QSFP    10 : True
2025-04-10 03:27:27.610498 DEBUG BF_PLTFM QSFP    11 : RESETL = true
2025-04-10 03:27:27.610518 DEBUG BF_PLTFM QSFP    11 : True
2025-04-10 03:27:27.611649 DEBUG BF_PLTFM QSFP    12 : RESETL = true
2025-04-10 03:27:27.611669 DEBUG BF_PLTFM QSFP    12 : True
2025-04-10 03:27:27.612835 DEBUG BF_PLTFM QSFP    13 : RESETL = true
2025-04-10 03:27:27.612854 DEBUG BF_PLTFM QSFP    13 : True
2025-04-10 03:27:27.613985 DEBUG BF_PLTFM QSFP    14 : RESETL = true
2025-04-10 03:27:27.614005 DEBUG BF_PLTFM QSFP    14 : True
2025-04-10 03:27:27.615206 DEBUG BF_PLTFM QSFP    15 : RESETL = true
2025-04-10 03:27:27.615226 DEBUG BF_PLTFM QSFP    15 : True
2025-04-10 03:27:27.616352 DEBUG BF_PLTFM QSFP    16 : RESETL = true
2025-04-10 03:27:27.616380 DEBUG BF_PLTFM QSFP    16 : True
2025-04-10 03:27:27.617541 DEBUG BF_PLTFM QSFP    17 : RESETL = true
2025-04-10 03:27:27.617561 DEBUG BF_PLTFM QSFP    17 : True
2025-04-10 03:27:27.618721 DEBUG BF_PLTFM QSFP    18 : RESETL = true
2025-04-10 03:27:27.618740 DEBUG BF_PLTFM QSFP    18 : True
2025-04-10 03:27:27.619896 DEBUG BF_PLTFM QSFP    19 : RESETL = true
2025-04-10 03:27:27.619916 DEBUG BF_PLTFM QSFP    19 : True
2025-04-10 03:27:27.621048 DEBUG BF_PLTFM QSFP    20 : RESETL = true
2025-04-10 03:27:27.621075 DEBUG BF_PLTFM QSFP    20 : True
2025-04-10 03:27:27.622253 DEBUG BF_PLTFM QSFP    21 : RESETL = true
2025-04-10 03:27:27.622273 DEBUG BF_PLTFM QSFP    21 : True
2025-04-10 03:27:27.623416 DEBUG BF_PLTFM QSFP    22 : RESETL = true
2025-04-10 03:27:27.623444 DEBUG BF_PLTFM QSFP    22 : True
2025-04-10 03:27:27.624570 DEBUG BF_PLTFM QSFP    23 : RESETL = true
2025-04-10 03:27:27.624590 DEBUG BF_PLTFM QSFP    23 : True
2025-04-10 03:27:27.625720 DEBUG BF_PLTFM QSFP    24 : RESETL = true
2025-04-10 03:27:27.625740 DEBUG BF_PLTFM QSFP    24 : True
2025-04-10 03:27:27.626910 DEBUG BF_PLTFM QSFP    25 : RESETL = true
2025-04-10 03:27:27.626930 DEBUG BF_PLTFM QSFP    25 : True
2025-04-10 03:27:27.628042 DEBUG BF_PLTFM QSFP    26 : RESETL = true
2025-04-10 03:27:27.628062 DEBUG BF_PLTFM QSFP    26 : True
2025-04-10 03:27:27.629234 DEBUG BF_PLTFM QSFP    27 : RESETL = true
2025-04-10 03:27:27.629290 DEBUG BF_PLTFM QSFP    27 : True
2025-04-10 03:27:27.630428 DEBUG BF_PLTFM QSFP    28 : RESETL = true
2025-04-10 03:27:27.630456 DEBUG BF_PLTFM QSFP    28 : True
2025-04-10 03:27:27.631602 DEBUG BF_PLTFM QSFP    29 : RESETL = true
2025-04-10 03:27:27.631621 DEBUG BF_PLTFM QSFP    29 : True
2025-04-10 03:27:27.632744 DEBUG BF_PLTFM QSFP    30 : RESETL = true
2025-04-10 03:27:27.632765 DEBUG BF_PLTFM QSFP    30 : True
2025-04-10 03:27:27.633900 DEBUG BF_PLTFM QSFP    31 : RESETL = true
2025-04-10 03:27:27.633928 DEBUG BF_PLTFM QSFP    31 : True
2025-04-10 03:27:27.635058 DEBUG BF_PLTFM QSFP    32 : RESETL = true
2025-04-10 03:27:27.635086 DEBUG BF_PLTFM QSFP    32 : True
2025-04-10 03:27:27.636222 DEBUG BF_PLTFM QSFP    33 : RESETL = true
2025-04-10 03:27:27.636242 DEBUG BF_PLTFM QSFP    33 : True
2025-04-10 03:27:27.636261 DEBUG BF_PLTFM QSFP    34 : RESETL = true
2025-04-10 03:27:27.636279 DEBUG BF_PLTFM QSFP    34 : True
2025-04-10 03:27:27.637388 DEBUG BF_PLTFM QSFP: Assert LPMODE and De-assert RESETL on all QSFPs
2025-04-10 03:27:27.637416 DEBUG BF_PLTFM QSFP     1 : LPMODE = true
2025-04-10 03:27:27.638578 DEBUG BF_PLTFM QSFP     1 : RESETL = false
2025-04-10 03:27:27.638598 DEBUG BF_PLTFM QSFP     1 : False
2025-04-10 03:27:27.639728 DEBUG BF_PLTFM QSFP     2 : LPMODE = true
2025-04-10 03:27:27.640890 DEBUG BF_PLTFM QSFP     2 : RESETL = false
2025-04-10 03:27:27.640918 DEBUG BF_PLTFM QSFP     2 : False
2025-04-10 03:27:27.642038 DEBUG BF_PLTFM QSFP     3 : LPMODE = true
2025-04-10 03:27:27.643218 DEBUG BF_PLTFM QSFP     3 : RESETL = false
2025-04-10 03:27:27.643245 DEBUG BF_PLTFM QSFP     3 : False
2025-04-10 03:27:27.644407 DEBUG BF_PLTFM QSFP     4 : LPMODE = true
2025-04-10 03:27:27.645552 DEBUG BF_PLTFM QSFP     4 : RESETL = false
2025-04-10 03:27:27.645589 DEBUG BF_PLTFM QSFP     4 : False
2025-04-10 03:27:27.646711 DEBUG BF_PLTFM QSFP     5 : LPMODE = true
2025-04-10 03:27:27.647856 DEBUG BF_PLTFM QSFP     5 : RESETL = false
2025-04-10 03:27:27.647876 DEBUG BF_PLTFM QSFP     5 : False
2025-04-10 03:27:27.649003 DEBUG BF_PLTFM QSFP     6 : LPMODE = true
2025-04-10 03:27:27.650133 DEBUG BF_PLTFM QSFP     6 : RESETL = false
2025-04-10 03:27:27.650161 DEBUG BF_PLTFM QSFP     6 : False
2025-04-10 03:27:27.651292 DEBUG BF_PLTFM QSFP     7 : LPMODE = true
2025-04-10 03:27:27.652430 DEBUG BF_PLTFM QSFP     7 : RESETL = false
2025-04-10 03:27:27.652457 DEBUG BF_PLTFM QSFP     7 : False
2025-04-10 03:27:27.653563 DEBUG BF_PLTFM QSFP     8 : LPMODE = true
2025-04-10 03:27:27.654696 DEBUG BF_PLTFM QSFP     8 : RESETL = false
2025-04-10 03:27:27.654724 DEBUG BF_PLTFM QSFP     8 : False
2025-04-10 03:27:27.655865 DEBUG BF_PLTFM QSFP     9 : LPMODE = true
2025-04-10 03:27:27.656988 DEBUG BF_PLTFM QSFP     9 : RESETL = false
2025-04-10 03:27:27.657008 DEBUG BF_PLTFM QSFP     9 : False
2025-04-10 03:27:27.658142 DEBUG BF_PLTFM QSFP    10 : LPMODE = true
2025-04-10 03:27:27.659262 DEBUG BF_PLTFM QSFP    10 : RESETL = false
2025-04-10 03:27:27.659290 DEBUG BF_PLTFM QSFP    10 : False
2025-04-10 03:27:27.660408 DEBUG BF_PLTFM QSFP    11 : LPMODE = true
2025-04-10 03:27:27.661539 DEBUG BF_PLTFM QSFP    11 : RESETL = false
2025-04-10 03:27:27.661559 DEBUG BF_PLTFM QSFP    11 : False
2025-04-10 03:27:27.662672 DEBUG BF_PLTFM QSFP    12 : LPMODE = true
2025-04-10 03:27:27.663824 DEBUG BF_PLTFM QSFP    12 : RESETL = false
2025-04-10 03:27:27.663853 DEBUG BF_PLTFM QSFP    12 : False
2025-04-10 03:27:27.664965 DEBUG BF_PLTFM QSFP    13 : LPMODE = true
2025-04-10 03:27:27.666080 DEBUG BF_PLTFM QSFP    13 : RESETL = false
2025-04-10 03:27:27.666118 DEBUG BF_PLTFM QSFP    13 : False
2025-04-10 03:27:27.667257 DEBUG BF_PLTFM QSFP    14 : LPMODE = true
2025-04-10 03:27:27.668386 DEBUG BF_PLTFM QSFP    14 : RESETL = false
2025-04-10 03:27:27.668414 DEBUG BF_PLTFM QSFP    14 : False
2025-04-10 03:27:27.669534 DEBUG BF_PLTFM QSFP    15 : LPMODE = true
2025-04-10 03:27:27.670656 DEBUG BF_PLTFM QSFP    15 : RESETL = false
2025-04-10 03:27:27.670675 DEBUG BF_PLTFM QSFP    15 : False
2025-04-10 03:27:27.671846 DEBUG BF_PLTFM QSFP    16 : LPMODE = true
2025-04-10 03:27:27.672994 DEBUG BF_PLTFM QSFP    16 : RESETL = false
2025-04-10 03:27:27.673022 DEBUG BF_PLTFM QSFP    16 : False
2025-04-10 03:27:27.674199 DEBUG BF_PLTFM QSFP    17 : LPMODE = true
2025-04-10 03:27:27.675339 DEBUG BF_PLTFM QSFP    17 : RESETL = false
2025-04-10 03:27:27.675359 DEBUG BF_PLTFM QSFP    17 : False
2025-04-10 03:27:27.676499 DEBUG BF_PLTFM QSFP    18 : LPMODE = true
2025-04-10 03:27:27.677635 DEBUG BF_PLTFM QSFP    18 : RESETL = false
2025-04-10 03:27:27.677654 DEBUG BF_PLTFM QSFP    18 : False
2025-04-10 03:27:27.678801 DEBUG BF_PLTFM QSFP    19 : LPMODE = true
2025-04-10 03:27:27.679925 DEBUG BF_PLTFM QSFP    19 : RESETL = false
2025-04-10 03:27:27.679952 DEBUG BF_PLTFM QSFP    19 : False
2025-04-10 03:27:27.681075 DEBUG BF_PLTFM QSFP    20 : LPMODE = true
2025-04-10 03:27:27.682236 DEBUG BF_PLTFM QSFP    20 : RESETL = false
2025-04-10 03:27:27.682265 DEBUG BF_PLTFM QSFP    20 : False
2025-04-10 03:27:27.683404 DEBUG BF_PLTFM QSFP    21 : LPMODE = true
2025-04-10 03:27:27.684538 DEBUG BF_PLTFM QSFP    21 : RESETL = false
2025-04-10 03:27:27.684558 DEBUG BF_PLTFM QSFP    21 : False
2025-04-10 03:27:27.685697 DEBUG BF_PLTFM QSFP    22 : LPMODE = true
2025-04-10 03:27:27.686836 DEBUG BF_PLTFM QSFP    22 : RESETL = false
2025-04-10 03:27:27.686856 DEBUG BF_PLTFM QSFP    22 : False
2025-04-10 03:27:27.687985 DEBUG BF_PLTFM QSFP    23 : LPMODE = true
2025-04-10 03:27:27.689149 DEBUG BF_PLTFM QSFP    23 : RESETL = false
2025-04-10 03:27:27.689169 DEBUG BF_PLTFM QSFP    23 : False
2025-04-10 03:27:27.690298 DEBUG BF_PLTFM QSFP    24 : LPMODE = true
2025-04-10 03:27:27.691450 DEBUG BF_PLTFM QSFP    24 : RESETL = false
2025-04-10 03:27:27.691486 DEBUG BF_PLTFM QSFP    24 : False
2025-04-10 03:27:27.692600 DEBUG BF_PLTFM QSFP    25 : LPMODE = true
2025-04-10 03:27:27.693730 DEBUG BF_PLTFM QSFP    25 : RESETL = false
2025-04-10 03:27:27.693750 DEBUG BF_PLTFM QSFP    25 : False
2025-04-10 03:27:27.694888 DEBUG BF_PLTFM QSFP    26 : LPMODE = true
2025-04-10 03:27:27.696002 DEBUG BF_PLTFM QSFP    26 : RESETL = false
2025-04-10 03:27:27.696029 DEBUG BF_PLTFM QSFP    26 : False
2025-04-10 03:27:27.697149 DEBUG BF_PLTFM QSFP    27 : LPMODE = true
2025-04-10 03:27:27.698273 DEBUG BF_PLTFM QSFP    27 : RESETL = false
2025-04-10 03:27:27.698300 DEBUG BF_PLTFM QSFP    27 : False
2025-04-10 03:27:27.699419 DEBUG BF_PLTFM QSFP    28 : LPMODE = true
2025-04-10 03:27:27.700547 DEBUG BF_PLTFM QSFP    28 : RESETL = false
2025-04-10 03:27:27.700576 DEBUG BF_PLTFM QSFP    28 : False
2025-04-10 03:27:27.701690 DEBUG BF_PLTFM QSFP    29 : LPMODE = true
2025-04-10 03:27:27.702817 DEBUG BF_PLTFM QSFP    29 : RESETL = false
2025-04-10 03:27:27.702845 DEBUG BF_PLTFM QSFP    29 : False
2025-04-10 03:27:27.703967 DEBUG BF_PLTFM QSFP    30 : LPMODE = true
2025-04-10 03:27:27.705120 DEBUG BF_PLTFM QSFP    30 : RESETL = false
2025-04-10 03:27:27.705148 DEBUG BF_PLTFM QSFP    30 : False
2025-04-10 03:27:27.706279 DEBUG BF_PLTFM QSFP    31 : LPMODE = true
2025-04-10 03:27:27.707414 DEBUG BF_PLTFM QSFP    31 : RESETL = false
2025-04-10 03:27:27.707434 DEBUG BF_PLTFM QSFP    31 : False
2025-04-10 03:27:27.708548 DEBUG BF_PLTFM QSFP    32 : LPMODE = true
2025-04-10 03:27:27.709689 DEBUG BF_PLTFM QSFP    32 : RESETL = false
2025-04-10 03:27:27.709725 DEBUG BF_PLTFM QSFP    32 : False
2025-04-10 03:27:27.710862 DEBUG BF_PLTFM QSFP    33 : LPMODE = true
2025-04-10 03:27:27.710890 DEBUG BF_PLTFM QSFP    33 : RESETL = false
2025-04-10 03:27:27.710901 DEBUG BF_PLTFM QSFP    33 : False
2025-04-10 03:27:27.710929 DEBUG BF_PLTFM QSFP    34 : LPMODE = true
2025-04-10 03:27:27.710947 DEBUG BF_PLTFM QSFP    34 : RESETL = false
2025-04-10 03:27:27.710958 DEBUG BF_PLTFM QSFP    34 : False
2025-04-10 03:27:27.710977 DEBUG BF_PLTFM QSFP: Wait 2 sec (t_reset) for QSFPs to initialize..
2025-04-10 03:27:29.711922 DEBUG BF_DVM BF-SDE vesion: 9.7.0
2025-04-10 03:27:29.730037 INFO  BF_TM TM: Registered for device and port discovery
2025-04-10 03:27:29.816090 INFO  BF_DVM bf_pktmgr_device_add dev id 0, is_sw_model 0
2025-04-10 03:27:29.817165 DEBUG BF_LLD  Efuse settings:
2025-04-10 03:27:29.817231 DEBUG BF_LLD                0 : resubmit_disable
2025-04-10 03:27:29.817259 DEBUG BF_LLD                0 : mau_tcam_reduction
2025-04-10 03:27:29.817279 DEBUG BF_LLD                0 : mau_sram_reduction
2025-04-10 03:27:29.817306 DEBUG BF_LLD                0 : packet_generator_disable
2025-04-10 03:27:29.817335 DEBUG BF_LLD                6 : pipe_disable
2025-04-10 03:27:29.817372 DEBUG BF_LLD                0 : mau_stage_disable
2025-04-10 03:27:29.817391 DEBUG BF_LLD 0000000000000000 : port_disable (hi)
2025-04-10 03:27:29.817424 DEBUG BF_LLD 5555555555555555 : port_disable (lo)
2025-04-10 03:27:29.817475 DEBUG BF_LLD 0000000600000000 : tm_memory_disable
2025-04-10 03:27:29.817510 DEBUG BF_LLD                0 : port_speed_reduction
2025-04-10 03:27:29.817552 DEBUG BF_LLD                0 : cpu_port_speed_reduction
2025-04-10 03:27:29.817571 DEBUG BF_LLD                0 : pcie_lane_reduction
2025-04-10 03:27:29.817600 DEBUG BF_LLD                0 : baresync_disable
2025-04-10 03:27:29.817619 DEBUG BF_LLD                0 : frequency_reduction
2025-04-10 03:27:29.817639 DEBUG BF_LLD                0 : frequency_check_disable
2025-04-10 03:27:29.817666 DEBUG BF_LLD                0 : versioning
2025-04-10 03:27:29.817695 DEBUG BF_LLD                8 : chip_part_number
2025-04-10 03:27:29.817714 DEBUG BF_LLD                1 : part_revision_number
2025-04-10 03:27:29.817733 DEBUG BF_LLD                0 : package_id
2025-04-10 03:27:29.817761 DEBUG BF_LLD 60700e7366b67485 : chip_id
2025-04-10 03:27:29.817789 DEBUG BF_LLD              982 : pmro_and_skew
2025-04-10 03:27:29.817809 DEBUG BF_LLD                5 : voltage_scaling
2025-04-10 03:27:29.817875 DEBUG BF_LLD Wafer-id: PKMV69-W24-X7-Y3
2025-04-10 03:27:29.817919 DEBUG BF_LLD dev0 : SPI idcode: 20180202 (rc=0)
2025-04-10 03:27:29.817983 DEBUG BF_LLD TCU: 0 : Memory repair already done <bfdddddd>
2025-04-10 03:27:29.818431 DEBUG BF_LLD EFUSE: Set core clk to 1.22GHz, dev=0, PLL ctrl0 value=0xcd44cbfe
2025-04-10 03:27:29.927456 DEBUG BF_LLD Core PLL has not locked even after 100 ms; PLL Lock chip 0 dbg_rst 1dc
2025-04-10 03:27:29.927513 DEBUG BF_LLD [Unreset] Done after 1 polls
2025-04-10 03:27:29.974049 INFO  BF_DVM bf_device_add dev id 0, is_sw_model 0
2025-04-10 03:27:29.974208 DEBUG BF_PORT port_mgr_dev_add:61:0:0(warm_init_mode)
2025-04-10 03:27:29.974265 DEBUG BF_PORT port_mgr_tof1_dev_add:80:0
2025-04-10 03:27:29.974323 INFO  BF_PORT set chip part revision number, dev 0, part rev 1
2025-04-10 03:27:29.974492 DEBUG BF_PORT 0:-:-: sbus master fw: 101d_2001
2025-04-10 03:27:29.974511 DEBUG BF_PORT 0:-:-: PCIe serdes fw: 1066_2147
2025-04-10 03:27:29.974545 DEBUG BF_PORT 0:-:-:      serdes fw: 1091_244d
2025-04-10 03:27:29.974601 INFO  BF_PORT port_mgr_mac_block_init: core clock speed in ns = 0.819672
2025-04-10 03:27:29.982720 DEBUG BF_PORT SDS: SBMs disabled. No FW upload
2025-04-10 03:27:29.982880 DEBUG BF_PORT SDS: SBus CLK divider set to 5 (x32 mode)
2025-04-10 03:27:29.982919 DEBUG BF_PORT SDS: 0:0:3: Set ignore bcast
2025-04-10 03:27:29.982964 DEBUG BF_PORT 0:0:3 : PCIe access : addr=3h : reg=fdh : cmd=Read
2025-04-10 03:27:29.983071 DEBUG BF_PORT 0:0:3 : PCIe access : addr=3h : reg=fdh : cmd=write
2025-04-10 03:27:29.983142 DEBUG BF_PORT SDS: 0:0:5: Set ignore bcast
2025-04-10 03:27:29.983171 DEBUG BF_PORT 0:0:5 : PCIe access : addr=5h : reg=fdh : cmd=Read
2025-04-10 03:27:29.983266 DEBUG BF_PORT 0:0:5 : PCIe access : addr=5h : reg=fdh : cmd=write
2025-04-10 03:27:29.983344 DEBUG BF_PORT SDS: 0:0:7: Set ignore bcast
2025-04-10 03:27:29.983364 DEBUG BF_PORT 0:0:7 : PCIe access : addr=7h : reg=fdh : cmd=Read
2025-04-10 03:27:29.983460 DEBUG BF_PORT 0:0:7 : PCIe access : addr=7h : reg=fdh : cmd=write
2025-04-10 03:27:29.983530 DEBUG BF_PORT SDS: 0:0:9: Set ignore bcast
2025-04-10 03:27:29.983567 DEBUG BF_PORT 0:0:9 : PCIe access : addr=9h : reg=fdh : cmd=Read
2025-04-10 03:27:29.983648 DEBUG BF_PORT 0:0:9 : PCIe access : addr=9h : reg=fdh : cmd=write
2025-04-10 03:27:29.991950 DEBUG BF_PORT SDS: 0:0:255: FW load: broadcast
2025-04-10 03:27:29.991979 DEBUG BF_PORT SDS:         : FW path: /root/bf-sde-9.7.0/install/share/tofino_sds_fw/avago/firmware/serdes.0x1091_244D.rom
2025-04-10 03:27:29.992007 DEBUG BF_PORT SDS:         : FW ver : 1091
2025-04-10 03:27:29.999724 DEBUG BF_PORT 0:0:1 : PCIe access : addr=1h : reg=ffh : cmd=Read
2025-04-10 03:27:29.999839 DEBUG BF_PORT 0:0:2 : PCIe access : addr=2h : reg=ffh : cmd=Read
2025-04-10 03:27:29.999926 DEBUG BF_PORT 0:0:3 : PCIe access : addr=3h : reg=ffh : cmd=Read
2025-04-10 03:27:30.000066 DEBUG BF_PORT 0:0:3 : Errant PCIe access : addr=3h : reg=0h : cmd=Read
2025-04-10 03:27:30.000149 DEBUG BF_PORT 0:0:3 : Errant PCIe access : addr=3h : reg=1h : cmd=write
2025-04-10 03:27:30.000177 DEBUG BF_PORT 0:0:3 : PCIe access : addr=3h : reg=fdh : cmd=Read
2025-04-10 03:27:30.000267 DEBUG BF_PORT 0:0:4 : PCIe access : addr=4h : reg=ffh : cmd=Read
2025-04-10 03:27:30.000364 DEBUG BF_PORT 0:0:5 : PCIe access : addr=5h : reg=ffh : cmd=Read
2025-04-10 03:27:30.000457 DEBUG BF_PORT 0:0:5 : Errant PCIe access : addr=5h : reg=0h : cmd=Read
2025-04-10 03:27:30.000476 DEBUG BF_PORT 0:0:5 : Errant PCIe access : addr=5h : reg=1h : cmd=write
2025-04-10 03:27:30.000519 DEBUG BF_PORT 0:0:5 : PCIe access : addr=5h : reg=fdh : cmd=Read
2025-04-10 03:27:30.000607 DEBUG BF_PORT 0:0:6 : PCIe access : addr=6h : reg=ffh : cmd=Read
2025-04-10 03:27:30.000695 DEBUG BF_PORT 0:0:7 : PCIe access : addr=7h : reg=ffh : cmd=Read
2025-04-10 03:27:30.000782 DEBUG BF_PORT 0:0:7 : Errant PCIe access : addr=7h : reg=0h : cmd=Read
2025-04-10 03:27:30.000809 DEBUG BF_PORT 0:0:7 : Errant PCIe access : addr=7h : reg=1h : cmd=write
2025-04-10 03:27:30.000829 DEBUG BF_PORT 0:0:7 : PCIe access : addr=7h : reg=fdh : cmd=Read
2025-04-10 03:27:30.000936 DEBUG BF_PORT 0:0:8 : PCIe access : addr=8h : reg=ffh : cmd=Read
2025-04-10 03:27:30.001024 DEBUG BF_PORT 0:0:9 : PCIe access : addr=9h : reg=ffh : cmd=Read
2025-04-10 03:27:30.001125 DEBUG BF_PORT 0:0:9 : Errant PCIe access : addr=9h : reg=0h : cmd=Read
2025-04-10 03:27:30.001162 DEBUG BF_PORT 0:0:9 : Errant PCIe access : addr=9h : reg=1h : cmd=write
2025-04-10 03:27:30.001189 DEBUG BF_PORT 0:0:9 : PCIe access : addr=9h : reg=fdh : cmd=Read
2025-04-10 03:27:30.001276 DEBUG BF_PORT 0:0:10 : PCIe access : addr=ah : reg=ffh : cmd=Read
2025-04-10 03:27:30.556555 DEBUG BF_PORT 0:0:3 : PCIe access : addr=3h : reg=fdh : cmd=Read
2025-04-10 03:27:30.556737 DEBUG BF_PORT 0:0:5 : PCIe access : addr=5h : reg=fdh : cmd=Read
2025-04-10 03:27:30.556820 DEBUG BF_PORT 0:0:7 : PCIe access : addr=7h : reg=fdh : cmd=Read
2025-04-10 03:27:30.556905 DEBUG BF_PORT 0:0:9 : PCIe access : addr=9h : reg=fdh : cmd=Read
2025-04-10 03:27:31.069810 DEBUG BF_PORT SDS: 0:1:255: FW load: broadcast
2025-04-10 03:27:31.069918 DEBUG BF_PORT SDS:         : FW path: /root/bf-sde-9.7.0/install/share/tofino_sds_fw/avago/firmware/serdes.0x1091_244D.rom
2025-04-10 03:27:31.069953 DEBUG BF_PORT SDS:         : FW ver : 1091
2025-04-10 03:27:34.274226 INFO  BF_TM New device discovered... start TM init
2025-04-10 03:27:34.274462 INFO  BF_TM bf_tm_tofino_cfg: Tofino SKU is 2
2025-04-10 03:27:34.274500 INFO  BF_TM bf_tm_tofino_cfg: Tofino TM total cells - 266240
2025-04-10 03:27:34.274604 INFO  BF_TM PPG Structures initialized
2025-04-10 03:27:34.275268 INFO  BF_TM TM on device 0 is ready for hw configurations
2025-04-10 03:27:34.275316 INFO  BF_TM TM: set clock speed to 1220000000 for dev 0
2025-04-10 03:27:34.275344 INFO  BF_TM TM: set chip part revision number, dev 0, part rev 1
2025-04-10 03:27:34.275372 INFO  BF_TM TM: Configuring Tofino TM with default setting
2025-04-10 03:27:34.275391 INFO  BF_TM TM: Cells for 2 pkts - 40
2025-04-10 03:27:34.275410 INFO  BF_TM TM: Ingress Default PPG GMin limit - 40
2025-04-10 03:27:34.275429 INFO  BF_TM TM: Ingress PPG base limit in pool0 - 305
2025-04-10 03:27:34.275470 INFO  BF_TM TM: Ingress PPG GMin pool size - 11680
2025-04-10 03:27:34.275481 INFO  BF_TM TM: Ingress AP pool0 size - 89260
2025-04-10 03:27:34.275500 INFO  BF_TM TM: Ingress Skid pool size - 0
2025-04-10 03:27:34.275573 INFO  BF_TM TM: Ingress Mirror pool size - 1460
2025-04-10 03:27:34.275592 INFO  BF_TM TM: Egress Q GMin limit - 20
2025-04-10 03:27:34.275611 INFO  BF_TM TM: Egress Q base limit in AP pool0 - 13
2025-04-10 03:27:34.275629 INFO  BF_TM TM: Egress Q GMin pool size - 46080
2025-04-10 03:27:34.275648 INFO  BF_TM TM: Egress AP pool0 size - 30284
2025-04-10 03:27:34.275667 INFO  BF_TM TM: Egress AP pool3 size reserved for MC PRE FIFO - 12288
2025-04-10 03:27:34.275678 INFO  BF_TM TM: Egress Mirror pool size - 1460
2025-04-10 03:27:34.275697 INFO  BF_TM TM: Egress UC CT size  - 4096
2025-04-10 03:27:34.275717 INFO  BF_TM TM: Egress MC CT size  - 8192
2025-04-10 03:27:34.275773 INFO  BF_TM CAA block Ready Status = 0x3ffffff
2025-04-10 03:27:34.275793 INFO  BF_TM CAA block Ready
2025-04-10 03:27:34.275820 INFO  BF_TM CLC.CLM block Ready Status = 0xfffffff
2025-04-10 03:27:34.275840 INFO  BF_TM CLC.CLM block Ready
2025-04-10 03:27:34.275860 INFO  BF_TM QLC block[0] Ready Status = 0xffffffff
2025-04-10 03:27:34.275887 INFO  BF_TM QLC block[1] Ready Status = 0xf
2025-04-10 03:27:34.275906 INFO  BF_TM QLC block Ready
2025-04-10 03:27:34.275934 INFO  BF_TM PSC block Ready Status = 0xffffffff
2025-04-10 03:27:34.275953 INFO  BF_TM PSC block Ready
2025-04-10 03:27:34.275991 INFO  BF_TM Wac Mem init Done Status = 0x1
2025-04-10 03:27:34.276002 INFO  BF_TM Wac Mem init Complete 
2025-04-10 03:27:34.276029 INFO  BF_TM Qac Mem init Done Status = 0x1
2025-04-10 03:27:34.276048 INFO  BF_TM Qac Mem init Complete 
2025-04-10 03:27:34.276066 INFO  BF_TM SCH Mem init Complete 
2025-04-10 03:27:34.276086 INFO  BF_TM PRC Map Mem init done status = 0x1
2025-04-10 03:27:34.276117 INFO  BF_TM PRC Map Mem init Complete 
2025-04-10 03:27:34.276287 INFO  BF_TM TM: bf_tm_tofino_set_default_for_ig_pool: Set default values for Ingress Pools
2025-04-10 03:27:34.276391 WARN  BF_TM Traffic Manager buffer pool 0 pfc limit is higher or equal to pool size. PFC might not trigger based on pool usage
2025-04-10 03:27:34.276419 WARN  BF_TM Traffic Manager buffer pool 0 pfc limit is higher or equal to pool size. PFC might not trigger based on pool usage
2025-04-10 03:27:34.276439 WARN  BF_TM Traffic Manager buffer pool 0 pfc limit is higher or equal to pool size. PFC might not trigger based on pool usage
2025-04-10 03:27:34.276457 WARN  BF_TM Traffic Manager buffer pool 0 pfc limit is higher or equal to pool size. PFC might not trigger based on pool usage
2025-04-10 03:27:34.276476 WARN  BF_TM Traffic Manager buffer pool 0 pfc limit is higher or equal to pool size. PFC might not trigger based on pool usage
2025-04-10 03:27:34.276494 WARN  BF_TM Traffic Manager buffer pool 0 pfc limit is higher or equal to pool size. PFC might not trigger based on pool usage
2025-04-10 03:27:34.276514 WARN  BF_TM Traffic Manager buffer pool 0 pfc limit is higher or equal to pool size. PFC might not trigger based on pool usage
2025-04-10 03:27:34.276532 WARN  BF_TM Traffic Manager buffer pool 0 pfc limit is higher or equal to pool size. PFC might not trigger based on pool usage
2025-04-10 03:27:34.276588 INFO  BF_TM TM: bf_tm_tofino_set_default_for_ppg: Set default values for PPGs
2025-04-10 03:27:34.278637 INFO  BF_TM TM: bf_tm_tofino_set_egress_tm_default: Set default values for egress TM
2025-04-10 03:27:34.278720 INFO  BF_TM TM: bf_tm_tofino_set_default_for_eg_pool: Set default values for egress Pools
2025-04-10 03:27:34.278767 INFO  BF_TM TM: bf_tm_tofino_set_default_for_q: Set default values for egress queues
2025-04-10 03:27:34.292213 INFO  BF_TM TM: bf_tm_tofino_set_default_for_port: Set default values for egress ports
2025-04-10 03:27:34.292939 INFO  BF_TM TM on device 0 start interrupt processing
2025-04-10 03:27:34.292967 INFO  BF_TM TM: device 0, device type set to ASIC
2025-04-10 03:27:34.293130 DEBUG BF_TM TM: tm_start_cached_counters_timer:719 counter TIMER_START running dev 0 timer state 1
2025-04-10 03:27:34.293187 INFO  BF_TM TM on device 0 successfully initialized and configured
2025-04-10 03:27:34.293361 DEBUG BF_PM pm_pltfm_port_info_get:869 dev : 0 : port : 1/0 (d_p=128) added to bf_pm_port_map_db
2025-04-10 03:27:34.293400 DEBUG BF_PM pm_pltfm_port_info_get:882 pltfm_interface.pltfm_front_panel_port_get_next: 1/0
2025-04-10 03:27:34.293479 DEBUG BF_PM pm_pltfm_port_info_get:956 dev : 0 : port : 1/0 (d_p=129) added to bf_pm_port_map_db
2025-04-10 03:27:34.293507 DEBUG BF_PM pm_pltfm_port_info_get:882 pltfm_interface.pltfm_front_panel_port_get_next: 1/1
2025-04-10 03:27:34.293570 DEBUG BF_PM pm_pltfm_port_info_get:956 dev : 0 : port : 1/2 (d_p=130) added to bf_pm_port_map_db
2025-04-10 03:27:34.293614 DEBUG BF_PM pm_pltfm_port_info_get:882 pltfm_interface.pltfm_front_panel_port_get_next: 1/2
2025-04-10 03:27:34.293663 DEBUG BF_PM pm_pltfm_port_info_get:956 dev : 0 : port : 1/3 (d_p=131) added to bf_pm_port_map_db
2025-04-10 03:27:34.293682 DEBUG BF_PM pm_pltfm_port_info_get:882 pltfm_interface.pltfm_front_panel_port_get_next: 1/3
2025-04-10 03:27:34.293740 DEBUG BF_PM pm_pltfm_port_info_get:956 dev : 0 : port : 2/0 (d_p=136) added to bf_pm_port_map_db
2025-04-10 03:27:34.293768 DEBUG BF_PM pm_pltfm_port_info_get:882 pltfm_interface.pltfm_front_panel_port_get_next: 2/0
2025-04-10 03:27:34.293824 DEBUG BF_PM pm_pltfm_port_info_get:956 dev : 0 : port : 2/1 (d_p=137) added to bf_pm_port_map_db
2025-04-10 03:27:34.293835 DEBUG BF_PM pm_pltfm_port_info_get:882 pltfm_interface.pltfm_front_panel_port_get_next: 2/1
2025-04-10 03:27:34.293891 DEBUG BF_PM pm_pltfm_port_info_get:956 dev : 0 : port : 2/2 (d_p=138) added to bf_pm_port_map_db
2025-04-10 03:27:34.293919 DEBUG BF_PM pm_pltfm_port_info_get:882 pltfm_interface.pltfm_front_panel_port_get_next: 2/2
2025-04-10 03:27:34.293991 DEBUG BF_PM pm_pltfm_port_info_get:956 dev : 0 : port : 2/3 (d_p=139) added to bf_pm_port_map_db
2025-04-10 03:27:34.294025 DEBUG BF_PM pm_pltfm_port_info_get:882 pltfm_interface.pltfm_front_panel_port_get_next: 2/3
2025-04-10 03:27:34.294082 DEBUG BF_PM pm_pltfm_port_info_get:956 dev : 0 : port : 3/0 (d_p=144) added to bf_pm_port_map_db
2025-04-10 03:27:34.294122 DEBUG BF_PM pm_pltfm_port_info_get:882 pltfm_interface.pltfm_front_panel_port_get_next: 3/0
2025-04-10 03:27:34.294171 DEBUG BF_PM pm_pltfm_port_info_get:956 dev : 0 : port : 3/1 (d_p=145) added to bf_pm_port_map_db
2025-04-10 03:27:34.294190 DEBUG BF_PM pm_pltfm_port_info_get:882 pltfm_interface.pltfm_front_panel_port_get_next: 3/1
2025-04-10 03:27:34.294238 DEBUG BF_PM pm_pltfm_port_info_get:956 dev : 0 : port : 3/2 (d_p=146) added to bf_pm_port_map_db
2025-04-10 03:27:34.294266 DEBUG BF_PM pm_pltfm_port_info_get:882 pltfm_interface.pltfm_front_panel_port_get_next: 3/2
2025-04-10 03:27:34.294323 DEBUG BF_PM pm_pltfm_port_info_get:956 dev : 0 : port : 3/3 (d_p=147) added to bf_pm_port_map_db
2025-04-10 03:27:34.294350 DEBUG BF_PM pm_pltfm_port_info_get:882 pltfm_interface.pltfm_front_panel_port_get_next: 3/3
2025-04-10 03:27:34.294399 DEBUG BF_PM pm_pltfm_port_info_get:956 dev : 0 : port : 4/0 (d_p=152) added to bf_pm_port_map_db
2025-04-10 03:27:34.294427 DEBUG BF_PM pm_pltfm_port_info_get:882 pltfm_interface.pltfm_front_panel_port_get_next: 4/0
2025-04-10 03:27:34.294475 DEBUG BF_PM pm_pltfm_port_info_get:956 dev : 0 : port : 4/1 (d_p=153) added to bf_pm_port_map_db
2025-04-10 03:27:34.294494 DEBUG BF_PM pm_pltfm_port_info_get:882 pltfm_interface.pltfm_front_panel_port_get_next: 4/1
2025-04-10 03:27:34.294550 DEBUG BF_PM pm_pltfm_port_info_get:956 dev : 0 : port : 4/2 (d_p=154) added to bf_pm_port_map_db
2025-04-10 03:27:34.294578 DEBUG BF_PM pm_pltfm_port_info_get:882 pltfm_interface.pltfm_front_panel_port_get_next: 4/2
2025-04-10 03:27:34.294636 DEBUG BF_PM pm_pltfm_port_info_get:956 dev : 0 : port : 4/3 (d_p=155) added to bf_pm_port_map_db
2025-04-10 03:27:34.294655 DEBUG BF_PM pm_pltfm_port_info_get:882 pltfm_interface.pltfm_front_panel_port_get_next: 4/3
2025-04-10 03:27:34.294725 DEBUG BF_PM pm_pltfm_port_info_get:956 dev : 0 : port : 5/0 (d_p=160) added to bf_pm_port_map_db
2025-04-10 03:27:34.294753 DEBUG BF_PM pm_pltfm_port_info_get:882 pltfm_interface.pltfm_front_panel_port_get_next: 5/0
2025-04-10 03:27:34.294830 DEBUG BF_PM pm_pltfm_port_info_get:956 dev : 0 : port : 5/1 (d_p=161) added to bf_pm_port_map_db
2025-04-10 03:27:34.294850 DEBUG BF_PM pm_pltfm_port_info_get:882 pltfm_interface.pltfm_front_panel_port_get_next: 5/1
2025-04-10 03:27:34.294906 DEBUG BF_PM pm_pltfm_port_info_get:956 dev : 0 : port : 5/2 (d_p=162) added to bf_pm_port_map_db
2025-04-10 03:27:34.294935 DEBUG BF_PM pm_pltfm_port_info_get:882 pltfm_interface.pltfm_front_panel_port_get_next: 5/2
2025-04-10 03:27:34.294983 DEBUG BF_PM pm_pltfm_port_info_get:956 dev : 0 : port : 5/3 (d_p=163) added to bf_pm_port_map_db
2025-04-10 03:27:34.295002 DEBUG BF_PM pm_pltfm_port_info_get:882 pltfm_interface.pltfm_front_panel_port_get_next: 5/3
2025-04-10 03:27:34.295057 DEBUG BF_PM pm_pltfm_port_info_get:956 dev : 0 : port : 6/0 (d_p=168) added to bf_pm_port_map_db
2025-04-10 03:27:34.295086 DEBUG BF_PM pm_pltfm_port_info_get:882 pltfm_interface.pltfm_front_panel_port_get_next: 6/0
2025-04-10 03:27:34.295144 DEBUG BF_PM pm_pltfm_port_info_get:956 dev : 0 : port : 6/1 (d_p=169) added to bf_pm_port_map_db
2025-04-10 03:27:34.295164 DEBUG BF_PM pm_pltfm_port_info_get:882 pltfm_interface.pltfm_front_panel_port_get_next: 6/1
2025-04-10 03:27:34.295220 DEBUG BF_PM pm_pltfm_port_info_get:956 dev : 0 : port : 6/2 (d_p=170) added to bf_pm_port_map_db
2025-04-10 03:27:34.295248 DEBUG BF_PM pm_pltfm_port_info_get:882 pltfm_interface.pltfm_front_panel_port_get_next: 6/2
2025-04-10 03:27:34.295306 DEBUG BF_PM pm_pltfm_port_info_get:956 dev : 0 : port : 6/3 (d_p=171) added to bf_pm_port_map_db
2025-04-10 03:27:34.295324 DEBUG BF_PM pm_pltfm_port_info_get:882 pltfm_interface.pltfm_front_panel_port_get_next: 6/3
2025-04-10 03:27:34.295380 DEBUG BF_PM pm_pltfm_port_info_get:956 dev : 0 : port : 7/0 (d_p=176) added to bf_pm_port_map_db
2025-04-10 03:27:34.295401 DEBUG BF_PM pm_pltfm_port_info_get:882 pltfm_interface.pltfm_front_panel_port_get_next: 7/0
2025-04-10 03:27:34.295449 DEBUG BF_PM pm_pltfm_port_info_get:956 dev : 0 : port : 7/1 (d_p=177) added to bf_pm_port_map_db
2025-04-10 03:27:34.295483 DEBUG BF_PM pm_pltfm_port_info_get:882 pltfm_interface.pltfm_front_panel_port_get_next: 7/1
2025-04-10 03:27:34.295547 DEBUG BF_PM pm_pltfm_port_info_get:956 dev : 0 : port : 7/2 (d_p=178) added to bf_pm_port_map_db
2025-04-10 03:27:34.295576 DEBUG BF_PM pm_pltfm_port_info_get:882 pltfm_interface.pltfm_front_panel_port_get_next: 7/2
2025-04-10 03:27:34.295624 DEBUG BF_PM pm_pltfm_port_info_get:956 dev : 0 : port : 7/3 (d_p=179) added to bf_pm_port_map_db
2025-04-10 03:27:34.295643 DEBUG BF_PM pm_pltfm_port_info_get:882 pltfm_interface.pltfm_front_panel_port_get_next: 7/3
2025-04-10 03:27:34.295691 DEBUG BF_PM pm_pltfm_port_info_get:956 dev : 0 : port : 8/0 (d_p=184) added to bf_pm_port_map_db
2025-04-10 03:27:34.295719 DEBUG BF_PM pm_pltfm_port_info_get:882 pltfm_interface.pltfm_front_panel_port_get_next: 8/0
2025-04-10 03:27:34.295767 DEBUG BF_PM pm_pltfm_port_info_get:956 dev : 0 : port : 8/1 (d_p=185) added to bf_pm_port_map_db
2025-04-10 03:27:34.295786 DEBUG BF_PM pm_pltfm_port_info_get:882 pltfm_interface.pltfm_front_panel_port_get_next: 8/1
2025-04-10 03:27:34.295842 DEBUG BF_PM pm_pltfm_port_info_get:956 dev : 0 : port : 8/2 (d_p=186) added to bf_pm_port_map_db
2025-04-10 03:27:34.295885 DEBUG BF_PM pm_pltfm_port_info_get:882 pltfm_interface.pltfm_front_panel_port_get_next: 8/2
2025-04-10 03:27:34.296012 DEBUG BF_PM pm_pltfm_port_info_get:956 dev : 0 : port : 8/3 (d_p=187) added to bf_pm_port_map_db
2025-04-10 03:27:34.296032 DEBUG BF_PM pm_pltfm_port_info_get:882 pltfm_interface.pltfm_front_panel_port_get_next: 8/3
2025-04-10 03:27:34.296081 DEBUG BF_PM pm_pltfm_port_info_get:956 dev : 0 : port : 9/0 (d_p=60) added to bf_pm_port_map_db
2025-04-10 03:27:34.296129 DEBUG BF_PM pm_pltfm_port_info_get:882 pltfm_interface.pltfm_front_panel_port_get_next: 9/0
2025-04-10 03:27:34.296198 DEBUG BF_PM pm_pltfm_port_info_get:956 dev : 0 : port : 9/1 (d_p=61) added to bf_pm_port_map_db
2025-04-10 03:27:34.296217 DEBUG BF_PM pm_pltfm_port_info_get:882 pltfm_interface.pltfm_front_panel_port_get_next: 9/1
2025-04-10 03:27:34.296295 DEBUG BF_PM pm_pltfm_port_info_get:956 dev : 0 : port : 9/2 (d_p=62) added to bf_pm_port_map_db
2025-04-10 03:27:34.296324 DEBUG BF_PM pm_pltfm_port_info_get:882 pltfm_interface.pltfm_front_panel_port_get_next: 9/2
2025-04-10 03:27:34.296380 DEBUG BF_PM pm_pltfm_port_info_get:956 dev : 0 : port : 9/3 (d_p=63) added to bf_pm_port_map_db
2025-04-10 03:27:34.296399 DEBUG BF_PM pm_pltfm_port_info_get:882 pltfm_interface.pltfm_front_panel_port_get_next: 9/3
2025-04-10 03:27:34.296465 DEBUG BF_PM pm_pltfm_port_info_get:956 dev : 0 : port : 10/0 (d_p=52) added to bf_pm_port_map_db
2025-04-10 03:27:34.296494 DEBUG BF_PM pm_pltfm_port_info_get:882 pltfm_interface.pltfm_front_panel_port_get_next: 10/0
2025-04-10 03:27:34.296543 DEBUG BF_PM pm_pltfm_port_info_get:956 dev : 0 : port : 10/1 (d_p=53) added to bf_pm_port_map_db
2025-04-10 03:27:34.296562 DEBUG BF_PM pm_pltfm_port_info_get:882 pltfm_interface.pltfm_front_panel_port_get_next: 10/1
2025-04-10 03:27:34.296633 DEBUG BF_PM pm_pltfm_port_info_get:956 dev : 0 : port : 10/2 (d_p=54) added to bf_pm_port_map_db
2025-04-10 03:27:34.296661 DEBUG BF_PM pm_pltfm_port_info_get:882 pltfm_interface.pltfm_front_panel_port_get_next: 10/2
2025-04-10 03:27:34.296743 DEBUG BF_PM pm_pltfm_port_info_get:956 dev : 0 : port : 10/3 (d_p=55) added to bf_pm_port_map_db
2025-04-10 03:27:34.296763 DEBUG BF_PM pm_pltfm_port_info_get:882 pltfm_interface.pltfm_front_panel_port_get_next: 10/3
2025-04-10 03:27:34.296819 DEBUG BF_PM pm_pltfm_port_info_get:956 dev : 0 : port : 11/0 (d_p=44) added to bf_pm_port_map_db
2025-04-10 03:27:34.296848 DEBUG BF_PM pm_pltfm_port_info_get:882 pltfm_interface.pltfm_front_panel_port_get_next: 11/0
2025-04-10 03:27:34.296905 DEBUG BF_PM pm_pltfm_port_info_get:956 dev : 0 : port : 11/1 (d_p=45) added to bf_pm_port_map_db
2025-04-10 03:27:34.296924 DEBUG BF_PM pm_pltfm_port_info_get:882 pltfm_interface.pltfm_front_panel_port_get_next: 11/1
2025-04-10 03:27:34.296991 DEBUG BF_PM pm_pltfm_port_info_get:956 dev : 0 : port : 11/2 (d_p=46) added to bf_pm_port_map_db
2025-04-10 03:27:34.297034 DEBUG BF_PM pm_pltfm_port_info_get:882 pltfm_interface.pltfm_front_panel_port_get_next: 11/2
2025-04-10 03:27:34.297082 DEBUG BF_PM pm_pltfm_port_info_get:956 dev : 0 : port : 11/3 (d_p=47) added to bf_pm_port_map_db
2025-04-10 03:27:34.297137 DEBUG BF_PM pm_pltfm_port_info_get:882 pltfm_interface.pltfm_front_panel_port_get_next: 11/3
2025-04-10 03:27:34.297186 DEBUG BF_PM pm_pltfm_port_info_get:956 dev : 0 : port : 12/0 (d_p=36) added to bf_pm_port_map_db
2025-04-10 03:27:34.297215 DEBUG BF_PM pm_pltfm_port_info_get:882 pltfm_interface.pltfm_front_panel_port_get_next: 12/0
2025-04-10 03:27:34.297264 DEBUG BF_PM pm_pltfm_port_info_get:956 dev : 0 : port : 12/1 (d_p=37) added to bf_pm_port_map_db
2025-04-10 03:27:34.297283 DEBUG BF_PM pm_pltfm_port_info_get:882 pltfm_interface.pltfm_front_panel_port_get_next: 12/1
2025-04-10 03:27:34.297349 DEBUG BF_PM pm_pltfm_port_info_get:956 dev : 0 : port : 12/2 (d_p=38) added to bf_pm_port_map_db
2025-04-10 03:27:34.297378 DEBUG BF_PM pm_pltfm_port_info_get:882 pltfm_interface.pltfm_front_panel_port_get_next: 12/2
2025-04-10 03:27:34.297456 DEBUG BF_PM pm_pltfm_port_info_get:956 dev : 0 : port : 12/3 (d_p=39) added to bf_pm_port_map_db
2025-04-10 03:27:34.297475 DEBUG BF_PM pm_pltfm_port_info_get:882 pltfm_interface.pltfm_front_panel_port_get_next: 12/3
2025-04-10 03:27:34.297551 DEBUG BF_PM pm_pltfm_port_info_get:956 dev : 0 : port : 13/0 (d_p=28) added to bf_pm_port_map_db
2025-04-10 03:27:34.297579 DEBUG BF_PM pm_pltfm_port_info_get:882 pltfm_interface.pltfm_front_panel_port_get_next: 13/0
2025-04-10 03:27:34.297637 DEBUG BF_PM pm_pltfm_port_info_get:956 dev : 0 : port : 13/1 (d_p=29) added to bf_pm_port_map_db
2025-04-10 03:27:34.297656 DEBUG BF_PM pm_pltfm_port_info_get:882 pltfm_interface.pltfm_front_panel_port_get_next: 13/1
2025-04-10 03:27:34.297705 DEBUG BF_PM pm_pltfm_port_info_get:956 dev : 0 : port : 13/2 (d_p=30) added to bf_pm_port_map_db
2025-04-10 03:27:34.297733 DEBUG BF_PM pm_pltfm_port_info_get:882 pltfm_interface.pltfm_front_panel_port_get_next: 13/2
2025-04-10 03:27:34.297809 DEBUG BF_PM pm_pltfm_port_info_get:956 dev : 0 : port : 13/3 (d_p=31) added to bf_pm_port_map_db
2025-04-10 03:27:34.297843 DEBUG BF_PM pm_pltfm_port_info_get:882 pltfm_interface.pltfm_front_panel_port_get_next: 13/3
2025-04-10 03:27:34.297915 DEBUG BF_PM pm_pltfm_port_info_get:956 dev : 0 : port : 14/0 (d_p=20) added to bf_pm_port_map_db
2025-04-10 03:27:34.297943 DEBUG BF_PM pm_pltfm_port_info_get:882 pltfm_interface.pltfm_front_panel_port_get_next: 14/0
2025-04-10 03:27:34.297992 DEBUG BF_PM pm_pltfm_port_info_get:956 dev : 0 : port : 14/1 (d_p=21) added to bf_pm_port_map_db
2025-04-10 03:27:34.298011 DEBUG BF_PM pm_pltfm_port_info_get:882 pltfm_interface.pltfm_front_panel_port_get_next: 14/1
2025-04-10 03:27:34.298060 DEBUG BF_PM pm_pltfm_port_info_get:956 dev : 0 : port : 14/2 (d_p=22) added to bf_pm_port_map_db
2025-04-10 03:27:34.298088 DEBUG BF_PM pm_pltfm_port_info_get:882 pltfm_interface.pltfm_front_panel_port_get_next: 14/2
2025-04-10 03:27:34.298158 DEBUG BF_PM pm_pltfm_port_info_get:956 dev : 0 : port : 14/3 (d_p=23) added to bf_pm_port_map_db
2025-04-10 03:27:34.298185 DEBUG BF_PM pm_pltfm_port_info_get:882 pltfm_interface.pltfm_front_panel_port_get_next: 14/3
2025-04-10 03:27:34.298242 DEBUG BF_PM pm_pltfm_port_info_get:956 dev : 0 : port : 15/0 (d_p=12) added to bf_pm_port_map_db
2025-04-10 03:27:34.298271 DEBUG BF_PM pm_pltfm_port_info_get:882 pltfm_interface.pltfm_front_panel_port_get_next: 15/0
2025-04-10 03:27:34.298319 DEBUG BF_PM pm_pltfm_port_info_get:956 dev : 0 : port : 15/1 (d_p=13) added to bf_pm_port_map_db
2025-04-10 03:27:34.298346 DEBUG BF_PM pm_pltfm_port_info_get:882 pltfm_interface.pltfm_front_panel_port_get_next: 15/1
2025-04-10 03:27:34.298395 DEBUG BF_PM pm_pltfm_port_info_get:956 dev : 0 : port : 15/2 (d_p=14) added to bf_pm_port_map_db
2025-04-10 03:27:34.298423 DEBUG BF_PM pm_pltfm_port_info_get:882 pltfm_interface.pltfm_front_panel_port_get_next: 15/2
2025-04-10 03:27:34.298472 DEBUG BF_PM pm_pltfm_port_info_get:956 dev : 0 : port : 15/3 (d_p=15) added to bf_pm_port_map_db
2025-04-10 03:27:34.298491 DEBUG BF_PM pm_pltfm_port_info_get:882 pltfm_interface.pltfm_front_panel_port_get_next: 15/3
2025-04-10 03:27:34.298556 DEBUG BF_PM pm_pltfm_port_info_get:956 dev : 0 : port : 16/0 (d_p=4) added to bf_pm_port_map_db
2025-04-10 03:27:34.298599 DEBUG BF_PM pm_pltfm_port_info_get:882 pltfm_interface.pltfm_front_panel_port_get_next: 16/0
2025-04-10 03:27:34.298655 DEBUG BF_PM pm_pltfm_port_info_get:956 dev : 0 : port : 16/1 (d_p=5) added to bf_pm_port_map_db
2025-04-10 03:27:34.298690 DEBUG BF_PM pm_pltfm_port_info_get:882 pltfm_interface.pltfm_front_panel_port_get_next: 16/1
2025-04-10 03:27:34.298747 DEBUG BF_PM pm_pltfm_port_info_get:956 dev : 0 : port : 16/2 (d_p=6) added to bf_pm_port_map_db
2025-04-10 03:27:34.298775 DEBUG BF_PM pm_pltfm_port_info_get:882 pltfm_interface.pltfm_front_panel_port_get_next: 16/2
2025-04-10 03:27:34.298835 DEBUG BF_PM pm_pltfm_port_info_get:956 dev : 0 : port : 16/3 (d_p=7) added to bf_pm_port_map_db
2025-04-10 03:27:34.298854 DEBUG BF_PM pm_pltfm_port_info_get:882 pltfm_interface.pltfm_front_panel_port_get_next: 16/3
2025-04-10 03:27:34.298911 DEBUG BF_PM pm_pltfm_port_info_get:956 dev : 0 : port : 17/0 (d_p=0) added to bf_pm_port_map_db
2025-04-10 03:27:34.298939 DEBUG BF_PM pm_pltfm_port_info_get:882 pltfm_interface.pltfm_front_panel_port_get_next: 17/0
2025-04-10 03:27:34.299010 DEBUG BF_PM pm_pltfm_port_info_get:956 dev : 0 : port : 17/1 (d_p=1) added to bf_pm_port_map_db
2025-04-10 03:27:34.299028 DEBUG BF_PM pm_pltfm_port_info_get:882 pltfm_interface.pltfm_front_panel_port_get_next: 17/1
2025-04-10 03:27:34.299093 DEBUG BF_PM pm_pltfm_port_info_get:956 dev : 0 : port : 17/2 (d_p=2) added to bf_pm_port_map_db
2025-04-10 03:27:34.299140 DEBUG BF_PM pm_pltfm_port_info_get:882 pltfm_interface.pltfm_front_panel_port_get_next: 17/2
2025-04-10 03:27:34.299206 DEBUG BF_PM pm_pltfm_port_info_get:956 dev : 0 : port : 17/3 (d_p=3) added to bf_pm_port_map_db
2025-04-10 03:27:34.299227 DEBUG BF_PM pm_pltfm_port_info_get:882 pltfm_interface.pltfm_front_panel_port_get_next: 17/3
2025-04-10 03:27:34.299284 DEBUG BF_PM pm_pltfm_port_info_get:956 dev : 0 : port : 18/0 (d_p=8) added to bf_pm_port_map_db
2025-04-10 03:27:34.299312 DEBUG BF_PM pm_pltfm_port_info_get:882 pltfm_interface.pltfm_front_panel_port_get_next: 18/0
2025-04-10 03:27:34.299361 DEBUG BF_PM pm_pltfm_port_info_get:956 dev : 0 : port : 18/1 (d_p=9) added to bf_pm_port_map_db
2025-04-10 03:27:34.299388 DEBUG BF_PM pm_pltfm_port_info_get:882 pltfm_interface.pltfm_front_panel_port_get_next: 18/1
2025-04-10 03:27:34.299450 DEBUG BF_PM pm_pltfm_port_info_get:956 dev : 0 : port : 18/2 (d_p=10) added to bf_pm_port_map_db
2025-04-10 03:27:34.299471 DEBUG BF_PM pm_pltfm_port_info_get:882 pltfm_interface.pltfm_front_panel_port_get_next: 18/2
2025-04-10 03:27:34.299552 DEBUG BF_PM pm_pltfm_port_info_get:956 dev : 0 : port : 18/3 (d_p=11) added to bf_pm_port_map_db
2025-04-10 03:27:34.299571 DEBUG BF_PM pm_pltfm_port_info_get:882 pltfm_interface.pltfm_front_panel_port_get_next: 18/3
2025-04-10 03:27:34.299627 DEBUG BF_PM pm_pltfm_port_info_get:956 dev : 0 : port : 19/0 (d_p=24) added to bf_pm_port_map_db
2025-04-10 03:27:34.299655 DEBUG BF_PM pm_pltfm_port_info_get:882 pltfm_interface.pltfm_front_panel_port_get_next: 19/0
2025-04-10 03:27:34.299713 DEBUG BF_PM pm_pltfm_port_info_get:956 dev : 0 : port : 19/1 (d_p=25) added to bf_pm_port_map_db
2025-04-10 03:27:34.299732 DEBUG BF_PM pm_pltfm_port_info_get:882 pltfm_interface.pltfm_front_panel_port_get_next: 19/1
2025-04-10 03:27:34.299789 DEBUG BF_PM pm_pltfm_port_info_get:956 dev : 0 : port : 19/2 (d_p=26) added to bf_pm_port_map_db
2025-04-10 03:27:34.299832 DEBUG BF_PM pm_pltfm_port_info_get:882 pltfm_interface.pltfm_front_panel_port_get_next: 19/2
2025-04-10 03:27:34.299904 DEBUG BF_PM pm_pltfm_port_info_get:956 dev : 0 : port : 19/3 (d_p=27) added to bf_pm_port_map_db
2025-04-10 03:27:34.299915 DEBUG BF_PM pm_pltfm_port_info_get:882 pltfm_interface.pltfm_front_panel_port_get_next: 19/3
2025-04-10 03:27:34.299956 DEBUG BF_PM pm_pltfm_port_info_get:956 dev : 0 : port : 20/0 (d_p=16) added to bf_pm_port_map_db
2025-04-10 03:27:34.299977 DEBUG BF_PM pm_pltfm_port_info_get:882 pltfm_interface.pltfm_front_panel_port_get_next: 20/0
2025-04-10 03:27:34.300026 DEBUG BF_PM pm_pltfm_port_info_get:956 dev : 0 : port : 20/1 (d_p=17) added to bf_pm_port_map_db
2025-04-10 03:27:34.300045 DEBUG BF_PM pm_pltfm_port_info_get:882 pltfm_interface.pltfm_front_panel_port_get_next: 20/1
2025-04-10 03:27:34.300114 DEBUG BF_PM pm_pltfm_port_info_get:956 dev : 0 : port : 20/2 (d_p=18) added to bf_pm_port_map_db
2025-04-10 03:27:34.300152 DEBUG BF_PM pm_pltfm_port_info_get:882 pltfm_interface.pltfm_front_panel_port_get_next: 20/2
2025-04-10 03:27:34.300219 DEBUG BF_PM pm_pltfm_port_info_get:956 dev : 0 : port : 20/3 (d_p=19) added to bf_pm_port_map_db
2025-04-10 03:27:34.300238 DEBUG BF_PM pm_pltfm_port_info_get:882 pltfm_interface.pltfm_front_panel_port_get_next: 20/3
2025-04-10 03:27:34.300294 DEBUG BF_PM pm_pltfm_port_info_get:956 dev : 0 : port : 21/0 (d_p=40) added to bf_pm_port_map_db
2025-04-10 03:27:34.300323 DEBUG BF_PM pm_pltfm_port_info_get:882 pltfm_interface.pltfm_front_panel_port_get_next: 21/0
2025-04-10 03:27:34.300371 DEBUG BF_PM pm_pltfm_port_info_get:956 dev : 0 : port : 21/1 (d_p=41) added to bf_pm_port_map_db
2025-04-10 03:27:34.300390 DEBUG BF_PM pm_pltfm_port_info_get:882 pltfm_interface.pltfm_front_panel_port_get_next: 21/1
2025-04-10 03:27:34.300439 DEBUG BF_PM pm_pltfm_port_info_get:956 dev : 0 : port : 21/2 (d_p=42) added to bf_pm_port_map_db
2025-04-10 03:27:34.300467 DEBUG BF_PM pm_pltfm_port_info_get:882 pltfm_interface.pltfm_front_panel_port_get_next: 21/2
2025-04-10 03:27:34.300523 DEBUG BF_PM pm_pltfm_port_info_get:956 dev : 0 : port : 21/3 (d_p=43) added to bf_pm_port_map_db
2025-04-10 03:27:34.300542 DEBUG BF_PM pm_pltfm_port_info_get:882 pltfm_interface.pltfm_front_panel_port_get_next: 21/3
2025-04-10 03:27:34.300605 DEBUG BF_PM pm_pltfm_port_info_get:956 dev : 0 : port : 22/0 (d_p=32) added to bf_pm_port_map_db
2025-04-10 03:27:34.300643 DEBUG BF_PM pm_pltfm_port_info_get:882 pltfm_interface.pltfm_front_panel_port_get_next: 22/0
2025-04-10 03:27:34.300709 DEBUG BF_PM pm_pltfm_port_info_get:956 dev : 0 : port : 22/1 (d_p=33) added to bf_pm_port_map_db
2025-04-10 03:27:34.300728 DEBUG BF_PM pm_pltfm_port_info_get:882 pltfm_interface.pltfm_front_panel_port_get_next: 22/1
2025-04-10 03:27:34.300776 DEBUG BF_PM pm_pltfm_port_info_get:956 dev : 0 : port : 22/2 (d_p=34) added to bf_pm_port_map_db
2025-04-10 03:27:34.300804 DEBUG BF_PM pm_pltfm_port_info_get:882 pltfm_interface.pltfm_front_panel_port_get_next: 22/2
2025-04-10 03:27:34.300853 DEBUG BF_PM pm_pltfm_port_info_get:956 dev : 0 : port : 22/3 (d_p=35) added to bf_pm_port_map_db
2025-04-10 03:27:34.300872 DEBUG BF_PM pm_pltfm_port_info_get:882 pltfm_interface.pltfm_front_panel_port_get_next: 22/3
2025-04-10 03:27:34.300928 DEBUG BF_PM pm_pltfm_port_info_get:956 dev : 0 : port : 23/0 (d_p=56) added to bf_pm_port_map_db
2025-04-10 03:27:34.300956 DEBUG BF_PM pm_pltfm_port_info_get:882 pltfm_interface.pltfm_front_panel_port_get_next: 23/0
2025-04-10 03:27:34.301027 DEBUG BF_PM pm_pltfm_port_info_get:956 dev : 0 : port : 23/1 (d_p=57) added to bf_pm_port_map_db
2025-04-10 03:27:34.301046 DEBUG BF_PM pm_pltfm_port_info_get:882 pltfm_interface.pltfm_front_panel_port_get_next: 23/1
2025-04-10 03:27:34.301121 DEBUG BF_PM pm_pltfm_port_info_get:956 dev : 0 : port : 23/2 (d_p=58) added to bf_pm_port_map_db
2025-04-10 03:27:34.301158 DEBUG BF_PM pm_pltfm_port_info_get:882 pltfm_interface.pltfm_front_panel_port_get_next: 23/2
2025-04-10 03:27:34.301206 DEBUG BF_PM pm_pltfm_port_info_get:956 dev : 0 : port : 23/3 (d_p=59) added to bf_pm_port_map_db
2025-04-10 03:27:34.301225 DEBUG BF_PM pm_pltfm_port_info_get:882 pltfm_interface.pltfm_front_panel_port_get_next: 23/3
2025-04-10 03:27:34.301281 DEBUG BF_PM pm_pltfm_port_info_get:956 dev : 0 : port : 24/0 (d_p=48) added to bf_pm_port_map_db
2025-04-10 03:27:34.301302 DEBUG BF_PM pm_pltfm_port_info_get:882 pltfm_interface.pltfm_front_panel_port_get_next: 24/0
2025-04-10 03:27:34.301359 DEBUG BF_PM pm_pltfm_port_info_get:956 dev : 0 : port : 24/1 (d_p=49) added to bf_pm_port_map_db
2025-04-10 03:27:34.301378 DEBUG BF_PM pm_pltfm_port_info_get:882 pltfm_interface.pltfm_front_panel_port_get_next: 24/1
2025-04-10 03:27:34.301444 DEBUG BF_PM pm_pltfm_port_info_get:956 dev : 0 : port : 24/2 (d_p=50) added to bf_pm_port_map_db
2025-04-10 03:27:34.301487 DEBUG BF_PM pm_pltfm_port_info_get:882 pltfm_interface.pltfm_front_panel_port_get_next: 24/2
2025-04-10 03:27:34.301570 DEBUG BF_PM pm_pltfm_port_info_get:956 dev : 0 : port : 24/3 (d_p=51) added to bf_pm_port_map_db
2025-04-10 03:27:34.301589 DEBUG BF_PM pm_pltfm_port_info_get:882 pltfm_interface.pltfm_front_panel_port_get_next: 24/3
2025-04-10 03:27:34.301638 DEBUG BF_PM pm_pltfm_port_info_get:956 dev : 0 : port : 25/0 (d_p=180) added to bf_pm_port_map_db
2025-04-10 03:27:34.301666 DEBUG BF_PM pm_pltfm_port_info_get:882 pltfm_interface.pltfm_front_panel_port_get_next: 25/0
2025-04-10 03:27:34.301731 DEBUG BF_PM pm_pltfm_port_info_get:956 dev : 0 : port : 25/1 (d_p=181) added to bf_pm_port_map_db
2025-04-10 03:27:34.301750 DEBUG BF_PM pm_pltfm_port_info_get:882 pltfm_interface.pltfm_front_panel_port_get_next: 25/1
2025-04-10 03:27:34.301822 DEBUG BF_PM pm_pltfm_port_info_get:956 dev : 0 : port : 25/2 (d_p=182) added to bf_pm_port_map_db
2025-04-10 03:27:34.301849 DEBUG BF_PM pm_pltfm_port_info_get:882 pltfm_interface.pltfm_front_panel_port_get_next: 25/2
2025-04-10 03:27:34.301922 DEBUG BF_PM pm_pltfm_port_info_get:956 dev : 0 : port : 25/3 (d_p=183) added to bf_pm_port_map_db
2025-04-10 03:27:34.301941 DEBUG BF_PM pm_pltfm_port_info_get:882 pltfm_interface.pltfm_front_panel_port_get_next: 25/3
2025-04-10 03:27:34.301998 DEBUG BF_PM pm_pltfm_port_info_get:956 dev : 0 : port : 26/0 (d_p=188) added to bf_pm_port_map_db
2025-04-10 03:27:34.302026 DEBUG BF_PM pm_pltfm_port_info_get:882 pltfm_interface.pltfm_front_panel_port_get_next: 26/0
2025-04-10 03:27:34.302084 DEBUG BF_PM pm_pltfm_port_info_get:956 dev : 0 : port : 26/1 (d_p=189) added to bf_pm_port_map_db
2025-04-10 03:27:34.302115 DEBUG BF_PM pm_pltfm_port_info_get:882 pltfm_interface.pltfm_front_panel_port_get_next: 26/1
2025-04-10 03:27:34.302181 DEBUG BF_PM pm_pltfm_port_info_get:956 dev : 0 : port : 26/2 (d_p=190) added to bf_pm_port_map_db
2025-04-10 03:27:34.302210 DEBUG BF_PM pm_pltfm_port_info_get:882 pltfm_interface.pltfm_front_panel_port_get_next: 26/2
2025-04-10 03:27:34.302259 DEBUG BF_PM pm_pltfm_port_info_get:956 dev : 0 : port : 26/3 (d_p=191) added to bf_pm_port_map_db
2025-04-10 03:27:34.302278 DEBUG BF_PM pm_pltfm_port_info_get:882 pltfm_interface.pltfm_front_panel_port_get_next: 26/3
2025-04-10 03:27:34.302342 DEBUG BF_PM pm_pltfm_port_info_get:956 dev : 0 : port : 27/0 (d_p=164) added to bf_pm_port_map_db
2025-04-10 03:27:34.302362 DEBUG BF_PM pm_pltfm_port_info_get:882 pltfm_interface.pltfm_front_panel_port_get_next: 27/0
2025-04-10 03:27:34.302427 DEBUG BF_PM pm_pltfm_port_info_get:956 dev : 0 : port : 27/1 (d_p=165) added to bf_pm_port_map_db
2025-04-10 03:27:34.302446 DEBUG BF_PM pm_pltfm_port_info_get:882 pltfm_interface.pltfm_front_panel_port_get_next: 27/1
2025-04-10 03:27:34.302495 DEBUG BF_PM pm_pltfm_port_info_get:956 dev : 0 : port : 27/2 (d_p=166) added to bf_pm_port_map_db
2025-04-10 03:27:34.302531 DEBUG BF_PM pm_pltfm_port_info_get:882 pltfm_interface.pltfm_front_panel_port_get_next: 27/2
2025-04-10 03:27:34.302594 DEBUG BF_PM pm_pltfm_port_info_get:956 dev : 0 : port : 27/3 (d_p=167) added to bf_pm_port_map_db
2025-04-10 03:27:34.302621 DEBUG BF_PM pm_pltfm_port_info_get:882 pltfm_interface.pltfm_front_panel_port_get_next: 27/3
2025-04-10 03:27:34.302686 DEBUG BF_PM pm_pltfm_port_info_get:956 dev : 0 : port : 28/0 (d_p=172) added to bf_pm_port_map_db
2025-04-10 03:27:34.302714 DEBUG BF_PM pm_pltfm_port_info_get:882 pltfm_interface.pltfm_front_panel_port_get_next: 28/0
2025-04-10 03:27:34.302763 DEBUG BF_PM pm_pltfm_port_info_get:956 dev : 0 : port : 28/1 (d_p=173) added to bf_pm_port_map_db
2025-04-10 03:27:34.302782 DEBUG BF_PM pm_pltfm_port_info_get:882 pltfm_interface.pltfm_front_panel_port_get_next: 28/1
2025-04-10 03:27:34.302833 DEBUG BF_PM pm_pltfm_port_info_get:956 dev : 0 : port : 28/2 (d_p=174) added to bf_pm_port_map_db
2025-04-10 03:27:34.302862 DEBUG BF_PM pm_pltfm_port_info_get:882 pltfm_interface.pltfm_front_panel_port_get_next: 28/2
2025-04-10 03:27:34.302918 DEBUG BF_PM pm_pltfm_port_info_get:956 dev : 0 : port : 28/3 (d_p=175) added to bf_pm_port_map_db
2025-04-10 03:27:34.302937 DEBUG BF_PM pm_pltfm_port_info_get:882 pltfm_interface.pltfm_front_panel_port_get_next: 28/3
2025-04-10 03:27:34.302999 DEBUG BF_PM pm_pltfm_port_info_get:956 dev : 0 : port : 29/0 (d_p=156) added to bf_pm_port_map_db
2025-04-10 03:27:34.303027 DEBUG BF_PM pm_pltfm_port_info_get:882 pltfm_interface.pltfm_front_panel_port_get_next: 29/0
2025-04-10 03:27:34.303111 DEBUG BF_PM pm_pltfm_port_info_get:956 dev : 0 : port : 29/1 (d_p=157) added to bf_pm_port_map_db
2025-04-10 03:27:34.303130 DEBUG BF_PM pm_pltfm_port_info_get:882 pltfm_interface.pltfm_front_panel_port_get_next: 29/1
2025-04-10 03:27:34.303187 DEBUG BF_PM pm_pltfm_port_info_get:956 dev : 0 : port : 29/2 (d_p=158) added to bf_pm_port_map_db
2025-04-10 03:27:34.303215 DEBUG BF_PM pm_pltfm_port_info_get:882 pltfm_interface.pltfm_front_panel_port_get_next: 29/2
2025-04-10 03:27:34.303264 DEBUG BF_PM pm_pltfm_port_info_get:956 dev : 0 : port : 29/3 (d_p=159) added to bf_pm_port_map_db
2025-04-10 03:27:34.303284 DEBUG BF_PM pm_pltfm_port_info_get:882 pltfm_interface.pltfm_front_panel_port_get_next: 29/3
2025-04-10 03:27:34.303332 DEBUG BF_PM pm_pltfm_port_info_get:956 dev : 0 : port : 30/0 (d_p=148) added to bf_pm_port_map_db
2025-04-10 03:27:34.303360 DEBUG BF_PM pm_pltfm_port_info_get:882 pltfm_interface.pltfm_front_panel_port_get_next: 30/0
2025-04-10 03:27:34.303432 DEBUG BF_PM pm_pltfm_port_info_get:956 dev : 0 : port : 30/1 (d_p=149) added to bf_pm_port_map_db
2025-04-10 03:27:34.303467 DEBUG BF_PM pm_pltfm_port_info_get:882 pltfm_interface.pltfm_front_panel_port_get_next: 30/1
2025-04-10 03:27:34.303533 DEBUG BF_PM pm_pltfm_port_info_get:956 dev : 0 : port : 30/2 (d_p=150) added to bf_pm_port_map_db
2025-04-10 03:27:34.303562 DEBUG BF_PM pm_pltfm_port_info_get:882 pltfm_interface.pltfm_front_panel_port_get_next: 30/2
2025-04-10 03:27:34.303618 DEBUG BF_PM pm_pltfm_port_info_get:956 dev : 0 : port : 30/3 (d_p=151) added to bf_pm_port_map_db
2025-04-10 03:27:34.303637 DEBUG BF_PM pm_pltfm_port_info_get:882 pltfm_interface.pltfm_front_panel_port_get_next: 30/3
2025-04-10 03:27:34.303694 DEBUG BF_PM pm_pltfm_port_info_get:956 dev : 0 : port : 31/0 (d_p=140) added to bf_pm_port_map_db
2025-04-10 03:27:34.303722 DEBUG BF_PM pm_pltfm_port_info_get:882 pltfm_interface.pltfm_front_panel_port_get_next: 31/0
2025-04-10 03:27:34.303771 DEBUG BF_PM pm_pltfm_port_info_get:956 dev : 0 : port : 31/1 (d_p=141) added to bf_pm_port_map_db
2025-04-10 03:27:34.303804 DEBUG BF_PM pm_pltfm_port_info_get:882 pltfm_interface.pltfm_front_panel_port_get_next: 31/1
2025-04-10 03:27:34.303885 DEBUG BF_PM pm_pltfm_port_info_get:956 dev : 0 : port : 31/2 (d_p=142) added to bf_pm_port_map_db
2025-04-10 03:27:34.303912 DEBUG BF_PM pm_pltfm_port_info_get:882 pltfm_interface.pltfm_front_panel_port_get_next: 31/2
2025-04-10 03:27:34.303962 DEBUG BF_PM pm_pltfm_port_info_get:956 dev : 0 : port : 31/3 (d_p=143) added to bf_pm_port_map_db
2025-04-10 03:27:34.303981 DEBUG BF_PM pm_pltfm_port_info_get:882 pltfm_interface.pltfm_front_panel_port_get_next: 31/3
2025-04-10 03:27:34.304038 DEBUG BF_PM pm_pltfm_port_info_get:956 dev : 0 : port : 32/0 (d_p=132) added to bf_pm_port_map_db
2025-04-10 03:27:34.304066 DEBUG BF_PM pm_pltfm_port_info_get:882 pltfm_interface.pltfm_front_panel_port_get_next: 32/0
2025-04-10 03:27:34.304136 DEBUG BF_PM pm_pltfm_port_info_get:956 dev : 0 : port : 32/1 (d_p=133) added to bf_pm_port_map_db
2025-04-10 03:27:34.304164 DEBUG BF_PM pm_pltfm_port_info_get:882 pltfm_interface.pltfm_front_panel_port_get_next: 32/1
2025-04-10 03:27:34.304221 DEBUG BF_PM pm_pltfm_port_info_get:956 dev : 0 : port : 32/2 (d_p=134) added to bf_pm_port_map_db
2025-04-10 03:27:34.304249 DEBUG BF_PM pm_pltfm_port_info_get:882 pltfm_interface.pltfm_front_panel_port_get_next: 32/2
2025-04-10 03:27:34.304312 DEBUG BF_PM pm_pltfm_port_info_get:956 dev : 0 : port : 32/3 (d_p=135) added to bf_pm_port_map_db
2025-04-10 03:27:34.304331 DEBUG BF_PM pm_pltfm_port_info_get:882 pltfm_interface.pltfm_front_panel_port_get_next: 32/3
2025-04-10 03:27:34.304389 DEBUG BF_PM pm_pltfm_port_info_get:956 dev : 0 : port : 33/0 (d_p=64) added to bf_pm_port_map_db
2025-04-10 03:27:34.304417 DEBUG BF_PM pm_pltfm_port_info_get:882 pltfm_interface.pltfm_front_panel_port_get_next: 33/0
2025-04-10 03:27:34.304474 DEBUG BF_PM pm_pltfm_port_info_get:956 dev : 0 : port : 33/1 (d_p=65) added to bf_pm_port_map_db
2025-04-10 03:27:34.304493 DEBUG BF_PM pm_pltfm_port_info_get:882 pltfm_interface.pltfm_front_panel_port_get_next: 33/1
2025-04-10 03:27:34.304564 DEBUG BF_PM pm_pltfm_port_info_get:956 dev : 0 : port : 33/2 (d_p=66) added to bf_pm_port_map_db
2025-04-10 03:27:34.304592 DEBUG BF_PM pm_pltfm_port_info_get:882 pltfm_interface.pltfm_front_panel_port_get_next: 33/2
2025-04-10 03:27:34.304665 DEBUG BF_PM pm_pltfm_port_info_get:956 dev : 0 : port : 33/3 (d_p=67) added to bf_pm_port_map_db
2025-04-10 03:27:34.304684 DEBUG BF_PM pm_pltfm_port_info_get:882 pltfm_interface.pltfm_front_panel_port_get_next: 33/3
2025-04-10 03:27:34.305380 DEBUG BF_PORT SDS : 23/ 0 : 0: 38:-: Lane map: Rx: <0, 1, 2, 3> : Tx: <0, 1, 2, 3>
2025-04-10 03:27:34.305563 DEBUG BF_PORT SDS : 24/ 0 : 0: 30:-: Lane map: Rx: <0, 1, 2, 3> : Tx: <0, 1, 2, 3>
2025-04-10 03:27:34.305640 DEBUG BF_PORT SDS : 21/ 0 : 0: 28:-: Lane map: Rx: <0, 1, 2, 3> : Tx: <0, 1, 2, 3>
2025-04-10 03:27:34.305740 DEBUG BF_PORT SDS : 22/ 0 : 0: 20:-: Lane map: Rx: <0, 1, 2, 3> : Tx: <0, 1, 2, 3>
2025-04-10 03:27:34.305832 DEBUG BF_PORT SDS : 19/ 0 : 0: 18:-: Lane map: Rx: <0, 1, 2, 3> : Tx: <0, 1, 2, 3>
2025-04-10 03:27:34.305918 DEBUG BF_PORT SDS : 20/ 0 : 0: 10:-: Lane map: Rx: <0, 1, 2, 3> : Tx: <0, 1, 2, 3>
2025-04-10 03:27:34.305989 DEBUG BF_PORT SDS : 18/ 0 : 0:  8:-: Lane map: Rx: <0, 1, 2, 3> : Tx: <0, 1, 2, 3>
2025-04-10 03:27:34.306057 DEBUG BF_PORT SDS : 17/ 0 : 0:  0:-: Lane map: Rx: <0, 1, 2, 3> : Tx: <0, 1, 2, 3>
2025-04-10 03:27:34.306207 DEBUG BF_PORT SDS : 16/ 0 : 0:  4:-: Lane map: Rx: <0, 1, 2, 3> : Tx: <0, 1, 2, 3>
2025-04-10 03:27:34.306302 DEBUG BF_PORT SDS : 15/ 0 : 0:  c:-: Lane map: Rx: <0, 1, 2, 3> : Tx: <0, 1, 2, 3>
2025-04-10 03:27:34.306361 DEBUG BF_PORT SDS : 14/ 0 : 0: 14:-: Lane map: Rx: <0, 1, 2, 3> : Tx: <0, 1, 2, 3>
2025-04-10 03:27:34.306437 DEBUG BF_PORT SDS : 13/ 0 : 0: 1c:-: Lane map: Rx: <0, 1, 2, 3> : Tx: <0, 1, 2, 3>
2025-04-10 03:27:34.306527 DEBUG BF_PORT SDS : 12/ 0 : 0: 24:-: Lane map: Rx: <0, 1, 2, 3> : Tx: <0, 1, 2, 3>
2025-04-10 03:27:34.306618 DEBUG BF_PORT SDS : 11/ 0 : 0: 2c:-: Lane map: Rx: <0, 1, 2, 3> : Tx: <0, 1, 2, 3>
2025-04-10 03:27:34.306677 DEBUG BF_PORT SDS : 10/ 0 : 0: 34:-: Lane map: Rx: <0, 1, 2, 3> : Tx: <0, 1, 2, 3>
2025-04-10 03:27:34.306743 DEBUG BF_PORT SDS : 9/ 0 : 0: 3c:-: Lane map: Rx: <0, 1, 2, 3> : Tx: <0, 1, 2, 3>
2025-04-10 03:27:34.306809 DEBUG BF_PORT SDS : 8/ 0 : 0: b8:-: Lane map: Rx: <0, 1, 2, 3> : Tx: <0, 1, 2, 3>
2025-04-10 03:27:34.306883 DEBUG BF_PORT SDS : 7/ 0 : 0: b0:-: Lane map: Rx: <0, 1, 2, 3> : Tx: <0, 1, 2, 3>
2025-04-10 03:27:34.306956 DEBUG BF_PORT SDS : 6/ 0 : 0: a8:-: Lane map: Rx: <0, 1, 2, 3> : Tx: <0, 1, 2, 3>
2025-04-10 03:27:34.307007 DEBUG BF_PORT SDS : 5/ 0 : 0: a0:-: Lane map: Rx: <0, 1, 2, 3> : Tx: <0, 1, 2, 3>
2025-04-10 03:27:34.307064 DEBUG BF_PORT SDS : 4/ 0 : 0: 98:-: Lane map: Rx: <0, 1, 2, 3> : Tx: <0, 1, 2, 3>
2025-04-10 03:27:34.307110 DEBUG BF_PORT SDS : 3/ 0 : 0: 90:-: Lane map: Rx: <0, 1, 2, 3> : Tx: <0, 1, 2, 3>
2025-04-10 03:27:34.307168 DEBUG BF_PORT SDS : 2/ 0 : 0: 88:-: Lane map: Rx: <0, 1, 2, 3> : Tx: <0, 1, 2, 3>
2025-04-10 03:27:34.307225 DEBUG BF_PORT SDS : 1/ 0 : 0: 80:-: Lane map: Rx: <0, 1, 2, 3> : Tx: <0, 1, 2, 3>
2025-04-10 03:27:34.307312 DEBUG BF_PORT SDS : 32/ 0 : 0: 84:-: Lane map: Rx: <0, 1, 2, 3> : Tx: <0, 1, 2, 3>
2025-04-10 03:27:34.307407 DEBUG BF_PORT SDS : 31/ 0 : 0: 8c:-: Lane map: Rx: <0, 1, 2, 3> : Tx: <0, 1, 2, 3>
2025-04-10 03:27:34.307493 DEBUG BF_PORT SDS : 30/ 0 : 0: 94:-: Lane map: Rx: <0, 1, 2, 3> : Tx: <0, 1, 2, 3>
2025-04-10 03:27:34.307579 DEBUG BF_PORT SDS : 29/ 0 : 0: 9c:-: Lane map: Rx: <0, 1, 2, 3> : Tx: <0, 1, 2, 3>
2025-04-10 03:27:34.307680 DEBUG BF_PORT SDS : 27/ 0 : 0: a4:-: Lane map: Rx: <0, 1, 2, 3> : Tx: <0, 1, 2, 3>
2025-04-10 03:27:34.307791 DEBUG BF_PORT SDS : 28/ 0 : 0: ac:-: Lane map: Rx: <0, 1, 2, 3> : Tx: <0, 1, 2, 3>
2025-04-10 03:27:34.307877 DEBUG BF_PORT SDS : 25/ 0 : 0: b4:-: Lane map: Rx: <0, 1, 2, 3> : Tx: <0, 1, 2, 3>
2025-04-10 03:27:34.307962 DEBUG BF_PORT SDS : 26/ 0 : 0: bc:-: Lane map: Rx: <0, 1, 2, 3> : Tx: <0, 1, 2, 3>
2025-04-10 03:27:34.308080 DEBUG BF_PORT SDS : 33/ 0 : 0: 40:-: Lane map: Rx: <0, 1, 2, 3> : Tx: <0, 1, 2, 3>
2025-04-10 03:27:34.559892 DEBUG BF_PLTFM QSFP:  4 : curr-pres-st : 0 prev-pres-st : 1
2025-04-10 03:27:34.561190 DEBUG BF_PLTFM QSFP     4 : PRESENT
2025-04-10 03:27:34.564566 INFO  BF_PLTFM module 4 IDENTIFIER = 13
2025-04-10 03:27:34.567851 DEBUG BF_PLTFM QSFP     4 : QSFP
2025-04-10 03:27:34.567906 DEBUG BF_PLTFM QSFP     4 : Paged
2025-04-10 03:27:34.567924 DEBUG BF_PLTFM QSFP     4 : Lane count = 4
2025-04-10 03:27:34.678543 DEBUG BF_PLTFM QSFP     4 : Active/Optical
2025-04-10 03:27:34.678595 DEBUG BF_PLTFM QSFP     4 : Update cache complete
2025-04-10 03:27:34.678624 DEBUG BF_PLTFM QSFP:  4 : detect-st : 0 is-present : 1

2025-04-10 03:27:34.678689 DEBUG BF_PLTFM QSFPMSM  4 : QSFP_FSM_ST_IDLE             --> QSFP_FSM_ST_INSERTED
2025-04-10 03:27:34.678717 DEBUG BF_PLTFM QSFP:  7 : curr-pres-st : 0 prev-pres-st : 1
2025-04-10 03:27:34.682561 DEBUG BF_PLTFM QSFP     7 : PRESENT
2025-04-10 03:27:34.688640 INFO  BF_PLTFM module 7 IDENTIFIER = 13
2025-04-10 03:27:34.694648 DEBUG BF_PLTFM QSFP     7 : QSFP
2025-04-10 03:27:34.694677 DEBUG BF_PLTFM QSFP     7 : Paged
2025-04-10 03:27:34.694715 DEBUG BF_PLTFM QSFP     7 : Lane count = 4
2025-04-10 03:27:34.806852 DEBUG BF_PLTFM QSFP     7 : Active/Optical
2025-04-10 03:27:34.806904 DEBUG BF_PLTFM QSFP     7 : Update cache complete
2025-04-10 03:27:34.807013 DEBUG BF_PLTFM QSFP:  7 : detect-st : 0 is-present : 1

2025-04-10 03:27:34.807060 DEBUG BF_PLTFM QSFPMSM  7 : QSFP_FSM_ST_IDLE             --> QSFP_FSM_ST_INSERTED
2025-04-10 03:27:34.807088 DEBUG BF_PLTFM QSFP:  8 : curr-pres-st : 0 prev-pres-st : 1
2025-04-10 03:27:34.809168 DEBUG BF_PLTFM QSFP     8 : PRESENT
2025-04-10 03:27:34.813511 INFO  BF_PLTFM module 8 IDENTIFIER = 13
2025-04-10 03:27:34.817809 DEBUG BF_PLTFM QSFP     8 : QSFP
2025-04-10 03:27:34.817876 DEBUG BF_PLTFM QSFP     8 : Paged
2025-04-10 03:27:34.817895 DEBUG BF_PLTFM QSFP     8 : Lane count = 4
2025-04-10 03:27:34.936391 DEBUG BF_PLTFM QSFP     8 : Active/Optical
2025-04-10 03:27:34.936440 DEBUG BF_PLTFM QSFP     8 : Update cache complete
2025-04-10 03:27:34.936468 DEBUG BF_PLTFM QSFP:  8 : detect-st : 0 is-present : 1

2025-04-10 03:27:34.936487 DEBUG BF_PLTFM QSFPMSM  8 : QSFP_FSM_ST_IDLE             --> QSFP_FSM_ST_INSERTED
2025-04-10 03:27:34.936506 DEBUG BF_PLTFM Enable KR port 1 on 33/2
2025-04-10 03:27:34.936544 INFO  BF_PM bf_pm_pltfm_front_port_eligible_for_autoneg:4161 0:33/2:1(an_eligibility)
2025-04-10 03:27:34.936583 INFO  BF_PM bf_pm_pltfm_front_port_ready_for_bringup:4058 0:33/2:1(ready)
2025-04-10 03:27:34.936610 DEBUG BF_PLTFM krPortEn = 0x2
2025-04-10 03:27:34.936629 DEBUG BF_PLTFM Enable KR port 2 on 33/3
2025-04-10 03:27:34.936652 INFO  BF_PM bf_pm_pltfm_front_port_eligible_for_autoneg:4161 0:33/3:1(an_eligibility)
2025-04-10 03:27:34.936680 INFO  BF_PM bf_pm_pltfm_front_port_ready_for_bringup:4058 0:33/3:1(ready)
2025-04-10 03:27:34.936706 DEBUG BF_PLTFM krPortEn = 0x6
2025-04-10 03:27:34.936735 DEBUG BF_PLTFM bf_pm_cold_init:788 Bind QSFP Mgmt cb to BF_FSM_ST_CFG_SERDES in default FSM
2025-04-10 03:27:34.936782 DEBUG BF_PLTFM bf_pm_cold_init:810 Bind QSFP Mgmt cb to BF_FSM_ST_CFG_SERDES in tx-mode FSM
2025-04-10 03:27:34.937066 DEBUG BF_PLTFM pltfm_pm: port led blink thread initialized
2025-04-10 03:27:34.937178 DEBUG BF_PLTFM port_led_blink_run start..
2025-04-10 03:27:34.976860 INFO  BF_MC Allocated RDM addresses 0x1 - 0x1
2025-04-10 03:27:34.976982 INFO  BF_MC Allocated RDM addresses 0x11ff - 0x11ff
2025-04-10 03:27:34.977002 INFO  BF_MC Allocated RDM addresses 0x21ff - 0x21ff
2025-04-10 03:27:34.977044 INFO  BF_MC Allocated RDM addresses 0x31ff - 0x31ff
2025-04-10 03:27:34.977146 INFO  BF_MC Write L1End node at addr 0x1, rid 0xdead, l2 0
2025-04-10 03:27:34.977175 INFO  BF_MC Write L1End node at addr 0x11ff, rid 0xdead, l2 0
2025-04-10 03:27:34.977194 INFO  BF_MC Write L1End node at addr 0x21ff, rid 0xdead, l2 0
2025-04-10 03:27:34.977222 INFO  BF_MC Write L1End node at addr 0x31ff, rid 0xdead, l2 0
2025-04-10 03:27:34.977250 INFO  BF_MC Allocated RDM addresses 0x4000 - 0x4103
2025-04-10 03:27:34.977291 INFO  BF_MC Write LAG node at addr 0x4000 with id 255 and next node 0x4001 0x0000_00000000ff04001c
2025-04-10 03:27:34.977321 INFO  BF_MC Write LAG node at addr 0x4001 with id 255 and next node 0x4002 0x00ff_04002c00ff04001c
2025-04-10 03:27:34.977348 INFO  BF_MC Write LAG node at addr 0x4002 with id 255 and next node 0x4003 0x0000_00000000ff04003c
2025-04-10 03:27:34.977368 INFO  BF_MC Write LAG node at addr 0x4003 with id 255 and next node 0x4004 0x00ff_04004c00ff04003c
2025-04-10 03:27:34.977387 INFO  BF_MC Write LAG node at addr 0x4004 with id 255 and next node 0x4005 0x0000_00000000ff04005c
2025-04-10 03:27:34.977406 INFO  BF_MC Write LAG node at addr 0x4005 with id 255 and next node 0x4006 0x00ff_04006c00ff04005c
2025-04-10 03:27:34.977425 INFO  BF_MC Write LAG node at addr 0x4006 with id 255 and next node 0x4007 0x0000_00000000ff04007c
2025-04-10 03:27:34.977452 INFO  BF_MC Write LAG node at addr 0x4007 with id 255 and next node 0x4008 0x00ff_04008c00ff04007c
2025-04-10 03:27:34.977471 INFO  BF_MC Write LAG node at addr 0x4008 with id 255 and next node 0x4009 0x0000_00000000ff04009c
2025-04-10 03:27:34.977529 INFO  BF_MC Write LAG node at addr 0x4009 with id 255 and next node 0x400a 0x00ff_0400ac00ff04009c
2025-04-10 03:27:34.977564 INFO  BF_MC Write LAG node at addr 0x400a with id 255 and next node 0x400b 0x0000_00000000ff0400bc
2025-04-10 03:27:34.977594 INFO  BF_MC Write LAG node at addr 0x400b with id 255 and next node 0x400c 0x00ff_0400cc00ff0400bc
2025-04-10 03:27:34.977614 INFO  BF_MC Write LAG node at addr 0x400c with id 255 and next node 0x400d 0x0000_00000000ff0400dc
2025-04-10 03:27:34.977633 INFO  BF_MC Write LAG node at addr 0x400d with id 255 and next node 0x400e 0x00ff_0400ec00ff0400dc
2025-04-10 03:27:34.977660 INFO  BF_MC Write LAG node at addr 0x400e with id 255 and next node 0x400f 0x0000_00000000ff0400fc
2025-04-10 03:27:34.977680 INFO  BF_MC Write LAG node at addr 0x400f with id 255 and next node 0x4010 0x00ff_04010c00ff0400fc
2025-04-10 03:27:34.977699 INFO  BF_MC Write LAG node at addr 0x4010 with id 255 and next node 0x4011 0x0000_00000000ff04011c
2025-04-10 03:27:34.977726 INFO  BF_MC Write LAG node at addr 0x4011 with id 255 and next node 0x4012 0x00ff_04012c00ff04011c
2025-04-10 03:27:34.977746 INFO  BF_MC Write LAG node at addr 0x4012 with id 255 and next node 0x4013 0x0000_00000000ff04013c
2025-04-10 03:27:34.977765 INFO  BF_MC Write LAG node at addr 0x4013 with id 255 and next node 0x4014 0x00ff_04014c00ff04013c
2025-04-10 03:27:34.977806 INFO  BF_MC Write LAG node at addr 0x4014 with id 255 and next node 0x4015 0x0000_00000000ff04015c
2025-04-10 03:27:34.977830 INFO  BF_MC Write LAG node at addr 0x4015 with id 255 and next node 0x4016 0x00ff_04016c00ff04015c
2025-04-10 03:27:34.977858 INFO  BF_MC Write LAG node at addr 0x4016 with id 255 and next node 0x4017 0x0000_00000000ff04017c
2025-04-10 03:27:34.977894 INFO  BF_MC Write LAG node at addr 0x4017 with id 255 and next node 0x4018 0x00ff_04018c00ff04017c
2025-04-10 03:27:34.977921 INFO  BF_MC Write LAG node at addr 0x4018 with id 255 and next node 0x4019 0x0000_00000000ff04019c
2025-04-10 03:27:34.977940 INFO  BF_MC Write LAG node at addr 0x4019 with id 255 and next node 0x401a 0x00ff_0401ac00ff04019c
2025-04-10 03:27:34.977960 INFO  BF_MC Write LAG node at addr 0x401a with id 255 and next node 0x401b 0x0000_00000000ff0401bc
2025-04-10 03:27:34.977986 INFO  BF_MC Write LAG node at addr 0x401b with id 255 and next node 0x401c 0x00ff_0401cc00ff0401bc
2025-04-10 03:27:34.978005 INFO  BF_MC Write LAG node at addr 0x401c with id 255 and next node 0x401d 0x0000_00000000ff0401dc
2025-04-10 03:27:34.978024 INFO  BF_MC Write LAG node at addr 0x401d with id 255 and next node 0x401e 0x00ff_0401ec00ff0401dc
2025-04-10 03:27:34.978044 INFO  BF_MC Write LAG node at addr 0x401e with id 255 and next node 0x401f 0x0000_00000000ff0401fc
2025-04-10 03:27:34.978071 INFO  BF_MC Write LAG node at addr 0x401f with id 255 and next node 0x4020 0x00ff_04020c00ff0401fc
2025-04-10 03:27:34.978090 INFO  BF_MC Write LAG node at addr 0x4020 with id 255 and next node 0x4021 0x0000_00000000ff04021c
2025-04-10 03:27:34.978142 INFO  BF_MC Write LAG node at addr 0x4021 with id 255 and next node 0x4022 0x00ff_04022c00ff04021c
2025-04-10 03:27:34.978167 INFO  BF_MC Write LAG node at addr 0x4022 with id 255 and next node 0x4023 0x0000_00000000ff04023c
2025-04-10 03:27:34.978187 INFO  BF_MC Write LAG node at addr 0x4023 with id 255 and next node 0x4024 0x00ff_04024c00ff04023c
2025-04-10 03:27:34.978214 INFO  BF_MC Write LAG node at addr 0x4024 with id 255 and next node 0x4025 0x0000_00000000ff04025c
2025-04-10 03:27:34.978233 INFO  BF_MC Write LAG node at addr 0x4025 with id 255 and next node 0x4026 0x00ff_04026c00ff04025c
2025-04-10 03:27:34.978261 INFO  BF_MC Write LAG node at addr 0x4026 with id 255 and next node 0x4027 0x0000_00000000ff04027c
2025-04-10 03:27:34.978280 INFO  BF_MC Write LAG node at addr 0x4027 with id 255 and next node 0x4028 0x00ff_04028c00ff04027c
2025-04-10 03:27:34.978299 INFO  BF_MC Write LAG node at addr 0x4028 with id 255 and next node 0x4029 0x0000_00000000ff04029c
2025-04-10 03:27:34.978318 INFO  BF_MC Write LAG node at addr 0x4029 with id 255 and next node 0x402a 0x00ff_0402ac00ff04029c
2025-04-10 03:27:34.978356 INFO  BF_MC Write LAG node at addr 0x402a with id 255 and next node 0x402b 0x0000_00000000ff0402bc
2025-04-10 03:27:34.978383 INFO  BF_MC Write LAG node at addr 0x402b with id 255 and next node 0x402c 0x00ff_0402cc00ff0402bc
2025-04-10 03:27:34.978409 INFO  BF_MC Write LAG node at addr 0x402c with id 255 and next node 0x402d 0x0000_00000000ff0402dc
2025-04-10 03:27:34.978429 INFO  BF_MC Write LAG node at addr 0x402d with id 255 and next node 0x402e 0x00ff_0402ec00ff0402dc
2025-04-10 03:27:34.978460 INFO  BF_MC Write LAG node at addr 0x402e with id 255 and next node 0x402f 0x0000_00000000ff0402fc
2025-04-10 03:27:34.978476 INFO  BF_MC Write LAG node at addr 0x402f with id 255 and next node 0x4030 0x00ff_04030c00ff0402fc
2025-04-10 03:27:34.978500 INFO  BF_MC Write LAG node at addr 0x4030 with id 255 and next node 0x4031 0x0000_00000000ff04031c
2025-04-10 03:27:34.978526 INFO  BF_MC Write LAG node at addr 0x4031 with id 255 and next node 0x4032 0x00ff_04032c00ff04031c
2025-04-10 03:27:34.978546 INFO  BF_MC Write LAG node at addr 0x4032 with id 255 and next node 0x4033 0x0000_00000000ff04033c
2025-04-10 03:27:34.978565 INFO  BF_MC Write LAG node at addr 0x4033 with id 255 and next node 0x4034 0x00ff_04034c00ff04033c
2025-04-10 03:27:34.978592 INFO  BF_MC Write LAG node at addr 0x4034 with id 255 and next node 0x4035 0x0000_00000000ff04035c
2025-04-10 03:27:34.978611 INFO  BF_MC Write LAG node at addr 0x4035 with id 255 and next node 0x4036 0x00ff_04036c00ff04035c
2025-04-10 03:27:34.978630 INFO  BF_MC Write LAG node at addr 0x4036 with id 255 and next node 0x4037 0x0000_00000000ff04037c
2025-04-10 03:27:34.978649 INFO  BF_MC Write LAG node at addr 0x4037 with id 255 and next node 0x4038 0x00ff_04038c00ff04037c
2025-04-10 03:27:34.978676 INFO  BF_MC Write LAG node at addr 0x4038 with id 255 and next node 0x4039 0x0000_00000000ff04039c
2025-04-10 03:27:34.978696 INFO  BF_MC Write LAG node at addr 0x4039 with id 255 and next node 0x403a 0x00ff_0403ac00ff04039c
2025-04-10 03:27:34.978719 INFO  BF_MC Write LAG node at addr 0x403a with id 255 and next node 0x403b 0x0000_00000000ff0403bc
2025-04-10 03:27:34.978747 INFO  BF_MC Write LAG node at addr 0x403b with id 255 and next node 0x403c 0x00ff_0403cc00ff0403bc
2025-04-10 03:27:34.978773 INFO  BF_MC Write LAG node at addr 0x403c with id 255 and next node 0x403d 0x0000_00000000ff0403dc
2025-04-10 03:27:34.978799 INFO  BF_MC Write LAG node at addr 0x403d with id 255 and next node 0x403e 0x00ff_0403ec00ff0403dc
2025-04-10 03:27:34.978819 INFO  BF_MC Write LAG node at addr 0x403e with id 255 and next node 0x403f 0x0000_00000000ff0403fc
2025-04-10 03:27:34.978839 INFO  BF_MC Write LAG node at addr 0x403f with id 255 and next node 0x4040 0x00ff_04040c00ff0403fc
2025-04-10 03:27:34.978858 INFO  BF_MC Write LAG node at addr 0x4040 with id 255 and next node 0x4041 0x0000_00000000ff04041c
2025-04-10 03:27:34.978877 INFO  BF_MC Write LAG node at addr 0x4041 with id 255 and next node 0x4042 0x00ff_04042c00ff04041c
2025-04-10 03:27:34.978904 INFO  BF_MC Write LAG node at addr 0x4042 with id 255 and next node 0x4043 0x0000_00000000ff04043c
2025-04-10 03:27:34.978923 INFO  BF_MC Write LAG node at addr 0x4043 with id 255 and next node 0x4044 0x00ff_04044c00ff04043c
2025-04-10 03:27:34.978942 INFO  BF_MC Write LAG node at addr 0x4044 with id 255 and next node 0x4045 0x0000_00000000ff04045c
2025-04-10 03:27:34.978961 INFO  BF_MC Write LAG node at addr 0x4045 with id 255 and next node 0x4046 0x00ff_04046c00ff04045c
2025-04-10 03:27:34.978988 INFO  BF_MC Write LAG node at addr 0x4046 with id 255 and next node 0x4047 0x0000_00000000ff04047c
2025-04-10 03:27:34.979007 INFO  BF_MC Write LAG node at addr 0x4047 with id 255 and next node 0x4048 0x00ff_04048c00ff04047c
2025-04-10 03:27:34.979026 INFO  BF_MC Write LAG node at addr 0x4048 with id 255 and next node 0x4049 0x0000_00000000ff04049c
2025-04-10 03:27:34.979045 INFO  BF_MC Write LAG node at addr 0x4049 with id 255 and next node 0x404a 0x00ff_0404ac00ff04049c
2025-04-10 03:27:34.979082 INFO  BF_MC Write LAG node at addr 0x404a with id 255 and next node 0x404b 0x0000_00000000ff0404bc
2025-04-10 03:27:34.979113 INFO  BF_MC Write LAG node at addr 0x404b with id 255 and next node 0x404c 0x00ff_0404cc00ff0404bc
2025-04-10 03:27:34.979141 INFO  BF_MC Write LAG node at addr 0x404c with id 255 and next node 0x404d 0x0000_00000000ff0404dc
2025-04-10 03:27:34.979160 INFO  BF_MC Write LAG node at addr 0x404d with id 255 and next node 0x404e 0x00ff_0404ec00ff0404dc
2025-04-10 03:27:34.979187 INFO  BF_MC Write LAG node at addr 0x404e with id 255 and next node 0x404f 0x0000_00000000ff0404fc
2025-04-10 03:27:34.979210 INFO  BF_MC Write LAG node at addr 0x404f with id 255 and next node 0x4050 0x00ff_04050c00ff0404fc
2025-04-10 03:27:34.979234 INFO  BF_MC Write LAG node at addr 0x4050 with id 255 and next node 0x4051 0x0000_00000000ff04051c
2025-04-10 03:27:34.979265 INFO  BF_MC Write LAG node at addr 0x4051 with id 255 and next node 0x4052 0x00ff_04052c00ff04051c
2025-04-10 03:27:34.979285 INFO  BF_MC Write LAG node at addr 0x4052 with id 255 and next node 0x4053 0x0000_00000000ff04053c
2025-04-10 03:27:34.979304 INFO  BF_MC Write LAG node at addr 0x4053 with id 255 and next node 0x4054 0x00ff_04054c00ff04053c
2025-04-10 03:27:34.979323 INFO  BF_MC Write LAG node at addr 0x4054 with id 255 and next node 0x4055 0x0000_00000000ff04055c
2025-04-10 03:27:34.979342 INFO  BF_MC Write LAG node at addr 0x4055 with id 255 and next node 0x4056 0x00ff_04056c00ff04055c
2025-04-10 03:27:34.979362 INFO  BF_MC Write LAG node at addr 0x4056 with id 255 and next node 0x4057 0x0000_00000000ff04057c
2025-04-10 03:27:34.979388 INFO  BF_MC Write LAG node at addr 0x4057 with id 255 and next node 0x4058 0x00ff_04058c00ff04057c
2025-04-10 03:27:34.979407 INFO  BF_MC Write LAG node at addr 0x4058 with id 255 and next node 0x4059 0x0000_00000000ff04059c
2025-04-10 03:27:34.979419 INFO  BF_MC Write LAG node at addr 0x4059 with id 255 and next node 0x405a 0x00ff_0405ac00ff04059c
2025-04-10 03:27:34.979446 INFO  BF_MC Write LAG node at addr 0x405a with id 255 and next node 0x405b 0x0000_00000000ff0405bc
2025-04-10 03:27:34.979466 INFO  BF_MC Write LAG node at addr 0x405b with id 255 and next node 0x405c 0x00ff_0405cc00ff0405bc
2025-04-10 03:27:34.979485 INFO  BF_MC Write LAG node at addr 0x405c with id 255 and next node 0x405d 0x0000_00000000ff0405dc
2025-04-10 03:27:34.979511 INFO  BF_MC Write LAG node at addr 0x405d with id 255 and next node 0x405e 0x00ff_0405ec00ff0405dc
2025-04-10 03:27:34.979549 INFO  BF_MC Write LAG node at addr 0x405e with id 255 and next node 0x405f 0x0000_00000000ff0405fc
2025-04-10 03:27:34.979562 INFO  BF_MC Write LAG node at addr 0x405f with id 255 and next node 0x4060 0x00ff_04060c00ff0405fc
2025-04-10 03:27:34.979582 INFO  BF_MC Write LAG node at addr 0x4060 with id 255 and next node 0x4061 0x0000_00000000ff04061c
2025-04-10 03:27:34.979601 INFO  BF_MC Write LAG node at addr 0x4061 with id 255 and next node 0x4062 0x00ff_04062c00ff04061c
2025-04-10 03:27:34.979628 INFO  BF_MC Write LAG node at addr 0x4062 with id 255 and next node 0x4063 0x0000_00000000ff04063c
2025-04-10 03:27:34.979647 INFO  BF_MC Write LAG node at addr 0x4063 with id 255 and next node 0x4064 0x00ff_04064c00ff04063c
2025-04-10 03:27:34.979666 INFO  BF_MC Write LAG node at addr 0x4064 with id 255 and next node 0x4065 0x0000_00000000ff04065c
2025-04-10 03:27:34.979685 INFO  BF_MC Write LAG node at addr 0x4065 with id 255 and next node 0x4066 0x00ff_04066c00ff04065c
2025-04-10 03:27:34.979704 INFO  BF_MC Write LAG node at addr 0x4066 with id 255 and next node 0x4067 0x0000_00000000ff04067c
2025-04-10 03:27:34.979732 INFO  BF_MC Write LAG node at addr 0x4067 with id 255 and next node 0x4068 0x00ff_04068c00ff04067c
2025-04-10 03:27:34.979751 INFO  BF_MC Write LAG node at addr 0x4068 with id 255 and next node 0x4069 0x0000_00000000ff04069c
2025-04-10 03:27:34.979770 INFO  BF_MC Write LAG node at addr 0x4069 with id 255 and next node 0x406a 0x00ff_0406ac00ff04069c
2025-04-10 03:27:34.979795 INFO  BF_MC Write LAG node at addr 0x406a with id 255 and next node 0x406b 0x0000_00000000ff0406bc
2025-04-10 03:27:34.979840 INFO  BF_MC Write LAG node at addr 0x406b with id 255 and next node 0x406c 0x00ff_0406cc00ff0406bc
2025-04-10 03:27:34.979859 INFO  BF_MC Write LAG node at addr 0x406c with id 255 and next node 0x406d 0x0000_00000000ff0406dc
2025-04-10 03:27:34.979879 INFO  BF_MC Write LAG node at addr 0x406d with id 255 and next node 0x406e 0x00ff_0406ec00ff0406dc
2025-04-10 03:27:34.979906 INFO  BF_MC Write LAG node at addr 0x406e with id 255 and next node 0x406f 0x0000_00000000ff0406fc
2025-04-10 03:27:34.979925 INFO  BF_MC Write LAG node at addr 0x406f with id 255 and next node 0x4070 0x00ff_04070c00ff0406fc
2025-04-10 03:27:34.979944 INFO  BF_MC Write LAG node at addr 0x4070 with id 255 and next node 0x4071 0x0000_00000000ff04071c
2025-04-10 03:27:34.979971 INFO  BF_MC Write LAG node at addr 0x4071 with id 255 and next node 0x4072 0x00ff_04072c00ff04071c
2025-04-10 03:27:34.979990 INFO  BF_MC Write LAG node at addr 0x4072 with id 255 and next node 0x4073 0x0000_00000000ff04073c
2025-04-10 03:27:34.980010 INFO  BF_MC Write LAG node at addr 0x4073 with id 255 and next node 0x4074 0x00ff_04074c00ff04073c
2025-04-10 03:27:34.980051 INFO  BF_MC Write LAG node at addr 0x4074 with id 255 and next node 0x4075 0x0000_00000000ff04075c
2025-04-10 03:27:34.980075 INFO  BF_MC Write LAG node at addr 0x4075 with id 255 and next node 0x4076 0x00ff_04076c00ff04075c
2025-04-10 03:27:34.980135 INFO  BF_MC Write LAG node at addr 0x4076 with id 255 and next node 0x4077 0x0000_00000000ff04077c
2025-04-10 03:27:34.980156 INFO  BF_MC Write LAG node at addr 0x4077 with id 255 and next node 0x4078 0x00ff_04078c00ff04077c
2025-04-10 03:27:34.980183 INFO  BF_MC Write LAG node at addr 0x4078 with id 255 and next node 0x4079 0x0000_00000000ff04079c
2025-04-10 03:27:34.980202 INFO  BF_MC Write LAG node at addr 0x4079 with id 255 and next node 0x407a 0x00ff_0407ac00ff04079c
2025-04-10 03:27:34.980222 INFO  BF_MC Write LAG node at addr 0x407a with id 255 and next node 0x407b 0x0000_00000000ff0407bc
2025-04-10 03:27:34.980241 INFO  BF_MC Write LAG node at addr 0x407b with id 255 and next node 0x407c 0x00ff_0407cc00ff0407bc
2025-04-10 03:27:34.980260 INFO  BF_MC Write LAG node at addr 0x407c with id 255 and next node 0x407d 0x0000_00000000ff0407dc
2025-04-10 03:27:34.980287 INFO  BF_MC Write LAG node at addr 0x407d with id 255 and next node 0x407e 0x00ff_0407ec00ff0407dc
2025-04-10 03:27:34.980306 INFO  BF_MC Write LAG node at addr 0x407e with id 255 and next node 0x407f 0x0000_00000000ff0407fc
2025-04-10 03:27:34.980326 INFO  BF_MC Write LAG node at addr 0x407f with id 255 and next node 0x4080 0x00ff_04080c00ff0407fc
2025-04-10 03:27:34.980337 INFO  BF_MC Write LAG node at addr 0x4080 with id 255 and next node 0x4081 0x0000_00000000ff04081c
2025-04-10 03:27:34.980369 INFO  BF_MC Write LAG node at addr 0x4081 with id 255 and next node 0x4082 0x00ff_04082c00ff04081c
2025-04-10 03:27:34.980385 INFO  BF_MC Write LAG node at addr 0x4082 with id 255 and next node 0x4083 0x0000_00000000ff04083c
2025-04-10 03:27:34.980416 INFO  BF_MC Write LAG node at addr 0x4083 with id 255 and next node 0x4084 0x00ff_04084c00ff04083c
2025-04-10 03:27:34.980443 INFO  BF_MC Write LAG node at addr 0x4084 with id 255 and next node 0x4085 0x0000_00000000ff04085c
2025-04-10 03:27:34.980477 INFO  BF_MC Write LAG node at addr 0x4085 with id 255 and next node 0x4086 0x00ff_04086c00ff04085c
2025-04-10 03:27:34.980496 INFO  BF_MC Write LAG node at addr 0x4086 with id 255 and next node 0x4087 0x0000_00000000ff04087c
2025-04-10 03:27:34.980538 INFO  BF_MC Write LAG node at addr 0x4087 with id 255 and next node 0x4088 0x00ff_04088c00ff04087c
2025-04-10 03:27:34.980558 INFO  BF_MC Write LAG node at addr 0x4088 with id 255 and next node 0x4089 0x0000_00000000ff04089c
2025-04-10 03:27:34.980577 INFO  BF_MC Write LAG node at addr 0x4089 with id 255 and next node 0x408a 0x00ff_0408ac00ff04089c
2025-04-10 03:27:34.980596 INFO  BF_MC Write LAG node at addr 0x408a with id 255 and next node 0x408b 0x0000_00000000ff0408bc
2025-04-10 03:27:34.980632 INFO  BF_MC Write LAG node at addr 0x408b with id 255 and next node 0x408c 0x00ff_0408cc00ff0408bc
2025-04-10 03:27:34.980660 INFO  BF_MC Write LAG node at addr 0x408c with id 255 and next node 0x408d 0x0000_00000000ff0408dc
2025-04-10 03:27:34.980678 INFO  BF_MC Write LAG node at addr 0x408d with id 255 and next node 0x408e 0x00ff_0408ec00ff0408dc
2025-04-10 03:27:34.980712 INFO  BF_MC Write LAG node at addr 0x408e with id 255 and next node 0x408f 0x0000_00000000ff0408fc
2025-04-10 03:27:34.980731 INFO  BF_MC Write LAG node at addr 0x408f with id 255 and next node 0x4090 0x00ff_04090c00ff0408fc
2025-04-10 03:27:34.980750 INFO  BF_MC Write LAG node at addr 0x4090 with id 255 and next node 0x4091 0x0000_00000000ff04091c
2025-04-10 03:27:34.980769 INFO  BF_MC Write LAG node at addr 0x4091 with id 255 and next node 0x4092 0x00ff_04092c00ff04091c
2025-04-10 03:27:34.980796 INFO  BF_MC Write LAG node at addr 0x4092 with id 255 and next node 0x4093 0x0000_00000000ff04093c
2025-04-10 03:27:34.980815 INFO  BF_MC Write LAG node at addr 0x4093 with id 255 and next node 0x4094 0x00ff_04094c00ff04093c
2025-04-10 03:27:34.980835 INFO  BF_MC Write LAG node at addr 0x4094 with id 255 and next node 0x4095 0x0000_00000000ff04095c
2025-04-10 03:27:34.980854 INFO  BF_MC Write LAG node at addr 0x4095 with id 255 and next node 0x4096 0x00ff_04096c00ff04095c
2025-04-10 03:27:34.980874 INFO  BF_MC Write LAG node at addr 0x4096 with id 255 and next node 0x4097 0x0000_00000000ff04097c
2025-04-10 03:27:34.980900 INFO  BF_MC Write LAG node at addr 0x4097 with id 255 and next node 0x4098 0x00ff_04098c00ff04097c
2025-04-10 03:27:34.980920 INFO  BF_MC Write LAG node at addr 0x4098 with id 255 and next node 0x4099 0x0000_00000000ff04099c
2025-04-10 03:27:34.980939 INFO  BF_MC Write LAG node at addr 0x4099 with id 255 and next node 0x409a 0x00ff_0409ac00ff04099c
2025-04-10 03:27:34.980958 INFO  BF_MC Write LAG node at addr 0x409a with id 255 and next node 0x409b 0x0000_00000000ff0409bc
2025-04-10 03:27:34.980977 INFO  BF_MC Write LAG node at addr 0x409b with id 255 and next node 0x409c 0x00ff_0409cc00ff0409bc
2025-04-10 03:27:34.981004 INFO  BF_MC Write LAG node at addr 0x409c with id 255 and next node 0x409d 0x0000_00000000ff0409dc
2025-04-10 03:27:34.981015 INFO  BF_MC Write LAG node at addr 0x409d with id 255 and next node 0x409e 0x00ff_0409ec00ff0409dc
2025-04-10 03:27:34.981044 INFO  BF_MC Write LAG node at addr 0x409e with id 255 and next node 0x409f 0x0000_00000000ff0409fc
2025-04-10 03:27:34.981075 INFO  BF_MC Write LAG node at addr 0x409f with id 255 and next node 0x40a0 0x00ff_040a0c00ff0409fc
2025-04-10 03:27:34.981094 INFO  BF_MC Write LAG node at addr 0x40a0 with id 255 and next node 0x40a1 0x0000_00000000ff040a1c
2025-04-10 03:27:34.981142 INFO  BF_MC Write LAG node at addr 0x40a1 with id 255 and next node 0x40a2 0x00ff_040a2c00ff040a1c
2025-04-10 03:27:34.981161 INFO  BF_MC Write LAG node at addr 0x40a2 with id 255 and next node 0x40a3 0x0000_00000000ff040a3c
2025-04-10 03:27:34.981188 INFO  BF_MC Write LAG node at addr 0x40a3 with id 255 and next node 0x40a4 0x00ff_040a4c00ff040a3c
2025-04-10 03:27:34.981207 INFO  BF_MC Write LAG node at addr 0x40a4 with id 255 and next node 0x40a5 0x0000_00000000ff040a5c
2025-04-10 03:27:34.981226 INFO  BF_MC Write LAG node at addr 0x40a5 with id 255 and next node 0x40a6 0x00ff_040a6c00ff040a5c
2025-04-10 03:27:34.981246 INFO  BF_MC Write LAG node at addr 0x40a6 with id 255 and next node 0x40a7 0x0000_00000000ff040a7c
2025-04-10 03:27:34.981272 INFO  BF_MC Write LAG node at addr 0x40a7 with id 255 and next node 0x40a8 0x00ff_040a8c00ff040a7c
2025-04-10 03:27:34.981291 INFO  BF_MC Write LAG node at addr 0x40a8 with id 255 and next node 0x40a9 0x0000_00000000ff040a9c
2025-04-10 03:27:34.981318 INFO  BF_MC Write LAG node at addr 0x40a9 with id 255 and next node 0x40aa 0x00ff_040aac00ff040a9c
2025-04-10 03:27:34.981349 INFO  BF_MC Write LAG node at addr 0x40aa with id 255 and next node 0x40ab 0x0000_00000000ff040abc
2025-04-10 03:27:34.981368 INFO  BF_MC Write LAG node at addr 0x40ab with id 255 and next node 0x40ac 0x00ff_040acc00ff040abc
2025-04-10 03:27:34.981397 INFO  BF_MC Write LAG node at addr 0x40ac with id 255 and next node 0x40ad 0x0000_00000000ff040adc
2025-04-10 03:27:34.981416 INFO  BF_MC Write LAG node at addr 0x40ad with id 255 and next node 0x40ae 0x00ff_040aec00ff040adc
2025-04-10 03:27:34.981443 INFO  BF_MC Write LAG node at addr 0x40ae with id 255 and next node 0x40af 0x0000_00000000ff040afc
2025-04-10 03:27:34.981462 INFO  BF_MC Write LAG node at addr 0x40af with id 255 and next node 0x40b0 0x00ff_040b0c00ff040afc
2025-04-10 03:27:34.981482 INFO  BF_MC Write LAG node at addr 0x40b0 with id 255 and next node 0x40b1 0x0000_00000000ff040b1c
2025-04-10 03:27:34.981501 INFO  BF_MC Write LAG node at addr 0x40b1 with id 255 and next node 0x40b2 0x00ff_040b2c00ff040b1c
2025-04-10 03:27:34.981520 INFO  BF_MC Write LAG node at addr 0x40b2 with id 255 and next node 0x40b3 0x0000_00000000ff040b3c
2025-04-10 03:27:34.981540 INFO  BF_MC Write LAG node at addr 0x40b3 with id 255 and next node 0x40b4 0x00ff_040b4c00ff040b3c
2025-04-10 03:27:34.981586 INFO  BF_MC Write LAG node at addr 0x40b4 with id 255 and next node 0x40b5 0x0000_00000000ff040b5c
2025-04-10 03:27:34.981613 INFO  BF_MC Write LAG node at addr 0x40b5 with id 255 and next node 0x40b6 0x00ff_040b6c00ff040b5c
2025-04-10 03:27:34.981638 INFO  BF_MC Write LAG node at addr 0x40b6 with id 255 and next node 0x40b7 0x0000_00000000ff040b7c
2025-04-10 03:27:34.981672 INFO  BF_MC Write LAG node at addr 0x40b7 with id 255 and next node 0x40b8 0x00ff_040b8c00ff040b7c
2025-04-10 03:27:34.981692 INFO  BF_MC Write LAG node at addr 0x40b8 with id 255 and next node 0x40b9 0x0000_00000000ff040b9c
2025-04-10 03:27:34.981718 INFO  BF_MC Write LAG node at addr 0x40b9 with id 255 and next node 0x40ba 0x00ff_040bac00ff040b9c
2025-04-10 03:27:34.981738 INFO  BF_MC Write LAG node at addr 0x40ba with id 255 and next node 0x40bb 0x0000_00000000ff040bbc
2025-04-10 03:27:34.981757 INFO  BF_MC Write LAG node at addr 0x40bb with id 255 and next node 0x40bc 0x00ff_040bcc00ff040bbc
2025-04-10 03:27:34.981784 INFO  BF_MC Write LAG node at addr 0x40bc with id 255 and next node 0x40bd 0x0000_00000000ff040bdc
2025-04-10 03:27:34.981803 INFO  BF_MC Write LAG node at addr 0x40bd with id 255 and next node 0x40be 0x00ff_040bec00ff040bdc
2025-04-10 03:27:34.981822 INFO  BF_MC Write LAG node at addr 0x40be with id 255 and next node 0x40bf 0x0000_00000000ff040bfc
2025-04-10 03:27:34.981841 INFO  BF_MC Write LAG node at addr 0x40bf with id 255 and next node 0x40c0 0x00ff_040c0c00ff040bfc
2025-04-10 03:27:34.981866 INFO  BF_MC Write LAG node at addr 0x40c0 with id 255 and next node 0x40c1 0x0000_00000000ff040c1c
2025-04-10 03:27:34.981894 INFO  BF_MC Write LAG node at addr 0x40c1 with id 255 and next node 0x40c2 0x00ff_040c2c00ff040c1c
2025-04-10 03:27:34.981919 INFO  BF_MC Write LAG node at addr 0x40c2 with id 255 and next node 0x40c3 0x0000_00000000ff040c3c
2025-04-10 03:27:34.981931 INFO  BF_MC Write LAG node at addr 0x40c3 with id 255 and next node 0x40c4 0x00ff_040c4c00ff040c3c
2025-04-10 03:27:34.981957 INFO  BF_MC Write LAG node at addr 0x40c4 with id 255 and next node 0x40c5 0x0000_00000000ff040c5c
2025-04-10 03:27:34.981976 INFO  BF_MC Write LAG node at addr 0x40c5 with id 255 and next node 0x40c6 0x00ff_040c6c00ff040c5c
2025-04-10 03:27:34.981996 INFO  BF_MC Write LAG node at addr 0x40c6 with id 255 and next node 0x40c7 0x0000_00000000ff040c7c
2025-04-10 03:27:34.982030 INFO  BF_MC Write LAG node at addr 0x40c7 with id 255 and next node 0x40c8 0x00ff_040c8c00ff040c7c
2025-04-10 03:27:34.982064 INFO  BF_MC Write LAG node at addr 0x40c8 with id 255 and next node 0x40c9 0x0000_00000000ff040c9c
2025-04-10 03:27:34.982091 INFO  BF_MC Write LAG node at addr 0x40c9 with id 255 and next node 0x40ca 0x00ff_040cac00ff040c9c
2025-04-10 03:27:34.982130 INFO  BF_MC Write LAG node at addr 0x40ca with id 255 and next node 0x40cb 0x0000_00000000ff040cbc
2025-04-10 03:27:34.982157 INFO  BF_MC Write LAG node at addr 0x40cb with id 255 and next node 0x40cc 0x00ff_040ccc00ff040cbc
2025-04-10 03:27:34.982194 INFO  BF_MC Write LAG node at addr 0x40cc with id 255 and next node 0x40cd 0x0000_00000000ff040cdc
2025-04-10 03:27:34.982221 INFO  BF_MC Write LAG node at addr 0x40cd with id 255 and next node 0x40ce 0x00ff_040cec00ff040cdc
2025-04-10 03:27:34.982247 INFO  BF_MC Write LAG node at addr 0x40ce with id 255 and next node 0x40cf 0x0000_00000000ff040cfc
2025-04-10 03:27:34.982266 INFO  BF_MC Write LAG node at addr 0x40cf with id 255 and next node 0x40d0 0x00ff_040d0c00ff040cfc
2025-04-10 03:27:34.982285 INFO  BF_MC Write LAG node at addr 0x40d0 with id 255 and next node 0x40d1 0x0000_00000000ff040d1c
2025-04-10 03:27:34.982304 INFO  BF_MC Write LAG node at addr 0x40d1 with id 255 and next node 0x40d2 0x00ff_040d2c00ff040d1c
2025-04-10 03:27:34.982323 INFO  BF_MC Write LAG node at addr 0x40d2 with id 255 and next node 0x40d3 0x0000_00000000ff040d3c
2025-04-10 03:27:34.982350 INFO  BF_MC Write LAG node at addr 0x40d3 with id 255 and next node 0x40d4 0x00ff_040d4c00ff040d3c
2025-04-10 03:27:34.982369 INFO  BF_MC Write LAG node at addr 0x40d4 with id 255 and next node 0x40d5 0x0000_00000000ff040d5c
2025-04-10 03:27:34.982388 INFO  BF_MC Write LAG node at addr 0x40d5 with id 255 and next node 0x40d6 0x00ff_040d6c00ff040d5c
2025-04-10 03:27:34.982415 INFO  BF_MC Write LAG node at addr 0x40d6 with id 255 and next node 0x40d7 0x0000_00000000ff040d7c
2025-04-10 03:27:34.982434 INFO  BF_MC Write LAG node at addr 0x40d7 with id 255 and next node 0x40d8 0x00ff_040d8c00ff040d7c
2025-04-10 03:27:34.982453 INFO  BF_MC Write LAG node at addr 0x40d8 with id 255 and next node 0x40d9 0x0000_00000000ff040d9c
2025-04-10 03:27:34.982479 INFO  BF_MC Write LAG node at addr 0x40d9 with id 255 and next node 0x40da 0x00ff_040dac00ff040d9c
2025-04-10 03:27:34.982510 INFO  BF_MC Write LAG node at addr 0x40da with id 255 and next node 0x40db 0x0000_00000000ff040dbc
2025-04-10 03:27:34.982529 INFO  BF_MC Write LAG node at addr 0x40db with id 255 and next node 0x40dc 0x00ff_040dcc00ff040dbc
2025-04-10 03:27:34.982548 INFO  BF_MC Write LAG node at addr 0x40dc with id 255 and next node 0x40dd 0x0000_00000000ff040ddc
2025-04-10 03:27:34.982567 INFO  BF_MC Write LAG node at addr 0x40dd with id 255 and next node 0x40de 0x00ff_040dec00ff040ddc
2025-04-10 03:27:34.982587 INFO  BF_MC Write LAG node at addr 0x40de with id 255 and next node 0x40df 0x0000_00000000ff040dfc
2025-04-10 03:27:34.982606 INFO  BF_MC Write LAG node at addr 0x40df with id 255 and next node 0x40e0 0x00ff_040e0c00ff040dfc
2025-04-10 03:27:34.982633 INFO  BF_MC Write LAG node at addr 0x40e0 with id 255 and next node 0x40e1 0x0000_00000000ff040e1c
2025-04-10 03:27:34.982652 INFO  BF_MC Write LAG node at addr 0x40e1 with id 255 and next node 0x40e2 0x00ff_040e2c00ff040e1c
2025-04-10 03:27:34.982671 INFO  BF_MC Write LAG node at addr 0x40e2 with id 255 and next node 0x40e3 0x0000_00000000ff040e3c
2025-04-10 03:27:34.982698 INFO  BF_MC Write LAG node at addr 0x40e3 with id 255 and next node 0x40e4 0x00ff_040e4c00ff040e3c
2025-04-10 03:27:34.982717 INFO  BF_MC Write LAG node at addr 0x40e4 with id 255 and next node 0x40e5 0x0000_00000000ff040e5c
2025-04-10 03:27:34.982736 INFO  BF_MC Write LAG node at addr 0x40e5 with id 255 and next node 0x40e6 0x00ff_040e6c00ff040e5c
2025-04-10 03:27:34.982756 INFO  BF_MC Write LAG node at addr 0x40e6 with id 255 and next node 0x40e7 0x0000_00000000ff040e7c
2025-04-10 03:27:34.982775 INFO  BF_MC Write LAG node at addr 0x40e7 with id 255 and next node 0x40e8 0x00ff_040e8c00ff040e7c
2025-04-10 03:27:34.982794 INFO  BF_MC Write LAG node at addr 0x40e8 with id 255 and next node 0x40e9 0x0000_00000000ff040e9c
2025-04-10 03:27:34.982821 INFO  BF_MC Write LAG node at addr 0x40e9 with id 255 and next node 0x40ea 0x00ff_040eac00ff040e9c
2025-04-10 03:27:34.982841 INFO  BF_MC Write LAG node at addr 0x40ea with id 255 and next node 0x40eb 0x0000_00000000ff040ebc
2025-04-10 03:27:34.982859 INFO  BF_MC Write LAG node at addr 0x40eb with id 255 and next node 0x40ec 0x00ff_040ecc00ff040ebc
2025-04-10 03:27:34.982878 INFO  BF_MC Write LAG node at addr 0x40ec with id 255 and next node 0x40ed 0x0000_00000000ff040edc
2025-04-10 03:27:34.982907 INFO  BF_MC Write LAG node at addr 0x40ed with id 255 and next node 0x40ee 0x00ff_040eec00ff040edc
2025-04-10 03:27:34.982934 INFO  BF_MC Write LAG node at addr 0x40ee with id 255 and next node 0x40ef 0x0000_00000000ff040efc
2025-04-10 03:27:34.982957 INFO  BF_MC Write LAG node at addr 0x40ef with id 255 and next node 0x40f0 0x00ff_040f0c00ff040efc
2025-04-10 03:27:34.982976 INFO  BF_MC Write LAG node at addr 0x40f0 with id 255 and next node 0x40f1 0x0000_00000000ff040f1c
2025-04-10 03:27:34.982995 INFO  BF_MC Write LAG node at addr 0x40f1 with id 255 and next node 0x40f2 0x00ff_040f2c00ff040f1c
2025-04-10 03:27:34.983024 INFO  BF_MC Write LAG node at addr 0x40f2 with id 255 and next node 0x40f3 0x0000_00000000ff040f3c
2025-04-10 03:27:34.983041 INFO  BF_MC Write LAG node at addr 0x40f3 with id 255 and next node 0x40f4 0x00ff_040f4c00ff040f3c
2025-04-10 03:27:34.983067 INFO  BF_MC Write LAG node at addr 0x40f4 with id 255 and next node 0x40f5 0x0000_00000000ff040f5c
2025-04-10 03:27:34.983086 INFO  BF_MC Write LAG node at addr 0x40f5 with id 255 and next node 0x40f6 0x00ff_040f6c00ff040f5c
2025-04-10 03:27:34.983118 INFO  BF_MC Write LAG node at addr 0x40f6 with id 255 and next node 0x40f7 0x0000_00000000ff040f7c
2025-04-10 03:27:34.983138 INFO  BF_MC Write LAG node at addr 0x40f7 with id 255 and next node 0x40f8 0x00ff_040f8c00ff040f7c
2025-04-10 03:27:34.983157 INFO  BF_MC Write LAG node at addr 0x40f8 with id 255 and next node 0x40f9 0x0000_00000000ff040f9c
2025-04-10 03:27:34.983184 INFO  BF_MC Write LAG node at addr 0x40f9 with id 255 and next node 0x40fa 0x00ff_040fac00ff040f9c
2025-04-10 03:27:34.983204 INFO  BF_MC Write LAG node at addr 0x40fa with id 255 and next node 0x40fb 0x0000_00000000ff040fbc
2025-04-10 03:27:34.983223 INFO  BF_MC Write LAG node at addr 0x40fb with id 255 and next node 0x40fc 0x00ff_040fcc00ff040fbc
2025-04-10 03:27:34.983242 INFO  BF_MC Write LAG node at addr 0x40fc with id 255 and next node 0x40fd 0x0000_00000000ff040fdc
2025-04-10 03:27:34.983261 INFO  BF_MC Write LAG node at addr 0x40fd with id 255 and next node 0x40fe 0x00ff_040fec00ff040fdc
2025-04-10 03:27:34.983287 INFO  BF_MC Write LAG node at addr 0x40fe with id 255 and next node 0x40ff 0x0000_00000000ff040ffc
2025-04-10 03:27:34.983311 INFO  BF_MC Write LAG node at addr 0x40ff with id 255 and next node 0x4100 0x00ff_04100c00ff040ffc
2025-04-10 03:27:34.983338 INFO  BF_MC Write LAG node at addr 0x4100 with id 255 and next node 0x4101 0x0000_00000000ff04101c
2025-04-10 03:27:34.983356 INFO  BF_MC Write LAG node at addr 0x4101 with id 255 and next node 0x4102 0x00ff_04102c00ff04101c
2025-04-10 03:27:34.983384 INFO  BF_MC Write LAG node at addr 0x4102 with id 255 and next node 0x4103 0x0000_00000000ff04103c
2025-04-10 03:27:34.983403 INFO  BF_MC Write LAG node at addr 0x4103 with id 255 and next node 0 0x00ff_00000c00ff04103c
2025-04-10 03:27:34.983430 INFO  BF_MC Allocated RDM addresses 0x20 - 0x3f
2025-04-10 03:27:34.983450 INFO  BF_MC Write L1End node at addr 0x20, rid 0, l2 0x4101
2025-04-10 03:27:34.983469 INFO  BF_MC Write L1End node at addr 0x21, rid 0, l2 0x4100
2025-04-10 03:27:34.983497 INFO  BF_MC Write L1End node at addr 0x22, rid 0, l2 0x40ff
2025-04-10 03:27:34.983508 INFO  BF_MC Write L1End node at addr 0x23, rid 0, l2 0x40fe
2025-04-10 03:27:34.983535 INFO  BF_MC Write L1End node at addr 0x24, rid 0, l2 0x40fd
2025-04-10 03:27:34.983554 INFO  BF_MC Write L1End node at addr 0x25, rid 0, l2 0x40fc
2025-04-10 03:27:34.983612 INFO  BF_MC Write L1End node at addr 0x26, rid 0, l2 0x40fb
2025-04-10 03:27:34.983632 INFO  BF_MC Write L1End node at addr 0x27, rid 0, l2 0x40fa
2025-04-10 03:27:34.983651 INFO  BF_MC Write L1End node at addr 0x28, rid 0, l2 0x40f8
2025-04-10 03:27:34.983671 INFO  BF_MC Write L1End node at addr 0x29, rid 0, l2 0x40f6
2025-04-10 03:27:34.983689 INFO  BF_MC Write L1End node at addr 0x2a, rid 0, l2 0x40f4
2025-04-10 03:27:34.983716 INFO  BF_MC Write L1End node at addr 0x2b, rid 0, l2 0x40f2
2025-04-10 03:27:34.983745 INFO  BF_MC Write L1End node at addr 0x2c, rid 0, l2 0x40f0
2025-04-10 03:27:34.983764 INFO  BF_MC Write L1End node at addr 0x2d, rid 0, l2 0x40ee
2025-04-10 03:27:34.983783 INFO  BF_MC Write L1End node at addr 0x2e, rid 0, l2 0x40ec
2025-04-10 03:27:34.983810 INFO  BF_MC Write L1End node at addr 0x2f, rid 0, l2 0x40ea
2025-04-10 03:27:34.983829 INFO  BF_MC Write L1End node at addr 0x30, rid 0, l2 0x40e8
2025-04-10 03:27:34.983853 INFO  BF_MC Write L1End node at addr 0x31, rid 0, l2 0x40e6
2025-04-10 03:27:34.983883 INFO  BF_MC Write L1End node at addr 0x32, rid 0, l2 0x40e4
2025-04-10 03:27:34.983908 INFO  BF_MC Write L1End node at addr 0x33, rid 0, l2 0x40e0
2025-04-10 03:27:34.983919 INFO  BF_MC Write L1End node at addr 0x34, rid 0, l2 0x40dc
2025-04-10 03:27:34.983946 INFO  BF_MC Write L1End node at addr 0x35, rid 0, l2 0x40d8
2025-04-10 03:27:34.983965 INFO  BF_MC Write L1End node at addr 0x36, rid 0, l2 0x40d4
2025-04-10 03:27:34.983984 INFO  BF_MC Write L1End node at addr 0x37, rid 0, l2 0x40cc
2025-04-10 03:27:34.984002 INFO  BF_MC Write L1End node at addr 0x38, rid 0, l2 0x40c4
2025-04-10 03:27:34.984022 INFO  BF_MC Write L1End node at addr 0x39, rid 0, l2 0x40bc
2025-04-10 03:27:34.984040 INFO  BF_MC Write L1End node at addr 0x3a, rid 0, l2 0x40a0
2025-04-10 03:27:34.984059 INFO  BF_MC Write L1End node at addr 0x3b, rid 0, l2 0x4087
2025-04-10 03:27:34.984078 INFO  BF_MC Write L1End node at addr 0x3c, rid 0, l2 0x406e
2025-04-10 03:27:34.984097 INFO  BF_MC Write L1End node at addr 0x3d, rid 0, l2 0x4055
2025-04-10 03:27:34.984145 INFO  BF_MC Write L1End node at addr 0x3e, rid 0, l2 0x403c
2025-04-10 03:27:34.984176 INFO  BF_MC Write L1End node at addr 0x3f, rid 0, l2 0x4000
2025-04-10 03:27:34.984196 INFO  BF_MC Allocated RDM addresses 0x5000 - 0x5103
2025-04-10 03:27:34.984223 INFO  BF_MC Write LAG node at addr 0x5000 with id 255 and next node 0x5001 0x0000_00000000ff05001c
2025-04-10 03:27:34.984242 INFO  BF_MC Write LAG node at addr 0x5001 with id 255 and next node 0x5002 0x00ff_05002c00ff05001c
2025-04-10 03:27:34.984261 INFO  BF_MC Write LAG node at addr 0x5002 with id 255 and next node 0x5003 0x0000_00000000ff05003c
2025-04-10 03:27:34.984280 INFO  BF_MC Write LAG node at addr 0x5003 with id 255 and next node 0x5004 0x00ff_05004c00ff05003c
2025-04-10 03:27:34.984300 INFO  BF_MC Write LAG node at addr 0x5004 with id 255 and next node 0x5005 0x0000_00000000ff05005c
2025-04-10 03:27:34.984319 INFO  BF_MC Write LAG node at addr 0x5005 with id 255 and next node 0x5006 0x00ff_05006c00ff05005c
2025-04-10 03:27:34.984346 INFO  BF_MC Write LAG node at addr 0x5006 with id 255 and next node 0x5007 0x0000_00000000ff05007c
2025-04-10 03:27:34.984365 INFO  BF_MC Write LAG node at addr 0x5007 with id 255 and next node 0x5008 0x00ff_05008c00ff05007c
2025-04-10 03:27:34.984384 INFO  BF_MC Write LAG node at addr 0x5008 with id 255 and next node 0x5009 0x0000_00000000ff05009c
2025-04-10 03:27:34.984421 INFO  BF_MC Write LAG node at addr 0x5009 with id 255 and next node 0x500a 0x00ff_0500ac00ff05009c
2025-04-10 03:27:34.984450 INFO  BF_MC Write LAG node at addr 0x500a with id 255 and next node 0x500b 0x0000_00000000ff0500bc
2025-04-10 03:27:34.984469 INFO  BF_MC Write LAG node at addr 0x500b with id 255 and next node 0x500c 0x00ff_0500cc00ff0500bc
2025-04-10 03:27:34.984489 INFO  BF_MC Write LAG node at addr 0x500c with id 255 and next node 0x500d 0x0000_00000000ff0500dc
2025-04-10 03:27:34.984508 INFO  BF_MC Write LAG node at addr 0x500d with id 255 and next node 0x500e 0x00ff_0500ec00ff0500dc
2025-04-10 03:27:34.984535 INFO  BF_MC Write LAG node at addr 0x500e with id 255 and next node 0x500f 0x0000_00000000ff0500fc
2025-04-10 03:27:34.984554 INFO  BF_MC Write LAG node at addr 0x500f with id 255 and next node 0x5010 0x00ff_05010c00ff0500fc
2025-04-10 03:27:34.984573 INFO  BF_MC Write LAG node at addr 0x5010 with id 255 and next node 0x5011 0x0000_00000000ff05011c
2025-04-10 03:27:34.984593 INFO  BF_MC Write LAG node at addr 0x5011 with id 255 and next node 0x5012 0x00ff_05012c00ff05011c
2025-04-10 03:27:34.984629 INFO  BF_MC Write LAG node at addr 0x5012 with id 255 and next node 0x5013 0x0000_00000000ff05013c
2025-04-10 03:27:34.984662 INFO  BF_MC Write LAG node at addr 0x5013 with id 255 and next node 0x5014 0x00ff_05014c00ff05013c
2025-04-10 03:27:34.984689 INFO  BF_MC Write LAG node at addr 0x5014 with id 255 and next node 0x5015 0x0000_00000000ff05015c
2025-04-10 03:27:34.984708 INFO  BF_MC Write LAG node at addr 0x5015 with id 255 and next node 0x5016 0x00ff_05016c00ff05015c
2025-04-10 03:27:34.984750 INFO  BF_MC Write LAG node at addr 0x5016 with id 255 and next node 0x5017 0x0000_00000000ff05017c
2025-04-10 03:27:34.984769 INFO  BF_MC Write LAG node at addr 0x5017 with id 255 and next node 0x5018 0x00ff_05018c00ff05017c
2025-04-10 03:27:34.984789 INFO  BF_MC Write LAG node at addr 0x5018 with id 255 and next node 0x5019 0x0000_00000000ff05019c
2025-04-10 03:27:34.984808 INFO  BF_MC Write LAG node at addr 0x5019 with id 255 and next node 0x501a 0x00ff_0501ac00ff05019c
2025-04-10 03:27:34.984827 INFO  BF_MC Write LAG node at addr 0x501a with id 255 and next node 0x501b 0x0000_00000000ff0501bc
2025-04-10 03:27:34.984846 INFO  BF_MC Write LAG node at addr 0x501b with id 255 and next node 0x501c 0x00ff_0501cc00ff0501bc
2025-04-10 03:27:34.984866 INFO  BF_MC Write LAG node at addr 0x501c with id 255 and next node 0x501d 0x0000_00000000ff0501dc
2025-04-10 03:27:34.984898 INFO  BF_MC Write LAG node at addr 0x501d with id 255 and next node 0x501e 0x00ff_0501ec00ff0501dc
2025-04-10 03:27:34.984914 INFO  BF_MC Write LAG node at addr 0x501e with id 255 and next node 0x501f 0x0000_00000000ff0501fc
2025-04-10 03:27:34.984945 INFO  BF_MC Write LAG node at addr 0x501f with id 255 and next node 0x5020 0x00ff_05020c00ff0501fc
2025-04-10 03:27:34.984965 INFO  BF_MC Write LAG node at addr 0x5020 with id 255 and next node 0x5021 0x0000_00000000ff05021c
2025-04-10 03:27:34.984984 INFO  BF_MC Write LAG node at addr 0x5021 with id 255 and next node 0x5022 0x00ff_05022c00ff05021c
2025-04-10 03:27:34.985003 INFO  BF_MC Write LAG node at addr 0x5022 with id 255 and next node 0x5023 0x0000_00000000ff05023c
2025-04-10 03:27:34.985022 INFO  BF_MC Write LAG node at addr 0x5023 with id 255 and next node 0x5024 0x00ff_05024c00ff05023c
2025-04-10 03:27:34.985049 INFO  BF_MC Write LAG node at addr 0x5024 with id 255 and next node 0x5025 0x0000_00000000ff05025c
2025-04-10 03:27:34.985068 INFO  BF_MC Write LAG node at addr 0x5025 with id 255 and next node 0x5026 0x00ff_05026c00ff05025c
2025-04-10 03:27:34.985087 INFO  BF_MC Write LAG node at addr 0x5026 with id 255 and next node 0x5027 0x0000_00000000ff05027c
2025-04-10 03:27:34.985127 INFO  BF_MC Write LAG node at addr 0x5027 with id 255 and next node 0x5028 0x00ff_05028c00ff05027c
2025-04-10 03:27:34.985156 INFO  BF_MC Write LAG node at addr 0x5028 with id 255 and next node 0x5029 0x0000_00000000ff05029c
2025-04-10 03:27:34.985179 INFO  BF_MC Write LAG node at addr 0x5029 with id 255 and next node 0x502a 0x00ff_0502ac00ff05029c
2025-04-10 03:27:34.985208 INFO  BF_MC Write LAG node at addr 0x502a with id 255 and next node 0x502b 0x0000_00000000ff0502bc
2025-04-10 03:27:34.985233 INFO  BF_MC Write LAG node at addr 0x502b with id 255 and next node 0x502c 0x00ff_0502cc00ff0502bc
2025-04-10 03:27:34.985253 INFO  BF_MC Write LAG node at addr 0x502c with id 255 and next node 0x502d 0x0000_00000000ff0502dc
2025-04-10 03:27:34.985273 INFO  BF_MC Write LAG node at addr 0x502d with id 255 and next node 0x502e 0x00ff_0502ec00ff0502dc
2025-04-10 03:27:34.985299 INFO  BF_MC Write LAG node at addr 0x502e with id 255 and next node 0x502f 0x0000_00000000ff0502fc
2025-04-10 03:27:34.985318 INFO  BF_MC Write LAG node at addr 0x502f with id 255 and next node 0x5030 0x00ff_05030c00ff0502fc
2025-04-10 03:27:34.985338 INFO  BF_MC Write LAG node at addr 0x5030 with id 255 and next node 0x5031 0x0000_00000000ff05031c
2025-04-10 03:27:34.985357 INFO  BF_MC Write LAG node at addr 0x5031 with id 255 and next node 0x5032 0x00ff_05032c00ff05031c
2025-04-10 03:27:34.985384 INFO  BF_MC Write LAG node at addr 0x5032 with id 255 and next node 0x5033 0x0000_00000000ff05033c
2025-04-10 03:27:34.985427 INFO  BF_MC Write LAG node at addr 0x5033 with id 255 and next node 0x5034 0x00ff_05034c00ff05033c
2025-04-10 03:27:34.985447 INFO  BF_MC Write LAG node at addr 0x5034 with id 255 and next node 0x5035 0x0000_00000000ff05035c
2025-04-10 03:27:34.985475 INFO  BF_MC Write LAG node at addr 0x5035 with id 255 and next node 0x5036 0x00ff_05036c00ff05035c
2025-04-10 03:27:34.985512 INFO  BF_MC Write LAG node at addr 0x5036 with id 255 and next node 0x5037 0x0000_00000000ff05037c
2025-04-10 03:27:34.985531 INFO  BF_MC Write LAG node at addr 0x5037 with id 255 and next node 0x5038 0x00ff_05038c00ff05037c
2025-04-10 03:27:34.985559 INFO  BF_MC Write LAG node at addr 0x5038 with id 255 and next node 0x5039 0x0000_00000000ff05039c
2025-04-10 03:27:34.985578 INFO  BF_MC Write LAG node at addr 0x5039 with id 255 and next node 0x503a 0x00ff_0503ac00ff05039c
2025-04-10 03:27:34.985597 INFO  BF_MC Write LAG node at addr 0x503a with id 255 and next node 0x503b 0x0000_00000000ff0503bc
2025-04-10 03:27:34.985616 INFO  BF_MC Write LAG node at addr 0x503b with id 255 and next node 0x503c 0x00ff_0503cc00ff0503bc
2025-04-10 03:27:34.985635 INFO  BF_MC Write LAG node at addr 0x503c with id 255 and next node 0x503d 0x0000_00000000ff0503dc
2025-04-10 03:27:34.985655 INFO  BF_MC Write LAG node at addr 0x503d with id 255 and next node 0x503e 0x00ff_0503ec00ff0503dc
2025-04-10 03:27:34.985681 INFO  BF_MC Write LAG node at addr 0x503e with id 255 and next node 0x503f 0x0000_00000000ff0503fc
2025-04-10 03:27:34.985701 INFO  BF_MC Write LAG node at addr 0x503f with id 255 and next node 0x5040 0x00ff_05040c00ff0503fc
2025-04-10 03:27:34.985720 INFO  BF_MC Write LAG node at addr 0x5040 with id 255 and next node 0x5041 0x0000_00000000ff05041c
2025-04-10 03:27:34.985748 INFO  BF_MC Write LAG node at addr 0x5041 with id 255 and next node 0x5042 0x00ff_05042c00ff05041c
2025-04-10 03:27:34.985766 INFO  BF_MC Write LAG node at addr 0x5042 with id 255 and next node 0x5043 0x0000_00000000ff05043c
2025-04-10 03:27:34.985790 INFO  BF_MC Write LAG node at addr 0x5043 with id 255 and next node 0x5044 0x00ff_05044c00ff05043c
2025-04-10 03:27:34.985832 INFO  BF_MC Write LAG node at addr 0x5044 with id 255 and next node 0x5045 0x0000_00000000ff05045c
2025-04-10 03:27:34.985851 INFO  BF_MC Write LAG node at addr 0x5045 with id 255 and next node 0x5046 0x00ff_05046c00ff05045c
2025-04-10 03:27:34.985870 INFO  BF_MC Write LAG node at addr 0x5046 with id 255 and next node 0x5047 0x0000_00000000ff05047c
2025-04-10 03:27:34.985904 INFO  BF_MC Write LAG node at addr 0x5047 with id 255 and next node 0x5048 0x00ff_05048c00ff05047c
2025-04-10 03:27:34.985924 INFO  BF_MC Write LAG node at addr 0x5048 with id 255 and next node 0x5049 0x0000_00000000ff05049c
2025-04-10 03:27:34.985950 INFO  BF_MC Write LAG node at addr 0x5049 with id 255 and next node 0x504a 0x00ff_0504ac00ff05049c
2025-04-10 03:27:34.985969 INFO  BF_MC Write LAG node at addr 0x504a with id 255 and next node 0x504b 0x0000_00000000ff0504bc
2025-04-10 03:27:34.985988 INFO  BF_MC Write LAG node at addr 0x504b with id 255 and next node 0x504c 0x00ff_0504cc00ff0504bc
2025-04-10 03:27:34.986014 INFO  BF_MC Write LAG node at addr 0x504c with id 255 and next node 0x504d 0x0000_00000000ff0504dc
2025-04-10 03:27:34.986035 INFO  BF_MC Write LAG node at addr 0x504d with id 255 and next node 0x504e 0x00ff_0504ec00ff0504dc
2025-04-10 03:27:34.986062 INFO  BF_MC Write LAG node at addr 0x504e with id 255 and next node 0x504f 0x0000_00000000ff0504fc
2025-04-10 03:27:34.986090 INFO  BF_MC Write LAG node at addr 0x504f with id 255 and next node 0x5050 0x00ff_05050c00ff0504fc
2025-04-10 03:27:34.986125 INFO  BF_MC Write LAG node at addr 0x5050 with id 255 and next node 0x5051 0x0000_00000000ff05051c
2025-04-10 03:27:34.986153 INFO  BF_MC Write LAG node at addr 0x5051 with id 255 and next node 0x5052 0x00ff_05052c00ff05051c
2025-04-10 03:27:34.986172 INFO  BF_MC Write LAG node at addr 0x5052 with id 255 and next node 0x5053 0x0000_00000000ff05053c
2025-04-10 03:27:34.986201 INFO  BF_MC Write LAG node at addr 0x5053 with id 255 and next node 0x5054 0x00ff_05054c00ff05053c
2025-04-10 03:27:34.986228 INFO  BF_MC Write LAG node at addr 0x5054 with id 255 and next node 0x5055 0x0000_00000000ff05055c
2025-04-10 03:27:34.986247 INFO  BF_MC Write LAG node at addr 0x5055 with id 255 and next node 0x5056 0x00ff_05056c00ff05055c
2025-04-10 03:27:34.986266 INFO  BF_MC Write LAG node at addr 0x5056 with id 255 and next node 0x5057 0x0000_00000000ff05057c
2025-04-10 03:27:34.986285 INFO  BF_MC Write LAG node at addr 0x5057 with id 255 and next node 0x5058 0x00ff_05058c00ff05057c
2025-04-10 03:27:34.986305 INFO  BF_MC Write LAG node at addr 0x5058 with id 255 and next node 0x5059 0x0000_00000000ff05059c
2025-04-10 03:27:34.986323 INFO  BF_MC Write LAG node at addr 0x5059 with id 255 and next node 0x505a 0x00ff_0505ac00ff05059c
2025-04-10 03:27:34.986349 INFO  BF_MC Write LAG node at addr 0x505a with id 255 and next node 0x505b 0x0000_00000000ff0505bc
2025-04-10 03:27:34.986380 INFO  BF_MC Write LAG node at addr 0x505b with id 255 and next node 0x505c 0x00ff_0505cc00ff0505bc
2025-04-10 03:27:34.986400 INFO  BF_MC Write LAG node at addr 0x505c with id 255 and next node 0x505d 0x0000_00000000ff0505dc
2025-04-10 03:27:34.986426 INFO  BF_MC Write LAG node at addr 0x505d with id 255 and next node 0x505e 0x00ff_0505ec00ff0505dc
2025-04-10 03:27:34.986445 INFO  BF_MC Write LAG node at addr 0x505e with id 255 and next node 0x505f 0x0000_00000000ff0505fc
2025-04-10 03:27:34.986464 INFO  BF_MC Write LAG node at addr 0x505f with id 255 and next node 0x5060 0x00ff_05060c00ff0505fc
2025-04-10 03:27:34.986484 INFO  BF_MC Write LAG node at addr 0x5060 with id 255 and next node 0x5061 0x0000_00000000ff05061c
2025-04-10 03:27:34.986511 INFO  BF_MC Write LAG node at addr 0x5061 with id 255 and next node 0x5062 0x00ff_05062c00ff05061c
2025-04-10 03:27:34.986529 INFO  BF_MC Write LAG node at addr 0x5062 with id 255 and next node 0x5063 0x0000_00000000ff05063c
2025-04-10 03:27:34.986548 INFO  BF_MC Write LAG node at addr 0x5063 with id 255 and next node 0x5064 0x00ff_05064c00ff05063c
2025-04-10 03:27:34.986568 INFO  BF_MC Write LAG node at addr 0x5064 with id 255 and next node 0x5065 0x0000_00000000ff05065c
2025-04-10 03:27:34.986587 INFO  BF_MC Write LAG node at addr 0x5065 with id 255 and next node 0x5066 0x00ff_05066c00ff05065c
2025-04-10 03:27:34.986614 INFO  BF_MC Write LAG node at addr 0x5066 with id 255 and next node 0x5067 0x0000_00000000ff05067c
2025-04-10 03:27:34.986633 INFO  BF_MC Write LAG node at addr 0x5067 with id 255 and next node 0x5068 0x00ff_05068c00ff05067c
2025-04-10 03:27:34.986652 INFO  BF_MC Write LAG node at addr 0x5068 with id 255 and next node 0x5069 0x0000_00000000ff05069c
2025-04-10 03:27:34.986679 INFO  BF_MC Write LAG node at addr 0x5069 with id 255 and next node 0x506a 0x00ff_0506ac00ff05069c
2025-04-10 03:27:34.986698 INFO  BF_MC Write LAG node at addr 0x506a with id 255 and next node 0x506b 0x0000_00000000ff0506bc
2025-04-10 03:27:34.986717 INFO  BF_MC Write LAG node at addr 0x506b with id 255 and next node 0x506c 0x00ff_0506cc00ff0506bc
2025-04-10 03:27:34.986744 INFO  BF_MC Write LAG node at addr 0x506c with id 255 and next node 0x506d 0x0000_00000000ff0506dc
2025-04-10 03:27:34.986763 INFO  BF_MC Write LAG node at addr 0x506d with id 255 and next node 0x506e 0x00ff_0506ec00ff0506dc
2025-04-10 03:27:34.986782 INFO  BF_MC Write LAG node at addr 0x506e with id 255 and next node 0x506f 0x0000_00000000ff0506fc
2025-04-10 03:27:34.986801 INFO  BF_MC Write LAG node at addr 0x506f with id 255 and next node 0x5070 0x00ff_05070c00ff0506fc
2025-04-10 03:27:34.986825 INFO  BF_MC Write LAG node at addr 0x5070 with id 255 and next node 0x5071 0x0000_00000000ff05071c
2025-04-10 03:27:34.986844 INFO  BF_MC Write LAG node at addr 0x5071 with id 255 and next node 0x5072 0x00ff_05072c00ff05071c
2025-04-10 03:27:34.986863 INFO  BF_MC Write LAG node at addr 0x5072 with id 255 and next node 0x5073 0x0000_00000000ff05073c
2025-04-10 03:27:34.986892 INFO  BF_MC Write LAG node at addr 0x5073 with id 255 and next node 0x5074 0x00ff_05074c00ff05073c
2025-04-10 03:27:34.986927 INFO  BF_MC Write LAG node at addr 0x5074 with id 255 and next node 0x5075 0x0000_00000000ff05075c
2025-04-10 03:27:34.986954 INFO  BF_MC Write LAG node at addr 0x5075 with id 255 and next node 0x5076 0x00ff_05076c00ff05075c
2025-04-10 03:27:34.986973 INFO  BF_MC Write LAG node at addr 0x5076 with id 255 and next node 0x5077 0x0000_00000000ff05077c
2025-04-10 03:27:34.986992 INFO  BF_MC Write LAG node at addr 0x5077 with id 255 and next node 0x5078 0x00ff_05078c00ff05077c
2025-04-10 03:27:34.987012 INFO  BF_MC Write LAG node at addr 0x5078 with id 255 and next node 0x5079 0x0000_00000000ff05079c
2025-04-10 03:27:34.987031 INFO  BF_MC Write LAG node at addr 0x5079 with id 255 and next node 0x507a 0x00ff_0507ac00ff05079c
2025-04-10 03:27:34.987050 INFO  BF_MC Write LAG node at addr 0x507a with id 255 and next node 0x507b 0x0000_00000000ff0507bc
2025-04-10 03:27:34.987069 INFO  BF_MC Write LAG node at addr 0x507b with id 255 and next node 0x507c 0x00ff_0507cc00ff0507bc
2025-04-10 03:27:34.987096 INFO  BF_MC Write LAG node at addr 0x507c with id 255 and next node 0x507d 0x0000_00000000ff0507dc
2025-04-10 03:27:34.987127 INFO  BF_MC Write LAG node at addr 0x507d with id 255 and next node 0x507e 0x00ff_0507ec00ff0507dc
2025-04-10 03:27:34.987153 INFO  BF_MC Write LAG node at addr 0x507e with id 255 and next node 0x507f 0x0000_00000000ff0507fc
2025-04-10 03:27:34.987179 INFO  BF_MC Write LAG node at addr 0x507f with id 255 and next node 0x5080 0x00ff_05080c00ff0507fc
2025-04-10 03:27:34.987206 INFO  BF_MC Write LAG node at addr 0x5080 with id 255 and next node 0x5081 0x0000_00000000ff05081c
2025-04-10 03:27:34.987225 INFO  BF_MC Write LAG node at addr 0x5081 with id 255 and next node 0x5082 0x00ff_05082c00ff05081c
2025-04-10 03:27:34.987244 INFO  BF_MC Write LAG node at addr 0x5082 with id 255 and next node 0x5083 0x0000_00000000ff05083c
2025-04-10 03:27:34.987262 INFO  BF_MC Write LAG node at addr 0x5083 with id 255 and next node 0x5084 0x00ff_05084c00ff05083c
2025-04-10 03:27:34.987282 INFO  BF_MC Write LAG node at addr 0x5084 with id 255 and next node 0x5085 0x0000_00000000ff05085c
2025-04-10 03:27:34.987301 INFO  BF_MC Write LAG node at addr 0x5085 with id 255 and next node 0x5086 0x00ff_05086c00ff05085c
2025-04-10 03:27:34.987320 INFO  BF_MC Write LAG node at addr 0x5086 with id 255 and next node 0x5087 0x0000_00000000ff05087c
2025-04-10 03:27:34.987347 INFO  BF_MC Write LAG node at addr 0x5087 with id 255 and next node 0x5088 0x00ff_05088c00ff05087c
2025-04-10 03:27:34.987367 INFO  BF_MC Write LAG node at addr 0x5088 with id 255 and next node 0x5089 0x0000_00000000ff05089c
2025-04-10 03:27:34.987385 INFO  BF_MC Write LAG node at addr 0x5089 with id 255 and next node 0x508a 0x00ff_0508ac00ff05089c
2025-04-10 03:27:34.987405 INFO  BF_MC Write LAG node at addr 0x508a with id 255 and next node 0x508b 0x0000_00000000ff0508bc
2025-04-10 03:27:34.987423 INFO  BF_MC Write LAG node at addr 0x508b with id 255 and next node 0x508c 0x00ff_0508cc00ff0508bc
2025-04-10 03:27:34.987495 INFO  BF_MC Write LAG node at addr 0x508c with id 255 and next node 0x508d 0x0000_00000000ff0508dc
2025-04-10 03:27:34.987515 INFO  BF_MC Write LAG node at addr 0x508d with id 255 and next node 0x508e 0x00ff_0508ec00ff0508dc
2025-04-10 03:27:34.987534 INFO  BF_MC Write LAG node at addr 0x508e with id 255 and next node 0x508f 0x0000_00000000ff0508fc
2025-04-10 03:27:34.987552 INFO  BF_MC Write LAG node at addr 0x508f with id 255 and next node 0x5090 0x00ff_05090c00ff0508fc
2025-04-10 03:27:34.987580 INFO  BF_MC Write LAG node at addr 0x5090 with id 255 and next node 0x5091 0x0000_00000000ff05091c
2025-04-10 03:27:34.987599 INFO  BF_MC Write LAG node at addr 0x5091 with id 255 and next node 0x5092 0x00ff_05092c00ff05091c
2025-04-10 03:27:34.987618 INFO  BF_MC Write LAG node at addr 0x5092 with id 255 and next node 0x5093 0x0000_00000000ff05093c
2025-04-10 03:27:34.987637 INFO  BF_MC Write LAG node at addr 0x5093 with id 255 and next node 0x5094 0x00ff_05094c00ff05093c
2025-04-10 03:27:34.987657 INFO  BF_MC Write LAG node at addr 0x5094 with id 255 and next node 0x5095 0x0000_00000000ff05095c
2025-04-10 03:27:34.987685 INFO  BF_MC Write LAG node at addr 0x5095 with id 255 and next node 0x5096 0x00ff_05096c00ff05095c
2025-04-10 03:27:34.987712 INFO  BF_MC Write LAG node at addr 0x5096 with id 255 and next node 0x5097 0x0000_00000000ff05097c
2025-04-10 03:27:34.987740 INFO  BF_MC Write LAG node at addr 0x5097 with id 255 and next node 0x5098 0x00ff_05098c00ff05097c
2025-04-10 03:27:34.987758 INFO  BF_MC Write LAG node at addr 0x5098 with id 255 and next node 0x5099 0x0000_00000000ff05099c
2025-04-10 03:27:34.987791 INFO  BF_MC Write LAG node at addr 0x5099 with id 255 and next node 0x509a 0x00ff_0509ac00ff05099c
2025-04-10 03:27:34.987810 INFO  BF_MC Write LAG node at addr 0x509a with id 255 and next node 0x509b 0x0000_00000000ff0509bc
2025-04-10 03:27:34.987843 INFO  BF_MC Write LAG node at addr 0x509b with id 255 and next node 0x509c 0x00ff_0509cc00ff0509bc
2025-04-10 03:27:34.987863 INFO  BF_MC Write LAG node at addr 0x509c with id 255 and next node 0x509d 0x0000_00000000ff0509dc
2025-04-10 03:27:34.987882 INFO  BF_MC Write LAG node at addr 0x509d with id 255 and next node 0x509e 0x00ff_0509ec00ff0509dc
2025-04-10 03:27:34.987917 INFO  BF_MC Write LAG node at addr 0x509e with id 255 and next node 0x509f 0x0000_00000000ff0509fc
2025-04-10 03:27:34.987943 INFO  BF_MC Write LAG node at addr 0x509f with id 255 and next node 0x50a0 0x00ff_050a0c00ff0509fc
2025-04-10 03:27:34.987963 INFO  BF_MC Write LAG node at addr 0x50a0 with id 255 and next node 0x50a1 0x0000_00000000ff050a1c
2025-04-10 03:27:34.987982 INFO  BF_MC Write LAG node at addr 0x50a1 with id 255 and next node 0x50a2 0x00ff_050a2c00ff050a1c
2025-04-10 03:27:34.988006 INFO  BF_MC Write LAG node at addr 0x50a2 with id 255 and next node 0x50a3 0x0000_00000000ff050a3c
2025-04-10 03:27:34.988036 INFO  BF_MC Write LAG node at addr 0x50a3 with id 255 and next node 0x50a4 0x00ff_050a4c00ff050a3c
2025-04-10 03:27:34.988061 INFO  BF_MC Write LAG node at addr 0x50a4 with id 255 and next node 0x50a5 0x0000_00000000ff050a5c
2025-04-10 03:27:34.988080 INFO  BF_MC Write LAG node at addr 0x50a5 with id 255 and next node 0x50a6 0x00ff_050a6c00ff050a5c
2025-04-10 03:27:34.988118 INFO  BF_MC Write LAG node at addr 0x50a6 with id 255 and next node 0x50a7 0x0000_00000000ff050a7c
2025-04-10 03:27:34.988138 INFO  BF_MC Write LAG node at addr 0x50a7 with id 255 and next node 0x50a8 0x00ff_050a8c00ff050a7c
2025-04-10 03:27:34.988166 INFO  BF_MC Write LAG node at addr 0x50a8 with id 255 and next node 0x50a9 0x0000_00000000ff050a9c
2025-04-10 03:27:34.988185 INFO  BF_MC Write LAG node at addr 0x50a9 with id 255 and next node 0x50aa 0x00ff_050aac00ff050a9c
2025-04-10 03:27:34.988204 INFO  BF_MC Write LAG node at addr 0x50aa with id 255 and next node 0x50ab 0x0000_00000000ff050abc
2025-04-10 03:27:34.988223 INFO  BF_MC Write LAG node at addr 0x50ab with id 255 and next node 0x50ac 0x00ff_050acc00ff050abc
2025-04-10 03:27:34.988250 INFO  BF_MC Write LAG node at addr 0x50ac with id 255 and next node 0x50ad 0x0000_00000000ff050adc
2025-04-10 03:27:34.988270 INFO  BF_MC Write LAG node at addr 0x50ad with id 255 and next node 0x50ae 0x00ff_050aec00ff050adc
2025-04-10 03:27:34.988298 INFO  BF_MC Write LAG node at addr 0x50ae with id 255 and next node 0x50af 0x0000_00000000ff050afc
2025-04-10 03:27:34.988316 INFO  BF_MC Write LAG node at addr 0x50af with id 255 and next node 0x50b0 0x00ff_050b0c00ff050afc
2025-04-10 03:27:34.988341 INFO  BF_MC Write LAG node at addr 0x50b0 with id 255 and next node 0x50b1 0x0000_00000000ff050b1c
2025-04-10 03:27:34.988360 INFO  BF_MC Write LAG node at addr 0x50b1 with id 255 and next node 0x50b2 0x00ff_050b2c00ff050b1c
2025-04-10 03:27:34.988379 INFO  BF_MC Write LAG node at addr 0x50b2 with id 255 and next node 0x50b3 0x0000_00000000ff050b3c
2025-04-10 03:27:34.988398 INFO  BF_MC Write LAG node at addr 0x50b3 with id 255 and next node 0x50b4 0x00ff_050b4c00ff050b3c
2025-04-10 03:27:34.988425 INFO  BF_MC Write LAG node at addr 0x50b4 with id 255 and next node 0x50b5 0x0000_00000000ff050b5c
2025-04-10 03:27:34.988454 INFO  BF_MC Write LAG node at addr 0x50b5 with id 255 and next node 0x50b6 0x00ff_050b6c00ff050b5c
2025-04-10 03:27:34.988473 INFO  BF_MC Write LAG node at addr 0x50b6 with id 255 and next node 0x50b7 0x0000_00000000ff050b7c
2025-04-10 03:27:34.988492 INFO  BF_MC Write LAG node at addr 0x50b7 with id 255 and next node 0x50b8 0x00ff_050b8c00ff050b7c
2025-04-10 03:27:34.988519 INFO  BF_MC Write LAG node at addr 0x50b8 with id 255 and next node 0x50b9 0x0000_00000000ff050b9c
2025-04-10 03:27:34.988538 INFO  BF_MC Write LAG node at addr 0x50b9 with id 255 and next node 0x50ba 0x00ff_050bac00ff050b9c
2025-04-10 03:27:34.988558 INFO  BF_MC Write LAG node at addr 0x50ba with id 255 and next node 0x50bb 0x0000_00000000ff050bbc
2025-04-10 03:27:34.988591 INFO  BF_MC Write LAG node at addr 0x50bb with id 255 and next node 0x50bc 0x00ff_050bcc00ff050bbc
2025-04-10 03:27:34.988610 INFO  BF_MC Write LAG node at addr 0x50bc with id 255 and next node 0x50bd 0x0000_00000000ff050bdc
2025-04-10 03:27:34.988629 INFO  BF_MC Write LAG node at addr 0x50bd with id 255 and next node 0x50be 0x00ff_050bec00ff050bdc
2025-04-10 03:27:34.988648 INFO  BF_MC Write LAG node at addr 0x50be with id 255 and next node 0x50bf 0x0000_00000000ff050bfc
2025-04-10 03:27:34.988692 INFO  BF_MC Write LAG node at addr 0x50bf with id 255 and next node 0x50c0 0x00ff_050c0c00ff050bfc
2025-04-10 03:27:34.988732 INFO  BF_MC Write LAG node at addr 0x50c0 with id 255 and next node 0x50c1 0x0000_00000000ff050c1c
2025-04-10 03:27:34.988743 INFO  BF_MC Write LAG node at addr 0x50c1 with id 255 and next node 0x50c2 0x00ff_050c2c00ff050c1c
2025-04-10 03:27:34.988762 INFO  BF_MC Write LAG node at addr 0x50c2 with id 255 and next node 0x50c3 0x0000_00000000ff050c3c
2025-04-10 03:27:34.988781 INFO  BF_MC Write LAG node at addr 0x50c3 with id 255 and next node 0x50c4 0x00ff_050c4c00ff050c3c
2025-04-10 03:27:34.988811 INFO  BF_MC Write LAG node at addr 0x50c4 with id 255 and next node 0x50c5 0x0000_00000000ff050c5c
2025-04-10 03:27:34.991547 INFO  BF_MC Write LAG node at addr 0x50c5 with id 255 and next node 0x50c6 0x00ff_050c6c00ff050c5c
2025-04-10 03:27:34.991603 INFO  BF_MC Write LAG node at addr 0x50c6 with id 255 and next node 0x50c7 0x0000_00000000ff050c7c
2025-04-10 03:27:34.991623 INFO  BF_MC Write LAG node at addr 0x50c7 with id 255 and next node 0x50c8 0x00ff_050c8c00ff050c7c
2025-04-10 03:27:34.991643 INFO  BF_MC Write LAG node at addr 0x50c8 with id 255 and next node 0x50c9 0x0000_00000000ff050c9c
2025-04-10 03:27:34.991670 INFO  BF_MC Write LAG node at addr 0x50c9 with id 255 and next node 0x50ca 0x00ff_050cac00ff050c9c
2025-04-10 03:27:34.991690 INFO  BF_MC Write LAG node at addr 0x50ca with id 255 and next node 0x50cb 0x0000_00000000ff050cbc
2025-04-10 03:27:34.991714 INFO  BF_MC Write LAG node at addr 0x50cb with id 255 and next node 0x50cc 0x00ff_050ccc00ff050cbc
2025-04-10 03:27:34.991744 INFO  BF_MC Write LAG node at addr 0x50cc with id 255 and next node 0x50cd 0x0000_00000000ff050cdc
2025-04-10 03:27:34.991769 INFO  BF_MC Write LAG node at addr 0x50cd with id 255 and next node 0x50ce 0x00ff_050cec00ff050cdc
2025-04-10 03:27:34.991796 INFO  BF_MC Write LAG node at addr 0x50ce with id 255 and next node 0x50cf 0x0000_00000000ff050cfc
2025-04-10 03:27:34.991816 INFO  BF_MC Write LAG node at addr 0x50cf with id 255 and next node 0x50d0 0x00ff_050d0c00ff050cfc
2025-04-10 03:27:34.991844 INFO  BF_MC Write LAG node at addr 0x50d0 with id 255 and next node 0x50d1 0x0000_00000000ff050d1c
2025-04-10 03:27:34.991863 INFO  BF_MC Write LAG node at addr 0x50d1 with id 255 and next node 0x50d2 0x00ff_050d2c00ff050d1c
2025-04-10 03:27:34.991883 INFO  BF_MC Write LAG node at addr 0x50d2 with id 255 and next node 0x50d3 0x0000_00000000ff050d3c
2025-04-10 03:27:34.991902 INFO  BF_MC Write LAG node at addr 0x50d3 with id 255 and next node 0x50d4 0x00ff_050d4c00ff050d3c
2025-04-10 03:27:34.991922 INFO  BF_MC Write LAG node at addr 0x50d4 with id 255 and next node 0x50d5 0x0000_00000000ff050d5c
2025-04-10 03:27:34.991949 INFO  BF_MC Write LAG node at addr 0x50d5 with id 255 and next node 0x50d6 0x00ff_050d6c00ff050d5c
2025-04-10 03:27:34.991979 INFO  BF_MC Write LAG node at addr 0x50d6 with id 255 and next node 0x50d7 0x0000_00000000ff050d7c
2025-04-10 03:27:34.992009 INFO  BF_MC Write LAG node at addr 0x50d7 with id 255 and next node 0x50d8 0x00ff_050d8c00ff050d7c
2025-04-10 03:27:34.992039 INFO  BF_MC Write LAG node at addr 0x50d8 with id 255 and next node 0x50d9 0x0000_00000000ff050d9c
2025-04-10 03:27:34.992081 INFO  BF_MC Write LAG node at addr 0x50d9 with id 255 and next node 0x50da 0x00ff_050dac00ff050d9c
2025-04-10 03:27:34.992134 INFO  BF_MC Write LAG node at addr 0x50da with id 255 and next node 0x50db 0x0000_00000000ff050dbc
2025-04-10 03:27:34.992154 INFO  BF_MC Write LAG node at addr 0x50db with id 255 and next node 0x50dc 0x00ff_050dcc00ff050dbc
2025-04-10 03:27:34.992181 INFO  BF_MC Write LAG node at addr 0x50dc with id 255 and next node 0x50dd 0x0000_00000000ff050ddc
2025-04-10 03:27:34.992200 INFO  BF_MC Write LAG node at addr 0x50dd with id 255 and next node 0x50de 0x00ff_050dec00ff050ddc
2025-04-10 03:27:34.992219 INFO  BF_MC Write LAG node at addr 0x50de with id 255 and next node 0x50df 0x0000_00000000ff050dfc
2025-04-10 03:27:34.992238 INFO  BF_MC Write LAG node at addr 0x50df with id 255 and next node 0x50e0 0x00ff_050e0c00ff050dfc
2025-04-10 03:27:34.992265 INFO  BF_MC Write LAG node at addr 0x50e0 with id 255 and next node 0x50e1 0x0000_00000000ff050e1c
2025-04-10 03:27:34.992284 INFO  BF_MC Write LAG node at addr 0x50e1 with id 255 and next node 0x50e2 0x00ff_050e2c00ff050e1c
2025-04-10 03:27:34.992303 INFO  BF_MC Write LAG node at addr 0x50e2 with id 255 and next node 0x50e3 0x0000_00000000ff050e3c
2025-04-10 03:27:34.992322 INFO  BF_MC Write LAG node at addr 0x50e3 with id 255 and next node 0x50e4 0x00ff_050e4c00ff050e3c
2025-04-10 03:27:34.992342 INFO  BF_MC Write LAG node at addr 0x50e4 with id 255 and next node 0x50e5 0x0000_00000000ff050e5c
2025-04-10 03:27:34.992368 INFO  BF_MC Write LAG node at addr 0x50e5 with id 255 and next node 0x50e6 0x00ff_050e6c00ff050e5c
2025-04-10 03:27:34.992387 INFO  BF_MC Write LAG node at addr 0x50e6 with id 255 and next node 0x50e7 0x0000_00000000ff050e7c
2025-04-10 03:27:34.992406 INFO  BF_MC Write LAG node at addr 0x50e7 with id 255 and next node 0x50e8 0x00ff_050e8c00ff050e7c
2025-04-10 03:27:34.992426 INFO  BF_MC Write LAG node at addr 0x50e8 with id 255 and next node 0x50e9 0x0000_00000000ff050e9c
2025-04-10 03:27:34.992445 INFO  BF_MC Write LAG node at addr 0x50e9 with id 255 and next node 0x50ea 0x00ff_050eac00ff050e9c
2025-04-10 03:27:34.992477 INFO  BF_MC Write LAG node at addr 0x50ea with id 255 and next node 0x50eb 0x0000_00000000ff050ebc
2025-04-10 03:27:34.992492 INFO  BF_MC Write LAG node at addr 0x50eb with id 255 and next node 0x50ec 0x00ff_050ecc00ff050ebc
2025-04-10 03:27:34.992522 INFO  BF_MC Write LAG node at addr 0x50ec with id 255 and next node 0x50ed 0x0000_00000000ff050edc
2025-04-10 03:27:34.992543 INFO  BF_MC Write LAG node at addr 0x50ed with id 255 and next node 0x50ee 0x00ff_050eec00ff050edc
2025-04-10 03:27:34.992569 INFO  BF_MC Write LAG node at addr 0x50ee with id 255 and next node 0x50ef 0x0000_00000000ff050efc
2025-04-10 03:27:34.992588 INFO  BF_MC Write LAG node at addr 0x50ef with id 255 and next node 0x50f0 0x00ff_050f0c00ff050efc
2025-04-10 03:27:34.992608 INFO  BF_MC Write LAG node at addr 0x50f0 with id 255 and next node 0x50f1 0x0000_00000000ff050f1c
2025-04-10 03:27:34.992627 INFO  BF_MC Write LAG node at addr 0x50f1 with id 255 and next node 0x50f2 0x00ff_050f2c00ff050f1c
2025-04-10 03:27:34.992646 INFO  BF_MC Write LAG node at addr 0x50f2 with id 255 and next node 0x50f3 0x0000_00000000ff050f3c
2025-04-10 03:27:34.992665 INFO  BF_MC Write LAG node at addr 0x50f3 with id 255 and next node 0x50f4 0x00ff_050f4c00ff050f3c
2025-04-10 03:27:34.992684 INFO  BF_MC Write LAG node at addr 0x50f4 with id 255 and next node 0x50f5 0x0000_00000000ff050f5c
2025-04-10 03:27:34.992711 INFO  BF_MC Write LAG node at addr 0x50f5 with id 255 and next node 0x50f6 0x00ff_050f6c00ff050f5c
2025-04-10 03:27:34.992740 INFO  BF_MC Write LAG node at addr 0x50f6 with id 255 and next node 0x50f7 0x0000_00000000ff050f7c
2025-04-10 03:27:34.992764 INFO  BF_MC Write LAG node at addr 0x50f7 with id 255 and next node 0x50f8 0x00ff_050f8c00ff050f7c
2025-04-10 03:27:34.992793 INFO  BF_MC Write LAG node at addr 0x50f8 with id 255 and next node 0x50f9 0x0000_00000000ff050f9c
2025-04-10 03:27:34.992831 INFO  BF_MC Write LAG node at addr 0x50f9 with id 255 and next node 0x50fa 0x00ff_050fac00ff050f9c
2025-04-10 03:27:34.992850 INFO  BF_MC Write LAG node at addr 0x50fa with id 255 and next node 0x50fb 0x0000_00000000ff050fbc
2025-04-10 03:27:34.992869 INFO  BF_MC Write LAG node at addr 0x50fb with id 255 and next node 0x50fc 0x00ff_050fcc00ff050fbc
2025-04-10 03:27:34.992911 INFO  BF_MC Write LAG node at addr 0x50fc with id 255 and next node 0x50fd 0x0000_00000000ff050fdc
2025-04-10 03:27:34.992930 INFO  BF_MC Write LAG node at addr 0x50fd with id 255 and next node 0x50fe 0x00ff_050fec00ff050fdc
2025-04-10 03:27:34.992957 INFO  BF_MC Write LAG node at addr 0x50fe with id 255 and next node 0x50ff 0x0000_00000000ff050ffc
2025-04-10 03:27:34.992976 INFO  BF_MC Write LAG node at addr 0x50ff with id 255 and next node 0x5100 0x00ff_05100c00ff050ffc
2025-04-10 03:27:34.992996 INFO  BF_MC Write LAG node at addr 0x5100 with id 255 and next node 0x5101 0x0000_00000000ff05101c
2025-04-10 03:27:34.993015 INFO  BF_MC Write LAG node at addr 0x5101 with id 255 and next node 0x5102 0x00ff_05102c00ff05101c
2025-04-10 03:27:34.993039 INFO  BF_MC Write LAG node at addr 0x5102 with id 255 and next node 0x5103 0x0000_00000000ff05103c
2025-04-10 03:27:34.993068 INFO  BF_MC Write LAG node at addr 0x5103 with id 255 and next node 0 0x00ff_00000c00ff05103c
2025-04-10 03:27:34.993122 INFO  BF_MC Allocated RDM addresses 0x11c0 - 0x11df
2025-04-10 03:27:34.993151 INFO  BF_MC Write L1End node at addr 0x11c0, rid 0, l2 0x5101
2025-04-10 03:27:34.993170 INFO  BF_MC Write L1End node at addr 0x11c1, rid 0, l2 0x5100
2025-04-10 03:27:34.993189 INFO  BF_MC Write L1End node at addr 0x11c2, rid 0, l2 0x50ff
2025-04-10 03:27:34.993208 INFO  BF_MC Write L1End node at addr 0x11c3, rid 0, l2 0x50fe
2025-04-10 03:27:34.993227 INFO  BF_MC Write L1End node at addr 0x11c4, rid 0, l2 0x50fd
2025-04-10 03:27:34.993245 INFO  BF_MC Write L1End node at addr 0x11c5, rid 0, l2 0x50fc
2025-04-10 03:27:34.993264 INFO  BF_MC Write L1End node at addr 0x11c6, rid 0, l2 0x50fb
2025-04-10 03:27:34.993284 INFO  BF_MC Write L1End node at addr 0x11c7, rid 0, l2 0x50fa
2025-04-10 03:27:34.993302 INFO  BF_MC Write L1End node at addr 0x11c8, rid 0, l2 0x50f8
2025-04-10 03:27:34.993338 INFO  BF_MC Write L1End node at addr 0x11c9, rid 0, l2 0x50f6
2025-04-10 03:27:34.993356 INFO  BF_MC Write L1End node at addr 0x11ca, rid 0, l2 0x50f4
2025-04-10 03:27:34.993381 INFO  BF_MC Write L1End node at addr 0x11cb, rid 0, l2 0x50f2
2025-04-10 03:27:34.993400 INFO  BF_MC Write L1End node at addr 0x11cc, rid 0, l2 0x50f0
2025-04-10 03:27:34.993418 INFO  BF_MC Write L1End node at addr 0x11cd, rid 0, l2 0x50ee
2025-04-10 03:27:34.993437 INFO  BF_MC Write L1End node at addr 0x11ce, rid 0, l2 0x50ec
2025-04-10 03:27:34.993456 INFO  BF_MC Write L1End node at addr 0x11cf, rid 0, l2 0x50ea
2025-04-10 03:27:34.993475 INFO  BF_MC Write L1End node at addr 0x11d0, rid 0, l2 0x50e8
2025-04-10 03:27:34.993494 INFO  BF_MC Write L1End node at addr 0x11d1, rid 0, l2 0x50e6
2025-04-10 03:27:34.993512 INFO  BF_MC Write L1End node at addr 0x11d2, rid 0, l2 0x50e4
2025-04-10 03:27:34.993532 INFO  BF_MC Write L1End node at addr 0x11d3, rid 0, l2 0x50e0
2025-04-10 03:27:34.993551 INFO  BF_MC Write L1End node at addr 0x11d4, rid 0, l2 0x50dc
2025-04-10 03:27:34.993570 INFO  BF_MC Write L1End node at addr 0x11d5, rid 0, l2 0x50d8
2025-04-10 03:27:34.993588 INFO  BF_MC Write L1End node at addr 0x11d6, rid 0, l2 0x50d4
2025-04-10 03:27:34.993615 INFO  BF_MC Write L1End node at addr 0x11d7, rid 0, l2 0x50cc
2025-04-10 03:27:34.993634 INFO  BF_MC Write L1End node at addr 0x11d8, rid 0, l2 0x50c4
2025-04-10 03:27:34.993677 INFO  BF_MC Write L1End node at addr 0x11d9, rid 0, l2 0x50bc
2025-04-10 03:27:34.993696 INFO  BF_MC Write L1End node at addr 0x11da, rid 0, l2 0x50a0
2025-04-10 03:27:34.993723 INFO  BF_MC Write L1End node at addr 0x11db, rid 0, l2 0x5087
2025-04-10 03:27:34.993742 INFO  BF_MC Write L1End node at addr 0x11dc, rid 0, l2 0x506e
2025-04-10 03:27:34.993760 INFO  BF_MC Write L1End node at addr 0x11dd, rid 0, l2 0x5055
2025-04-10 03:27:34.993779 INFO  BF_MC Write L1End node at addr 0x11de, rid 0, l2 0x503c
2025-04-10 03:27:34.993798 INFO  BF_MC Write L1End node at addr 0x11df, rid 0, l2 0x5000
2025-04-10 03:27:34.993826 INFO  BF_MC Allocated RDM addresses 0x6000 - 0x6103
2025-04-10 03:27:34.993845 INFO  BF_MC Write LAG node at addr 0x6000 with id 255 and next node 0x6001 0x0000_00000000ff06001c
2025-04-10 03:27:34.993865 INFO  BF_MC Write LAG node at addr 0x6001 with id 255 and next node 0x6002 0x00ff_06002c00ff06001c
2025-04-10 03:27:34.993884 INFO  BF_MC Write LAG node at addr 0x6002 with id 255 and next node 0x6003 0x0000_00000000ff06003c
2025-04-10 03:27:34.993921 INFO  BF_MC Write LAG node at addr 0x6003 with id 255 and next node 0x6004 0x00ff_06004c00ff06003c
2025-04-10 03:27:34.993956 INFO  BF_MC Write LAG node at addr 0x6004 with id 255 and next node 0x6005 0x0000_00000000ff06005c
2025-04-10 03:27:34.993981 INFO  BF_MC Write LAG node at addr 0x6005 with id 255 and next node 0x6006 0x00ff_06006c00ff06005c
2025-04-10 03:27:34.994001 INFO  BF_MC Write LAG node at addr 0x6006 with id 255 and next node 0x6007 0x0000_00000000ff06007c
2025-04-10 03:27:34.994019 INFO  BF_MC Write LAG node at addr 0x6007 with id 255 and next node 0x6008 0x00ff_06008c00ff06007c
2025-04-10 03:27:34.994038 INFO  BF_MC Write LAG node at addr 0x6008 with id 255 and next node 0x6009 0x0000_00000000ff06009c
2025-04-10 03:27:34.994057 INFO  BF_MC Write LAG node at addr 0x6009 with id 255 and next node 0x600a 0x00ff_0600ac00ff06009c
2025-04-10 03:27:34.994085 INFO  BF_MC Write LAG node at addr 0x600a with id 255 and next node 0x600b 0x0000_00000000ff0600bc
2025-04-10 03:27:34.994124 INFO  BF_MC Write LAG node at addr 0x600b with id 255 and next node 0x600c 0x00ff_0600cc00ff0600bc
2025-04-10 03:27:34.994152 INFO  BF_MC Write LAG node at addr 0x600c with id 255 and next node 0x600d 0x0000_00000000ff0600dc
2025-04-10 03:27:34.994171 INFO  BF_MC Write LAG node at addr 0x600d with id 255 and next node 0x600e 0x00ff_0600ec00ff0600dc
2025-04-10 03:27:34.994191 INFO  BF_MC Write LAG node at addr 0x600e with id 255 and next node 0x600f 0x0000_00000000ff0600fc
2025-04-10 03:27:34.994210 INFO  BF_MC Write LAG node at addr 0x600f with id 255 and next node 0x6010 0x00ff_06010c00ff0600fc
2025-04-10 03:27:34.994229 INFO  BF_MC Write LAG node at addr 0x6010 with id 255 and next node 0x6011 0x0000_00000000ff06011c
2025-04-10 03:27:34.994248 INFO  BF_MC Write LAG node at addr 0x6011 with id 255 and next node 0x6012 0x00ff_06012c00ff06011c
2025-04-10 03:27:34.994267 INFO  BF_MC Write LAG node at addr 0x6012 with id 255 and next node 0x6013 0x0000_00000000ff06013c
2025-04-10 03:27:34.994286 INFO  BF_MC Write LAG node at addr 0x6013 with id 255 and next node 0x6014 0x00ff_06014c00ff06013c
2025-04-10 03:27:34.994306 INFO  BF_MC Write LAG node at addr 0x6014 with id 255 and next node 0x6015 0x0000_00000000ff06015c
2025-04-10 03:27:34.994325 INFO  BF_MC Write LAG node at addr 0x6015 with id 255 and next node 0x6016 0x00ff_06016c00ff06015c
2025-04-10 03:27:34.994352 INFO  BF_MC Write LAG node at addr 0x6016 with id 255 and next node 0x6017 0x0000_00000000ff06017c
2025-04-10 03:27:34.994371 INFO  BF_MC Write LAG node at addr 0x6017 with id 255 and next node 0x6018 0x00ff_06018c00ff06017c
2025-04-10 03:27:34.994390 INFO  BF_MC Write LAG node at addr 0x6018 with id 255 and next node 0x6019 0x0000_00000000ff06019c
2025-04-10 03:27:34.994409 INFO  BF_MC Write LAG node at addr 0x6019 with id 255 and next node 0x601a 0x00ff_0601ac00ff06019c
2025-04-10 03:27:34.994433 INFO  BF_MC Write LAG node at addr 0x601a with id 255 and next node 0x601b 0x0000_00000000ff0601bc
2025-04-10 03:27:34.994454 INFO  BF_MC Write LAG node at addr 0x601b with id 255 and next node 0x601c 0x00ff_0601cc00ff0601bc
2025-04-10 03:27:34.994457 INFO  BF_MC Write LAG node at addr 0x601c with id 255 and next node 0x601d 0x0000_00000000ff0601dc
2025-04-10 03:27:34.994461 INFO  BF_MC Write LAG node at addr 0x601d with id 255 and next node 0x601e 0x00ff_0601ec00ff0601dc
2025-04-10 03:27:34.994486 INFO  BF_MC Write LAG node at addr 0x601e with id 255 and next node 0x601f 0x0000_00000000ff0601fc
2025-04-10 03:27:34.994516 INFO  BF_MC Write LAG node at addr 0x601f with id 255 and next node 0x6020 0x00ff_06020c00ff0601fc
2025-04-10 03:27:34.994536 INFO  BF_MC Write LAG node at addr 0x6020 with id 255 and next node 0x6021 0x0000_00000000ff06021c
2025-04-10 03:27:34.994555 INFO  BF_MC Write LAG node at addr 0x6021 with id 255 and next node 0x6022 0x00ff_06022c00ff06021c
2025-04-10 03:27:34.994574 INFO  BF_MC Write LAG node at addr 0x6022 with id 255 and next node 0x6023 0x0000_00000000ff06023c
2025-04-10 03:27:34.994593 INFO  BF_MC Write LAG node at addr 0x6023 with id 255 and next node 0x6024 0x00ff_06024c00ff06023c
2025-04-10 03:27:34.994620 INFO  BF_MC Write LAG node at addr 0x6024 with id 255 and next node 0x6025 0x0000_00000000ff06025c
2025-04-10 03:27:34.994639 INFO  BF_MC Write LAG node at addr 0x6025 with id 255 and next node 0x6026 0x00ff_06026c00ff06025c
2025-04-10 03:27:34.994659 INFO  BF_MC Write LAG node at addr 0x6026 with id 255 and next node 0x6027 0x0000_00000000ff06027c
2025-04-10 03:27:34.994678 INFO  BF_MC Write LAG node at addr 0x6027 with id 255 and next node 0x6028 0x00ff_06028c00ff06027c
2025-04-10 03:27:34.994696 INFO  BF_MC Write LAG node at addr 0x6028 with id 255 and next node 0x6029 0x0000_00000000ff06029c
2025-04-10 03:27:34.994715 INFO  BF_MC Write LAG node at addr 0x6029 with id 255 and next node 0x602a 0x00ff_0602ac00ff06029c
2025-04-10 03:27:34.994747 INFO  BF_MC Write LAG node at addr 0x602a with id 255 and next node 0x602b 0x0000_00000000ff0602bc
2025-04-10 03:27:34.994774 INFO  BF_MC Write LAG node at addr 0x602b with id 255 and next node 0x602c 0x00ff_0602cc00ff0602bc
2025-04-10 03:27:34.994791 INFO  BF_MC Write LAG node at addr 0x602c with id 255 and next node 0x602d 0x0000_00000000ff0602dc
2025-04-10 03:27:34.994811 INFO  BF_MC Write LAG node at addr 0x602d with id 255 and next node 0x602e 0x00ff_0602ec00ff0602dc
2025-04-10 03:27:34.994831 INFO  BF_MC Write LAG node at addr 0x602e with id 255 and next node 0x602f 0x0000_00000000ff0602fc
2025-04-10 03:27:34.994857 INFO  BF_MC Write LAG node at addr 0x602f with id 255 and next node 0x6030 0x00ff_06030c00ff0602fc
2025-04-10 03:27:34.994876 INFO  BF_MC Write LAG node at addr 0x6030 with id 255 and next node 0x6031 0x0000_00000000ff06031c
2025-04-10 03:27:34.994895 INFO  BF_MC Write LAG node at addr 0x6031 with id 255 and next node 0x6032 0x00ff_06032c00ff06031c
2025-04-10 03:27:34.994915 INFO  BF_MC Write LAG node at addr 0x6032 with id 255 and next node 0x6033 0x0000_00000000ff06033c
2025-04-10 03:27:34.994934 INFO  BF_MC Write LAG node at addr 0x6033 with id 255 and next node 0x6034 0x00ff_06034c00ff06033c
2025-04-10 03:27:34.994953 INFO  BF_MC Write LAG node at addr 0x6034 with id 255 and next node 0x6035 0x0000_00000000ff06035c
2025-04-10 03:27:34.994980 INFO  BF_MC Write LAG node at addr 0x6035 with id 255 and next node 0x6036 0x00ff_06036c00ff06035c
2025-04-10 03:27:34.994984 INFO  BF_MC Write LAG node at addr 0x6036 with id 255 and next node 0x6037 0x0000_00000000ff06037c
2025-04-10 03:27:34.994996 INFO  BF_MC Write LAG node at addr 0x6037 with id 255 and next node 0x6038 0x00ff_06038c00ff06037c
2025-04-10 03:27:34.995014 INFO  BF_MC Write LAG node at addr 0x6038 with id 255 and next node 0x6039 0x0000_00000000ff06039c
2025-04-10 03:27:34.995043 INFO  BF_MC Write LAG node at addr 0x6039 with id 255 and next node 0x603a 0x00ff_0603ac00ff06039c
2025-04-10 03:27:34.995090 INFO  BF_MC Write LAG node at addr 0x603a with id 255 and next node 0x603b 0x0000_00000000ff0603bc
2025-04-10 03:27:34.995276 INFO  BF_MC Write LAG node at addr 0x603b with id 255 and next node 0x603c 0x00ff_0603cc00ff0603bc
2025-04-10 03:27:34.995321 INFO  BF_MC Write LAG node at addr 0x603c with id 255 and next node 0x603d 0x0000_00000000ff0603dc
2025-04-10 03:27:34.995351 INFO  BF_MC Write LAG node at addr 0x603d with id 255 and next node 0x603e 0x00ff_0603ec00ff0603dc
2025-04-10 03:27:34.995371 INFO  BF_MC Write LAG node at addr 0x603e with id 255 and next node 0x603f 0x0000_00000000ff0603fc
2025-04-10 03:27:34.995390 INFO  BF_MC Write LAG node at addr 0x603f with id 255 and next node 0x6040 0x00ff_06040c00ff0603fc
2025-04-10 03:27:34.995409 INFO  BF_MC Write LAG node at addr 0x6040 with id 255 and next node 0x6041 0x0000_00000000ff06041c
2025-04-10 03:27:34.995428 INFO  BF_MC Write LAG node at addr 0x6041 with id 255 and next node 0x6042 0x00ff_06042c00ff06041c
2025-04-10 03:27:34.995448 INFO  BF_MC Write LAG node at addr 0x6042 with id 255 and next node 0x6043 0x0000_00000000ff06043c
2025-04-10 03:27:34.995481 INFO  BF_MC Write LAG node at addr 0x6043 with id 255 and next node 0x6044 0x00ff_06044c00ff06043c
2025-04-10 03:27:34.995500 INFO  BF_MC Write LAG node at addr 0x6044 with id 255 and next node 0x6045 0x0000_00000000ff06045c
2025-04-10 03:27:34.995519 INFO  BF_MC Write LAG node at addr 0x6045 with id 255 and next node 0x6046 0x00ff_06046c00ff06045c
2025-04-10 03:27:34.995554 INFO  BF_MC Write LAG node at addr 0x6046 with id 255 and next node 0x6047 0x0000_00000000ff06047c
2025-04-10 03:27:34.995573 INFO  BF_MC Write LAG node at addr 0x6047 with id 255 and next node 0x6048 0x00ff_06048c00ff06047c
2025-04-10 03:27:34.995601 INFO  BF_MC Write LAG node at addr 0x6048 with id 255 and next node 0x6049 0x0000_00000000ff06049c
2025-04-10 03:27:34.995618 INFO  BF_MC Write LAG node at addr 0x6049 with id 255 and next node 0x604a 0x00ff_0604ac00ff06049c
2025-04-10 03:27:34.995643 INFO  BF_MC Write LAG node at addr 0x604a with id 255 and next node 0x604b 0x0000_00000000ff0604bc
2025-04-10 03:27:34.995662 INFO  BF_MC Write LAG node at addr 0x604b with id 255 and next node 0x604c 0x00ff_0604cc00ff0604bc
2025-04-10 03:27:34.995681 INFO  BF_MC Write LAG node at addr 0x604c with id 255 and next node 0x604d 0x0000_00000000ff0604dc
2025-04-10 03:27:34.995700 INFO  BF_MC Write LAG node at addr 0x604d with id 255 and next node 0x604e 0x00ff_0604ec00ff0604dc
2025-04-10 03:27:34.995727 INFO  BF_MC Write LAG node at addr 0x604e with id 255 and next node 0x604f 0x0000_00000000ff0604fc
2025-04-10 03:27:34.995746 INFO  BF_MC Write LAG node at addr 0x604f with id 255 and next node 0x6050 0x00ff_06050c00ff0604fc
2025-04-10 03:27:34.995765 INFO  BF_MC Write LAG node at addr 0x6050 with id 255 and next node 0x6051 0x0000_00000000ff06051c
2025-04-10 03:27:34.995784 INFO  BF_MC Write LAG node at addr 0x6051 with id 255 and next node 0x6052 0x00ff_06052c00ff06051c
2025-04-10 03:27:34.995804 INFO  BF_MC Write LAG node at addr 0x6052 with id 255 and next node 0x6053 0x0000_00000000ff06053c
2025-04-10 03:27:34.995823 INFO  BF_MC Write LAG node at addr 0x6053 with id 255 and next node 0x6054 0x00ff_06054c00ff06053c
2025-04-10 03:27:34.995850 INFO  BF_MC Write LAG node at addr 0x6054 with id 255 and next node 0x6055 0x0000_00000000ff06055c
2025-04-10 03:27:34.995878 INFO  BF_MC Write LAG node at addr 0x6055 with id 255 and next node 0x6056 0x00ff_06056c00ff06055c
2025-04-10 03:27:34.995910 INFO  BF_MC Write LAG node at addr 0x6056 with id 255 and next node 0x6057 0x0000_00000000ff06057c
2025-04-10 03:27:34.995929 INFO  BF_MC Write LAG node at addr 0x6057 with id 255 and next node 0x6058 0x00ff_06058c00ff06057c
2025-04-10 03:27:34.995948 INFO  BF_MC Write LAG node at addr 0x6058 with id 255 and next node 0x6059 0x0000_00000000ff06059c
2025-04-10 03:27:34.995967 INFO  BF_MC Write LAG node at addr 0x6059 with id 255 and next node 0x605a 0x00ff_0605ac00ff06059c
2025-04-10 03:27:34.995987 INFO  BF_MC Write LAG node at addr 0x605a with id 255 and next node 0x605b 0x0000_00000000ff0605bc
2025-04-10 03:27:34.996006 INFO  BF_MC Write LAG node at addr 0x605b with id 255 and next node 0x605c 0x00ff_0605cc00ff0605bc
2025-04-10 03:27:34.996034 INFO  BF_MC Write LAG node at addr 0x605c with id 255 and next node 0x605d 0x0000_00000000ff0605dc
2025-04-10 03:27:34.996061 INFO  BF_MC Write LAG node at addr 0x605d with id 255 and next node 0x605e 0x00ff_0605ec00ff0605dc
2025-04-10 03:27:34.996080 INFO  BF_MC Write LAG node at addr 0x605e with id 255 and next node 0x605f 0x0000_00000000ff0605fc
2025-04-10 03:27:34.996110 INFO  BF_MC Write LAG node at addr 0x605f with id 255 and next node 0x6060 0x00ff_06060c00ff0605fc
2025-04-10 03:27:34.996137 INFO  BF_MC Write LAG node at addr 0x6060 with id 255 and next node 0x6061 0x0000_00000000ff06061c
2025-04-10 03:27:34.996156 INFO  BF_MC Write LAG node at addr 0x6061 with id 255 and next node 0x6062 0x00ff_06062c00ff06061c
2025-04-10 03:27:34.996176 INFO  BF_MC Write LAG node at addr 0x6062 with id 255 and next node 0x6063 0x0000_00000000ff06063c
2025-04-10 03:27:34.996203 INFO  BF_MC Write LAG node at addr 0x6063 with id 255 and next node 0x6064 0x00ff_06064c00ff06063c
2025-04-10 03:27:34.996214 INFO  BF_MC Write LAG node at addr 0x6064 with id 255 and next node 0x6065 0x0000_00000000ff06065c
2025-04-10 03:27:34.996246 INFO  BF_MC Write LAG node at addr 0x6065 with id 255 and next node 0x6066 0x00ff_06066c00ff06065c
2025-04-10 03:27:34.996274 INFO  BF_MC Write LAG node at addr 0x6066 with id 255 and next node 0x6067 0x0000_00000000ff06067c
2025-04-10 03:27:34.996299 INFO  BF_MC Write LAG node at addr 0x6067 with id 255 and next node 0x6068 0x00ff_06068c00ff06067c
2025-04-10 03:27:34.996318 INFO  BF_MC Write LAG node at addr 0x6068 with id 255 and next node 0x6069 0x0000_00000000ff06069c
2025-04-10 03:27:34.996337 INFO  BF_MC Write LAG node at addr 0x6069 with id 255 and next node 0x606a 0x00ff_0606ac00ff06069c
2025-04-10 03:27:34.996357 INFO  BF_MC Write LAG node at addr 0x606a with id 255 and next node 0x606b 0x0000_00000000ff0606bc
2025-04-10 03:27:34.996376 INFO  BF_MC Write LAG node at addr 0x606b with id 255 and next node 0x606c 0x00ff_0606cc00ff0606bc
2025-04-10 03:27:34.996395 INFO  BF_MC Write LAG node at addr 0x606c with id 255 and next node 0x606d 0x0000_00000000ff0606dc
2025-04-10 03:27:34.996413 INFO  BF_MC Write LAG node at addr 0x606d with id 255 and next node 0x606e 0x00ff_0606ec00ff0606dc
2025-04-10 03:27:34.996441 INFO  BF_MC Write LAG node at addr 0x606e with id 255 and next node 0x606f 0x0000_00000000ff0606fc
2025-04-10 03:27:34.996460 INFO  BF_MC Write LAG node at addr 0x606f with id 255 and next node 0x6070 0x00ff_06070c00ff0606fc
2025-04-10 03:27:34.996471 INFO  BF_MC Write LAG node at addr 0x6070 with id 255 and next node 0x6071 0x0000_00000000ff06071c
2025-04-10 03:27:34.996498 INFO  BF_MC Write LAG node at addr 0x6071 with id 255 and next node 0x6072 0x00ff_06072c00ff06071c
2025-04-10 03:27:34.996517 INFO  BF_MC Write LAG node at addr 0x6072 with id 255 and next node 0x6073 0x0000_00000000ff06073c
2025-04-10 03:27:34.996546 INFO  BF_MC Write LAG node at addr 0x6073 with id 255 and next node 0x6074 0x00ff_06074c00ff06073c
2025-04-10 03:27:34.996587 INFO  BF_MC Write LAG node at addr 0x6074 with id 255 and next node 0x6075 0x0000_00000000ff06075c
2025-04-10 03:27:34.996606 INFO  BF_MC Write LAG node at addr 0x6075 with id 255 and next node 0x6076 0x00ff_06076c00ff06075c
2025-04-10 03:27:34.996625 INFO  BF_MC Write LAG node at addr 0x6076 with id 255 and next node 0x6077 0x0000_00000000ff06077c
2025-04-10 03:27:34.996667 INFO  BF_MC Write LAG node at addr 0x6077 with id 255 and next node 0x6078 0x00ff_06078c00ff06077c
2025-04-10 03:27:34.996686 INFO  BF_MC Write LAG node at addr 0x6078 with id 255 and next node 0x6079 0x0000_00000000ff06079c
2025-04-10 03:27:34.996713 INFO  BF_MC Write LAG node at addr 0x6079 with id 255 and next node 0x607a 0x00ff_0607ac00ff06079c
2025-04-10 03:27:34.996733 INFO  BF_MC Write LAG node at addr 0x607a with id 255 and next node 0x607b 0x0000_00000000ff0607bc
2025-04-10 03:27:34.996752 INFO  BF_MC Write LAG node at addr 0x607b with id 255 and next node 0x607c 0x00ff_0607cc00ff0607bc
2025-04-10 03:27:34.996770 INFO  BF_MC Write LAG node at addr 0x607c with id 255 and next node 0x607d 0x0000_00000000ff0607dc
2025-04-10 03:27:34.996799 INFO  BF_MC Write LAG node at addr 0x607d with id 255 and next node 0x607e 0x00ff_0607ec00ff0607dc
2025-04-10 03:27:34.996828 INFO  BF_MC Write LAG node at addr 0x607e with id 255 and next node 0x607f 0x0000_00000000ff0607fc
2025-04-10 03:27:34.996858 INFO  BF_MC Write LAG node at addr 0x607f with id 255 and next node 0x6080 0x00ff_06080c00ff0607fc
2025-04-10 03:27:34.996877 INFO  BF_MC Write LAG node at addr 0x6080 with id 255 and next node 0x6081 0x0000_00000000ff06081c
2025-04-10 03:27:34.996896 INFO  BF_MC Write LAG node at addr 0x6081 with id 255 and next node 0x6082 0x00ff_06082c00ff06081c
2025-04-10 03:27:34.996916 INFO  BF_MC Write LAG node at addr 0x6082 with id 255 and next node 0x6083 0x0000_00000000ff06083c
2025-04-10 03:27:34.996935 INFO  BF_MC Write LAG node at addr 0x6083 with id 255 and next node 0x6084 0x00ff_06084c00ff06083c
2025-04-10 03:27:34.996961 INFO  BF_MC Write LAG node at addr 0x6084 with id 255 and next node 0x6085 0x0000_00000000ff06085c
2025-04-10 03:27:34.996980 INFO  BF_MC Write LAG node at addr 0x6085 with id 255 and next node 0x6086 0x00ff_06086c00ff06085c
2025-04-10 03:27:34.997000 INFO  BF_MC Write LAG node at addr 0x6086 with id 255 and next node 0x6087 0x0000_00000000ff06087c
2025-04-10 03:27:34.997019 INFO  BF_MC Write LAG node at addr 0x6087 with id 255 and next node 0x6088 0x00ff_06088c00ff06087c
2025-04-10 03:27:34.997046 INFO  BF_MC Write LAG node at addr 0x6088 with id 255 and next node 0x6089 0x0000_00000000ff06089c
2025-04-10 03:27:34.997065 INFO  BF_MC Write LAG node at addr 0x6089 with id 255 and next node 0x608a 0x00ff_0608ac00ff06089c
2025-04-10 03:27:34.997090 INFO  BF_MC Write LAG node at addr 0x608a with id 255 and next node 0x608b 0x0000_00000000ff0608bc
2025-04-10 03:27:34.997145 INFO  BF_MC Write LAG node at addr 0x608b with id 255 and next node 0x608c 0x00ff_0608cc00ff0608bc
2025-04-10 03:27:34.997165 INFO  BF_MC Write LAG node at addr 0x608c with id 255 and next node 0x608d 0x0000_00000000ff0608dc
2025-04-10 03:27:34.997184 INFO  BF_MC Write LAG node at addr 0x608d with id 255 and next node 0x608e 0x00ff_0608ec00ff0608dc
2025-04-10 03:27:34.997203 INFO  BF_MC Write LAG node at addr 0x608e with id 255 and next node 0x608f 0x0000_00000000ff0608fc
2025-04-10 03:27:34.997222 INFO  BF_MC Write LAG node at addr 0x608f with id 255 and next node 0x6090 0x00ff_06090c00ff0608fc
2025-04-10 03:27:34.997241 INFO  BF_MC Write LAG node at addr 0x6090 with id 255 and next node 0x6091 0x0000_00000000ff06091c
2025-04-10 03:27:34.997260 INFO  BF_MC Write LAG node at addr 0x6091 with id 255 and next node 0x6092 0x00ff_06092c00ff06091c
2025-04-10 03:27:34.997280 INFO  BF_MC Write LAG node at addr 0x6092 with id 255 and next node 0x6093 0x0000_00000000ff06093c
2025-04-10 03:27:34.997306 INFO  BF_MC Write LAG node at addr 0x6093 with id 255 and next node 0x6094 0x00ff_06094c00ff06093c
2025-04-10 03:27:34.997325 INFO  BF_MC Write LAG node at addr 0x6094 with id 255 and next node 0x6095 0x0000_00000000ff06095c
2025-04-10 03:27:34.997344 INFO  BF_MC Write LAG node at addr 0x6095 with id 255 and next node 0x6096 0x00ff_06096c00ff06095c
2025-04-10 03:27:34.997364 INFO  BF_MC Write LAG node at addr 0x6096 with id 255 and next node 0x6097 0x0000_00000000ff06097c
2025-04-10 03:27:34.997391 INFO  BF_MC Write LAG node at addr 0x6097 with id 255 and next node 0x6098 0x00ff_06098c00ff06097c
2025-04-10 03:27:34.997418 INFO  BF_MC Write LAG node at addr 0x6098 with id 255 and next node 0x6099 0x0000_00000000ff06099c
2025-04-10 03:27:34.997449 INFO  BF_MC Write LAG node at addr 0x6099 with id 255 and next node 0x609a 0x00ff_0609ac00ff06099c
2025-04-10 03:27:34.997469 INFO  BF_MC Write LAG node at addr 0x609a with id 255 and next node 0x609b 0x0000_00000000ff0609bc
2025-04-10 03:27:34.997496 INFO  BF_MC Write LAG node at addr 0x609b with id 255 and next node 0x609c 0x00ff_0609cc00ff0609bc
2025-04-10 03:27:34.997514 INFO  BF_MC Write LAG node at addr 0x609c with id 255 and next node 0x609d 0x0000_00000000ff0609dc
2025-04-10 03:27:34.997543 INFO  BF_MC Write LAG node at addr 0x609d with id 255 and next node 0x609e 0x00ff_0609ec00ff0609dc
2025-04-10 03:27:34.997562 INFO  BF_MC Write LAG node at addr 0x609e with id 255 and next node 0x609f 0x0000_00000000ff0609fc
2025-04-10 03:27:34.997589 INFO  BF_MC Write LAG node at addr 0x609f with id 255 and next node 0x60a0 0x00ff_060a0c00ff0609fc
2025-04-10 03:27:34.997608 INFO  BF_MC Write LAG node at addr 0x60a0 with id 255 and next node 0x60a1 0x0000_00000000ff060a1c
2025-04-10 03:27:34.997627 INFO  BF_MC Write LAG node at addr 0x60a1 with id 255 and next node 0x60a2 0x00ff_060a2c00ff060a1c
2025-04-10 03:27:34.997647 INFO  BF_MC Write LAG node at addr 0x60a2 with id 255 and next node 0x60a3 0x0000_00000000ff060a3c
2025-04-10 03:27:34.997666 INFO  BF_MC Write LAG node at addr 0x60a3 with id 255 and next node 0x60a4 0x00ff_060a4c00ff060a3c
2025-04-10 03:27:34.997689 INFO  BF_MC Write LAG node at addr 0x60a4 with id 255 and next node 0x60a5 0x0000_00000000ff060a5c
2025-04-10 03:27:34.997721 INFO  BF_MC Write LAG node at addr 0x60a5 with id 255 and next node 0x60a6 0x00ff_060a6c00ff060a5c
2025-04-10 03:27:34.997743 INFO  BF_MC Write LAG node at addr 0x60a6 with id 255 and next node 0x60a7 0x0000_00000000ff060a7c
2025-04-10 03:27:34.997747 INFO  BF_MC Write LAG node at addr 0x60a7 with id 255 and next node 0x60a8 0x00ff_060a8c00ff060a7c
2025-04-10 03:27:34.997758 INFO  BF_MC Write LAG node at addr 0x60a8 with id 255 and next node 0x60a9 0x0000_00000000ff060a9c
2025-04-10 03:27:34.997777 INFO  BF_MC Write LAG node at addr 0x60a9 with id 255 and next node 0x60aa 0x00ff_060aac00ff060a9c
2025-04-10 03:27:34.997805 INFO  BF_MC Write LAG node at addr 0x60aa with id 255 and next node 0x60ab 0x0000_00000000ff060abc
2025-04-10 03:27:34.997824 INFO  BF_MC Write LAG node at addr 0x60ab with id 255 and next node 0x60ac 0x00ff_060acc00ff060abc
2025-04-10 03:27:34.997843 INFO  BF_MC Write LAG node at addr 0x60ac with id 255 and next node 0x60ad 0x0000_00000000ff060adc
2025-04-10 03:27:34.997861 INFO  BF_MC Write LAG node at addr 0x60ad with id 255 and next node 0x60ae 0x00ff_060aec00ff060adc
2025-04-10 03:27:34.997881 INFO  BF_MC Write LAG node at addr 0x60ae with id 255 and next node 0x60af 0x0000_00000000ff060afc
2025-04-10 03:27:34.997908 INFO  BF_MC Write LAG node at addr 0x60af with id 255 and next node 0x60b0 0x00ff_060b0c00ff060afc
2025-04-10 03:27:34.997926 INFO  BF_MC Write LAG node at addr 0x60b0 with id 255 and next node 0x60b1 0x0000_00000000ff060b1c
2025-04-10 03:27:34.997945 INFO  BF_MC Write LAG node at addr 0x60b1 with id 255 and next node 0x60b2 0x00ff_060b2c00ff060b1c
2025-04-10 03:27:34.997965 INFO  BF_MC Write LAG node at addr 0x60b2 with id 255 and next node 0x60b3 0x0000_00000000ff060b3c
2025-04-10 03:27:34.997984 INFO  BF_MC Write LAG node at addr 0x60b3 with id 255 and next node 0x60b4 0x00ff_060b4c00ff060b3c
2025-04-10 03:27:34.998003 INFO  BF_MC Write LAG node at addr 0x60b4 with id 255 and next node 0x60b5 0x0000_00000000ff060b5c
2025-04-10 03:27:34.998022 INFO  BF_MC Write LAG node at addr 0x60b5 with id 255 and next node 0x60b6 0x00ff_060b6c00ff060b5c
2025-04-10 03:27:34.998049 INFO  BF_MC Write LAG node at addr 0x60b6 with id 255 and next node 0x60b7 0x0000_00000000ff060b7c
2025-04-10 03:27:34.998068 INFO  BF_MC Write LAG node at addr 0x60b7 with id 255 and next node 0x60b8 0x00ff_060b8c00ff060b7c
2025-04-10 03:27:34.998087 INFO  BF_MC Write LAG node at addr 0x60b8 with id 255 and next node 0x60b9 0x0000_00000000ff060b9c
2025-04-10 03:27:34.998134 INFO  BF_MC Write LAG node at addr 0x60b9 with id 255 and next node 0x60ba 0x00ff_060bac00ff060b9c
2025-04-10 03:27:34.998163 INFO  BF_MC Write LAG node at addr 0x60ba with id 255 and next node 0x60bb 0x0000_00000000ff060bbc
2025-04-10 03:27:34.998185 INFO  BF_MC Write LAG node at addr 0x60bb with id 255 and next node 0x60bc 0x00ff_060bcc00ff060bbc
2025-04-10 03:27:34.998204 INFO  BF_MC Write LAG node at addr 0x60bc with id 255 and next node 0x60bd 0x0000_00000000ff060bdc
2025-04-10 03:27:34.998228 INFO  BF_MC Write LAG node at addr 0x60bd with id 255 and next node 0x60be 0x00ff_060bec00ff060bdc
2025-04-10 03:27:34.998278 INFO  BF_MC Write LAG node at addr 0x60be with id 255 and next node 0x60bf 0x0000_00000000ff060bfc
2025-04-10 03:27:34.998298 INFO  BF_MC Write LAG node at addr 0x60bf with id 255 and next node 0x60c0 0x00ff_060c0c00ff060bfc
2025-04-10 03:27:34.998316 INFO  BF_MC Write LAG node at addr 0x60c0 with id 255 and next node 0x60c1 0x0000_00000000ff060c1c
2025-04-10 03:27:34.998335 INFO  BF_MC Write LAG node at addr 0x60c1 with id 255 and next node 0x60c2 0x00ff_060c2c00ff060c1c
2025-04-10 03:27:34.998355 INFO  BF_MC Write LAG node at addr 0x60c2 with id 255 and next node 0x60c3 0x0000_00000000ff060c3c
2025-04-10 03:27:34.998374 INFO  BF_MC Write LAG node at addr 0x60c3 with id 255 and next node 0x60c4 0x00ff_060c4c00ff060c3c
2025-04-10 03:27:34.998401 INFO  BF_MC Write LAG node at addr 0x60c4 with id 255 and next node 0x60c5 0x0000_00000000ff060c5c
2025-04-10 03:27:34.998419 INFO  BF_MC Write LAG node at addr 0x60c5 with id 255 and next node 0x60c6 0x00ff_060c6c00ff060c5c
2025-04-10 03:27:34.998439 INFO  BF_MC Write LAG node at addr 0x60c6 with id 255 and next node 0x60c7 0x0000_00000000ff060c7c
2025-04-10 03:27:34.998458 INFO  BF_MC Write LAG node at addr 0x60c7 with id 255 and next node 0x60c8 0x00ff_060c8c00ff060c7c
2025-04-10 03:27:34.998477 INFO  BF_MC Write LAG node at addr 0x60c8 with id 255 and next node 0x60c9 0x0000_00000000ff060c9c
2025-04-10 03:27:34.998501 INFO  BF_MC Write LAG node at addr 0x60c9 with id 255 and next node 0x60ca 0x00ff_060cac00ff060c9c
2025-04-10 03:27:34.998537 INFO  BF_MC Write LAG node at addr 0x60ca with id 255 and next node 0x60cb 0x0000_00000000ff060cbc
2025-04-10 03:27:34.998562 INFO  BF_MC Write LAG node at addr 0x60cb with id 255 and next node 0x60cc 0x00ff_060ccc00ff060cbc
2025-04-10 03:27:34.998581 INFO  BF_MC Write LAG node at addr 0x60cc with id 255 and next node 0x60cd 0x0000_00000000ff060cdc
2025-04-10 03:27:34.998600 INFO  BF_MC Write LAG node at addr 0x60cd with id 255 and next node 0x60ce 0x00ff_060cec00ff060cdc
2025-04-10 03:27:34.998620 INFO  BF_MC Write LAG node at addr 0x60ce with id 255 and next node 0x60cf 0x0000_00000000ff060cfc
2025-04-10 03:27:34.998646 INFO  BF_MC Write LAG node at addr 0x60cf with id 255 and next node 0x60d0 0x00ff_060d0c00ff060cfc
2025-04-10 03:27:34.998665 INFO  BF_MC Write LAG node at addr 0x60d0 with id 255 and next node 0x60d1 0x0000_00000000ff060d1c
2025-04-10 03:27:34.998684 INFO  BF_MC Write LAG node at addr 0x60d1 with id 255 and next node 0x60d2 0x00ff_060d2c00ff060d1c
2025-04-10 03:27:34.998703 INFO  BF_MC Write LAG node at addr 0x60d2 with id 255 and next node 0x60d3 0x0000_00000000ff060d3c
2025-04-10 03:27:34.998722 INFO  BF_MC Write LAG node at addr 0x60d3 with id 255 and next node 0x60d4 0x00ff_060d4c00ff060d3c
2025-04-10 03:27:34.998749 INFO  BF_MC Write LAG node at addr 0x60d4 with id 255 and next node 0x60d5 0x0000_00000000ff060d5c
2025-04-10 03:27:34.998768 INFO  BF_MC Write LAG node at addr 0x60d5 with id 255 and next node 0x60d6 0x00ff_060d6c00ff060d5c
2025-04-10 03:27:34.998793 INFO  BF_MC Write LAG node at addr 0x60d6 with id 255 and next node 0x60d7 0x0000_00000000ff060d7c
2025-04-10 03:27:34.998822 INFO  BF_MC Write LAG node at addr 0x60d7 with id 255 and next node 0x60d8 0x00ff_060d8c00ff060d7c
2025-04-10 03:27:34.998839 INFO  BF_MC Write LAG node at addr 0x60d8 with id 255 and next node 0x60d9 0x0000_00000000ff060d9c
2025-04-10 03:27:34.998866 INFO  BF_MC Write LAG node at addr 0x60d9 with id 255 and next node 0x60da 0x00ff_060dac00ff060d9c
2025-04-10 03:27:34.998885 INFO  BF_MC Write LAG node at addr 0x60da with id 255 and next node 0x60db 0x0000_00000000ff060dbc
2025-04-10 03:27:34.998904 INFO  BF_MC Write LAG node at addr 0x60db with id 255 and next node 0x60dc 0x00ff_060dcc00ff060dbc
2025-04-10 03:27:34.998923 INFO  BF_MC Write LAG node at addr 0x60dc with id 255 and next node 0x60dd 0x0000_00000000ff060ddc
2025-04-10 03:27:34.998951 INFO  BF_MC Write LAG node at addr 0x60dd with id 255 and next node 0x60de 0x00ff_060dec00ff060ddc
2025-04-10 03:27:34.998980 INFO  BF_MC Write LAG node at addr 0x60de with id 255 and next node 0x60df 0x0000_00000000ff060dfc
2025-04-10 03:27:34.998999 INFO  BF_MC Write LAG node at addr 0x60df with id 255 and next node 0x60e0 0x00ff_060e0c00ff060dfc
2025-04-10 03:27:34.999018 INFO  BF_MC Write LAG node at addr 0x60e0 with id 255 and next node 0x60e1 0x0000_00000000ff060e1c
2025-04-10 03:27:34.999036 INFO  BF_MC Write LAG node at addr 0x60e1 with id 255 and next node 0x60e2 0x00ff_060e2c00ff060e1c
2025-04-10 03:27:34.999056 INFO  BF_MC Write LAG node at addr 0x60e2 with id 255 and next node 0x60e3 0x0000_00000000ff060e3c
2025-04-10 03:27:34.999084 INFO  BF_MC Write LAG node at addr 0x60e3 with id 255 and next node 0x60e4 0x00ff_060e4c00ff060e3c
2025-04-10 03:27:34.999136 INFO  BF_MC Write LAG node at addr 0x60e4 with id 255 and next node 0x60e5 0x0000_00000000ff060e5c
2025-04-10 03:27:34.999155 INFO  BF_MC Write LAG node at addr 0x60e5 with id 255 and next node 0x60e6 0x00ff_060e6c00ff060e5c
2025-04-10 03:27:34.999183 INFO  BF_MC Write LAG node at addr 0x60e6 with id 255 and next node 0x60e7 0x0000_00000000ff060e7c
2025-04-10 03:27:34.999201 INFO  BF_MC Write LAG node at addr 0x60e7 with id 255 and next node 0x60e8 0x00ff_060e8c00ff060e7c
2025-04-10 03:27:34.999220 INFO  BF_MC Write LAG node at addr 0x60e8 with id 255 and next node 0x60e9 0x0000_00000000ff060e9c
2025-04-10 03:27:34.999239 INFO  BF_MC Write LAG node at addr 0x60e9 with id 255 and next node 0x60ea 0x00ff_060eac00ff060e9c
2025-04-10 03:27:34.999259 INFO  BF_MC Write LAG node at addr 0x60ea with id 255 and next node 0x60eb 0x0000_00000000ff060ebc
2025-04-10 03:27:34.999285 INFO  BF_MC Write LAG node at addr 0x60eb with id 255 and next node 0x60ec 0x00ff_060ecc00ff060ebc
2025-04-10 03:27:34.999304 INFO  BF_MC Write LAG node at addr 0x60ec with id 255 and next node 0x60ed 0x0000_00000000ff060edc
2025-04-10 03:27:34.999316 INFO  BF_MC Write LAG node at addr 0x60ed with id 255 and next node 0x60ee 0x00ff_060eec00ff060edc
2025-04-10 03:27:34.999343 INFO  BF_MC Write LAG node at addr 0x60ee with id 255 and next node 0x60ef 0x0000_00000000ff060efc
2025-04-10 03:27:34.999371 INFO  BF_MC Write LAG node at addr 0x60ef with id 255 and next node 0x60f0 0x00ff_060f0c00ff060efc
2025-04-10 03:27:34.999389 INFO  BF_MC Write LAG node at addr 0x60f0 with id 255 and next node 0x60f1 0x0000_00000000ff060f1c
2025-04-10 03:27:34.999413 INFO  BF_MC Write LAG node at addr 0x60f1 with id 255 and next node 0x60f2 0x00ff_060f2c00ff060f1c
2025-04-10 03:27:34.999433 INFO  BF_MC Write LAG node at addr 0x60f2 with id 255 and next node 0x60f3 0x0000_00000000ff060f3c
2025-04-10 03:27:34.999460 INFO  BF_MC Write LAG node at addr 0x60f3 with id 255 and next node 0x60f4 0x00ff_060f4c00ff060f3c
2025-04-10 03:27:34.999479 INFO  BF_MC Write LAG node at addr 0x60f4 with id 255 and next node 0x60f5 0x0000_00000000ff060f5c
2025-04-10 03:27:34.999498 INFO  BF_MC Write LAG node at addr 0x60f5 with id 255 and next node 0x60f6 0x00ff_060f6c00ff060f5c
2025-04-10 03:27:34.999517 INFO  BF_MC Write LAG node at addr 0x60f6 with id 255 and next node 0x60f7 0x0000_00000000ff060f7c
2025-04-10 03:27:34.999536 INFO  BF_MC Write LAG node at addr 0x60f7 with id 255 and next node 0x60f8 0x00ff_060f8c00ff060f7c
2025-04-10 03:27:34.999563 INFO  BF_MC Write LAG node at addr 0x60f8 with id 255 and next node 0x60f9 0x0000_00000000ff060f9c
2025-04-10 03:27:34.999582 INFO  BF_MC Write LAG node at addr 0x60f9 with id 255 and next node 0x60fa 0x00ff_060fac00ff060f9c
2025-04-10 03:27:34.999624 INFO  BF_MC Write LAG node at addr 0x60fa with id 255 and next node 0x60fb 0x0000_00000000ff060fbc
2025-04-10 03:27:34.999641 INFO  BF_MC Write LAG node at addr 0x60fb with id 255 and next node 0x60fc 0x00ff_060fcc00ff060fbc
2025-04-10 03:27:34.999684 INFO  BF_MC Write LAG node at addr 0x60fc with id 255 and next node 0x60fd 0x0000_00000000ff060fdc
2025-04-10 03:27:34.999703 INFO  BF_MC Write LAG node at addr 0x60fd with id 255 and next node 0x60fe 0x00ff_060fec00ff060fdc
2025-04-10 03:27:34.999730 INFO  BF_MC Write LAG node at addr 0x60fe with id 255 and next node 0x60ff 0x0000_00000000ff060ffc
2025-04-10 03:27:34.999760 INFO  BF_MC Write LAG node at addr 0x60ff with id 255 and next node 0x6100 0x00ff_06100c00ff060ffc
2025-04-10 03:27:34.999787 INFO  BF_MC Write LAG node at addr 0x6100 with id 255 and next node 0x6101 0x0000_00000000ff06101c
2025-04-10 03:27:34.999806 INFO  BF_MC Write LAG node at addr 0x6101 with id 255 and next node 0x6102 0x00ff_06102c00ff06101c
2025-04-10 03:27:34.999826 INFO  BF_MC Write LAG node at addr 0x6102 with id 255 and next node 0x6103 0x0000_00000000ff06103c
2025-04-10 03:27:34.999844 INFO  BF_MC Write LAG node at addr 0x6103 with id 255 and next node 0 0x00ff_00000c00ff06103c
2025-04-10 03:27:34.999872 INFO  BF_MC Allocated RDM addresses 0x21c0 - 0x21df
2025-04-10 03:27:34.999891 INFO  BF_MC Write L1End node at addr 0x21c0, rid 0, l2 0x6101
2025-04-10 03:27:34.999919 INFO  BF_MC Write L1End node at addr 0x21c1, rid 0, l2 0x6100
2025-04-10 03:27:34.999938 INFO  BF_MC Write L1End node at addr 0x21c2, rid 0, l2 0x60ff
2025-04-10 03:27:34.999957 INFO  BF_MC Write L1End node at addr 0x21c3, rid 0, l2 0x60fe
2025-04-10 03:27:34.999976 INFO  BF_MC Write L1End node at addr 0x21c4, rid 0, l2 0x60fd
2025-04-10 03:27:34.999995 INFO  BF_MC Write L1End node at addr 0x21c5, rid 0, l2 0x60fc
2025-04-10 03:27:35.000014 INFO  BF_MC Write L1End node at addr 0x21c6, rid 0, l2 0x60fb
2025-04-10 03:27:35.000088 INFO  BF_MC Write L1End node at addr 0x21c7, rid 0, l2 0x60fa
2025-04-10 03:27:35.000123 INFO  BF_MC Write L1End node at addr 0x21c8, rid 0, l2 0x60f8
2025-04-10 03:27:35.000153 INFO  BF_MC Write L1End node at addr 0x21c9, rid 0, l2 0x60f6
2025-04-10 03:27:35.000170 INFO  BF_MC Write L1End node at addr 0x21ca, rid 0, l2 0x60f4
2025-04-10 03:27:35.000190 INFO  BF_MC Write L1End node at addr 0x21cb, rid 0, l2 0x60f2
2025-04-10 03:27:35.000216 INFO  BF_MC Write L1End node at addr 0x21cc, rid 0, l2 0x60f0
2025-04-10 03:27:35.000236 INFO  BF_MC Write L1End node at addr 0x21cd, rid 0, l2 0x60ee
2025-04-10 03:27:35.000254 INFO  BF_MC Write L1End node at addr 0x21ce, rid 0, l2 0x60ec
2025-04-10 03:27:35.000273 INFO  BF_MC Write L1End node at addr 0x21cf, rid 0, l2 0x60ea
2025-04-10 03:27:35.000292 INFO  BF_MC Write L1End node at addr 0x21d0, rid 0, l2 0x60e8
2025-04-10 03:27:35.000311 INFO  BF_MC Write L1End node at addr 0x21d1, rid 0, l2 0x60e6
2025-04-10 03:27:35.000330 INFO  BF_MC Write L1End node at addr 0x21d2, rid 0, l2 0x60e4
2025-04-10 03:27:35.000349 INFO  BF_MC Write L1End node at addr 0x21d3, rid 0, l2 0x60e0
2025-04-10 03:27:35.000368 INFO  BF_MC Write L1End node at addr 0x21d4, rid 0, l2 0x60dc
2025-04-10 03:27:35.000387 INFO  BF_MC Write L1End node at addr 0x21d5, rid 0, l2 0x60d8
2025-04-10 03:27:35.000429 INFO  BF_MC Write L1End node at addr 0x21d6, rid 0, l2 0x60d4
2025-04-10 03:27:35.000475 INFO  BF_MC Write L1End node at addr 0x21d7, rid 0, l2 0x60cc
2025-04-10 03:27:35.000486 INFO  BF_MC Write L1End node at addr 0x21d8, rid 0, l2 0x60c4
2025-04-10 03:27:35.000514 INFO  BF_MC Write L1End node at addr 0x21d9, rid 0, l2 0x60bc
2025-04-10 03:27:35.000533 INFO  BF_MC Write L1End node at addr 0x21da, rid 0, l2 0x60a0
2025-04-10 03:27:35.000551 INFO  BF_MC Write L1End node at addr 0x21db, rid 0, l2 0x6087
2025-04-10 03:27:35.000570 INFO  BF_MC Write L1End node at addr 0x21dc, rid 0, l2 0x606e
2025-04-10 03:27:35.000589 INFO  BF_MC Write L1End node at addr 0x21dd, rid 0, l2 0x6055
2025-04-10 03:27:35.000608 INFO  BF_MC Write L1End node at addr 0x21de, rid 0, l2 0x603c
2025-04-10 03:27:35.000627 INFO  BF_MC Write L1End node at addr 0x21df, rid 0, l2 0x6000
2025-04-10 03:27:35.000647 INFO  BF_MC Allocated RDM addresses 0x7000 - 0x7103
2025-04-10 03:27:35.000666 INFO  BF_MC Write LAG node at addr 0x7000 with id 255 and next node 0x7001 0x0000_00000000ff07001c
2025-04-10 03:27:35.000691 INFO  BF_MC Write LAG node at addr 0x7001 with id 255 and next node 0x7002 0x00ff_07002c00ff07001c
2025-04-10 03:27:35.000735 INFO  BF_MC Write LAG node at addr 0x7002 with id 255 and next node 0x7003 0x0000_00000000ff07003c
2025-04-10 03:27:35.000764 INFO  BF_MC Write LAG node at addr 0x7003 with id 255 and next node 0x7004 0x00ff_07004c00ff07003c
2025-04-10 03:27:35.000798 INFO  BF_MC Write LAG node at addr 0x7004 with id 255 and next node 0x7005 0x0000_00000000ff07005c
2025-04-10 03:27:35.000824 INFO  BF_MC Write LAG node at addr 0x7005 with id 255 and next node 0x7006 0x00ff_07006c00ff07005c
2025-04-10 03:27:35.000859 INFO  BF_MC Write LAG node at addr 0x7006 with id 255 and next node 0x7007 0x0000_00000000ff07007c
2025-04-10 03:27:35.000878 INFO  BF_MC Write LAG node at addr 0x7007 with id 255 and next node 0x7008 0x00ff_07008c00ff07007c
2025-04-10 03:27:35.000897 INFO  BF_MC Write LAG node at addr 0x7008 with id 255 and next node 0x7009 0x0000_00000000ff07009c
2025-04-10 03:27:35.000916 INFO  BF_MC Write LAG node at addr 0x7009 with id 255 and next node 0x700a 0x00ff_0700ac00ff07009c
2025-04-10 03:27:35.000935 INFO  BF_MC Write LAG node at addr 0x700a with id 255 and next node 0x700b 0x0000_00000000ff0700bc
2025-04-10 03:27:35.000967 INFO  BF_MC Write LAG node at addr 0x700b with id 255 and next node 0x700c 0x00ff_0700cc00ff0700bc
2025-04-10 03:27:35.000983 INFO  BF_MC Write LAG node at addr 0x700c with id 255 and next node 0x700d 0x0000_00000000ff0700dc
2025-04-10 03:27:35.001015 INFO  BF_MC Write LAG node at addr 0x700d with id 255 and next node 0x700e 0x00ff_0700ec00ff0700dc
2025-04-10 03:27:35.001034 INFO  BF_MC Write LAG node at addr 0x700e with id 255 and next node 0x700f 0x0000_00000000ff0700fc
2025-04-10 03:27:35.001053 INFO  BF_MC Write LAG node at addr 0x700f with id 255 and next node 0x7010 0x00ff_07010c00ff0700fc
2025-04-10 03:27:35.001080 INFO  BF_MC Write LAG node at addr 0x7010 with id 255 and next node 0x7011 0x0000_00000000ff07011c
2025-04-10 03:27:35.001119 INFO  BF_MC Write LAG node at addr 0x7011 with id 255 and next node 0x7012 0x00ff_07012c00ff07011c
2025-04-10 03:27:35.001147 INFO  BF_MC Write LAG node at addr 0x7012 with id 255 and next node 0x7013 0x0000_00000000ff07013c
2025-04-10 03:27:35.001166 INFO  BF_MC Write LAG node at addr 0x7013 with id 255 and next node 0x7014 0x00ff_07014c00ff07013c
2025-04-10 03:27:35.001186 INFO  BF_MC Write LAG node at addr 0x7014 with id 255 and next node 0x7015 0x0000_00000000ff07015c
2025-04-10 03:27:35.001205 INFO  BF_MC Write LAG node at addr 0x7015 with id 255 and next node 0x7016 0x00ff_07016c00ff07015c
2025-04-10 03:27:35.001224 INFO  BF_MC Write LAG node at addr 0x7016 with id 255 and next node 0x7017 0x0000_00000000ff07017c
2025-04-10 03:27:35.001258 INFO  BF_MC Write LAG node at addr 0x7017 with id 255 and next node 0x7018 0x00ff_07018c00ff07017c
2025-04-10 03:27:35.001278 INFO  BF_MC Write LAG node at addr 0x7018 with id 255 and next node 0x7019 0x0000_00000000ff07019c
2025-04-10 03:27:35.001302 INFO  BF_MC Write LAG node at addr 0x7019 with id 255 and next node 0x701a 0x00ff_0701ac00ff07019c
2025-04-10 03:27:35.001327 INFO  BF_MC Write LAG node at addr 0x701a with id 255 and next node 0x701b 0x0000_00000000ff0701bc
2025-04-10 03:27:35.001346 INFO  BF_MC Write LAG node at addr 0x701b with id 255 and next node 0x701c 0x00ff_0701cc00ff0701bc
2025-04-10 03:27:35.001366 INFO  BF_MC Write LAG node at addr 0x701c with id 255 and next node 0x701d 0x0000_00000000ff0701dc
2025-04-10 03:27:35.001392 INFO  BF_MC Write LAG node at addr 0x701d with id 255 and next node 0x701e 0x00ff_0701ec00ff0701dc
2025-04-10 03:27:35.001411 INFO  BF_MC Write LAG node at addr 0x701e with id 255 and next node 0x701f 0x0000_00000000ff0701fc
2025-04-10 03:27:35.001430 INFO  BF_MC Write LAG node at addr 0x701f with id 255 and next node 0x7020 0x00ff_07020c00ff0701fc
2025-04-10 03:27:35.001450 INFO  BF_MC Write LAG node at addr 0x7020 with id 255 and next node 0x7021 0x0000_00000000ff07021c
2025-04-10 03:27:35.001476 INFO  BF_MC Write LAG node at addr 0x7021 with id 255 and next node 0x7022 0x00ff_07022c00ff07021c
2025-04-10 03:27:35.001495 INFO  BF_MC Write LAG node at addr 0x7022 with id 255 and next node 0x7023 0x0000_00000000ff07023c
2025-04-10 03:27:35.001515 INFO  BF_MC Write LAG node at addr 0x7023 with id 255 and next node 0x7024 0x00ff_07024c00ff07023c
2025-04-10 03:27:35.001541 INFO  BF_MC Write LAG node at addr 0x7024 with id 255 and next node 0x7025 0x0000_00000000ff07025c
2025-04-10 03:27:35.001567 INFO  BF_MC Write LAG node at addr 0x7025 with id 255 and next node 0x7026 0x00ff_07026c00ff07025c
2025-04-10 03:27:35.001598 INFO  BF_MC Write LAG node at addr 0x7026 with id 255 and next node 0x7027 0x0000_00000000ff07027c
2025-04-10 03:27:35.001617 INFO  BF_MC Write LAG node at addr 0x7027 with id 255 and next node 0x7028 0x00ff_07028c00ff07027c
2025-04-10 03:27:35.001637 INFO  BF_MC Write LAG node at addr 0x7028 with id 255 and next node 0x7029 0x0000_00000000ff07029c
2025-04-10 03:27:35.001656 INFO  BF_MC Write LAG node at addr 0x7029 with id 255 and next node 0x702a 0x00ff_0702ac00ff07029c
2025-04-10 03:27:35.001675 INFO  BF_MC Write LAG node at addr 0x702a with id 255 and next node 0x702b 0x0000_00000000ff0702bc
2025-04-10 03:27:35.001694 INFO  BF_MC Write LAG node at addr 0x702b with id 255 and next node 0x702c 0x00ff_0702cc00ff0702bc
2025-04-10 03:27:35.001713 INFO  BF_MC Write LAG node at addr 0x702c with id 255 and next node 0x702d 0x0000_00000000ff0702dc
2025-04-10 03:27:35.001732 INFO  BF_MC Write LAG node at addr 0x702d with id 255 and next node 0x702e 0x00ff_0702ec00ff0702dc
2025-04-10 03:27:35.001751 INFO  BF_MC Write LAG node at addr 0x702e with id 255 and next node 0x702f 0x0000_00000000ff0702fc
2025-04-10 03:27:35.001778 INFO  BF_MC Write LAG node at addr 0x702f with id 255 and next node 0x7030 0x00ff_07030c00ff0702fc
2025-04-10 03:27:35.001797 INFO  BF_MC Write LAG node at addr 0x7030 with id 255 and next node 0x7031 0x0000_00000000ff07031c
2025-04-10 03:27:35.001816 INFO  BF_MC Write LAG node at addr 0x7031 with id 255 and next node 0x7032 0x00ff_07032c00ff07031c
2025-04-10 03:27:35.001835 INFO  BF_MC Write LAG node at addr 0x7032 with id 255 and next node 0x7033 0x0000_00000000ff07033c
2025-04-10 03:27:35.001855 INFO  BF_MC Write LAG node at addr 0x7033 with id 255 and next node 0x7034 0x00ff_07034c00ff07033c
2025-04-10 03:27:35.001882 INFO  BF_MC Write LAG node at addr 0x7034 with id 255 and next node 0x7035 0x0000_00000000ff07035c
2025-04-10 03:27:35.001901 INFO  BF_MC Write LAG node at addr 0x7035 with id 255 and next node 0x7036 0x00ff_07036c00ff07035c
2025-04-10 03:27:35.001912 INFO  BF_MC Write LAG node at addr 0x7036 with id 255 and next node 0x7037 0x0000_00000000ff07037c
2025-04-10 03:27:35.001953 INFO  BF_MC Write LAG node at addr 0x7037 with id 255 and next node 0x7038 0x00ff_07038c00ff07037c
2025-04-10 03:27:35.001973 INFO  BF_MC Write LAG node at addr 0x7038 with id 255 and next node 0x7039 0x0000_00000000ff07039c
2025-04-10 03:27:35.001991 INFO  BF_MC Write LAG node at addr 0x7039 with id 255 and next node 0x703a 0x00ff_0703ac00ff07039c
2025-04-10 03:27:35.002026 INFO  BF_MC Write LAG node at addr 0x703a with id 255 and next node 0x703b 0x0000_00000000ff0703bc
2025-04-10 03:27:35.002057 INFO  BF_MC Write LAG node at addr 0x703b with id 255 and next node 0x703c 0x00ff_0703cc00ff0703bc
2025-04-10 03:27:35.002076 INFO  BF_MC Write LAG node at addr 0x703c with id 255 and next node 0x703d 0x0000_00000000ff0703dc
2025-04-10 03:27:35.002080 INFO  BF_MC Write LAG node at addr 0x703d with id 255 and next node 0x703e 0x00ff_0703ec00ff0703dc
2025-04-10 03:27:35.002084 INFO  BF_MC Write LAG node at addr 0x703e with id 255 and next node 0x703f 0x0000_00000000ff0703fc
2025-04-10 03:27:35.002088 INFO  BF_MC Write LAG node at addr 0x703f with id 255 and next node 0x7040 0x00ff_07040c00ff0703fc
2025-04-10 03:27:35.002128 INFO  BF_MC Write LAG node at addr 0x7040 with id 255 and next node 0x7041 0x0000_00000000ff07041c
2025-04-10 03:27:35.002154 INFO  BF_MC Write LAG node at addr 0x7041 with id 255 and next node 0x7042 0x00ff_07042c00ff07041c
2025-04-10 03:27:35.002181 INFO  BF_MC Write LAG node at addr 0x7042 with id 255 and next node 0x7043 0x0000_00000000ff07043c
2025-04-10 03:27:35.002199 INFO  BF_MC Write LAG node at addr 0x7043 with id 255 and next node 0x7044 0x00ff_07044c00ff07043c
2025-04-10 03:27:35.002228 INFO  BF_MC Write LAG node at addr 0x7044 with id 255 and next node 0x7045 0x0000_00000000ff07045c
2025-04-10 03:27:35.002255 INFO  BF_MC Write LAG node at addr 0x7045 with id 255 and next node 0x7046 0x00ff_07046c00ff07045c
2025-04-10 03:27:35.002274 INFO  BF_MC Write LAG node at addr 0x7046 with id 255 and next node 0x7047 0x0000_00000000ff07047c
2025-04-10 03:27:35.002293 INFO  BF_MC Write LAG node at addr 0x7047 with id 255 and next node 0x7048 0x00ff_07048c00ff07047c
2025-04-10 03:27:35.002313 INFO  BF_MC Write LAG node at addr 0x7048 with id 255 and next node 0x7049 0x0000_00000000ff07049c
2025-04-10 03:27:35.002332 INFO  BF_MC Write LAG node at addr 0x7049 with id 255 and next node 0x704a 0x00ff_0704ac00ff07049c
2025-04-10 03:27:35.002351 INFO  BF_MC Write LAG node at addr 0x704a with id 255 and next node 0x704b 0x0000_00000000ff0704bc
2025-04-10 03:27:35.002382 INFO  BF_MC Write LAG node at addr 0x704b with id 255 and next node 0x704c 0x00ff_0704cc00ff0704bc
2025-04-10 03:27:35.002409 INFO  BF_MC Write LAG node at addr 0x704c with id 255 and next node 0x704d 0x0000_00000000ff0704dc
2025-04-10 03:27:35.002426 INFO  BF_MC Write LAG node at addr 0x704d with id 255 and next node 0x704e 0x00ff_0704ec00ff0704dc
2025-04-10 03:27:35.002446 INFO  BF_MC Write LAG node at addr 0x704e with id 255 and next node 0x704f 0x0000_00000000ff0704fc
2025-04-10 03:27:35.002473 INFO  BF_MC Write LAG node at addr 0x704f with id 255 and next node 0x7050 0x00ff_07050c00ff0704fc
2025-04-10 03:27:35.002492 INFO  BF_MC Write LAG node at addr 0x7050 with id 255 and next node 0x7051 0x0000_00000000ff07051c
2025-04-10 03:27:35.002511 INFO  BF_MC Write LAG node at addr 0x7051 with id 255 and next node 0x7052 0x00ff_07052c00ff07051c
2025-04-10 03:27:35.002530 INFO  BF_MC Write LAG node at addr 0x7052 with id 255 and next node 0x7053 0x0000_00000000ff07053c
2025-04-10 03:27:35.002549 INFO  BF_MC Write LAG node at addr 0x7053 with id 255 and next node 0x7054 0x00ff_07054c00ff07053c
2025-04-10 03:27:35.002576 INFO  BF_MC Write LAG node at addr 0x7054 with id 255 and next node 0x7055 0x0000_00000000ff07055c
2025-04-10 03:27:35.002595 INFO  BF_MC Write LAG node at addr 0x7055 with id 255 and next node 0x7056 0x00ff_07056c00ff07055c
2025-04-10 03:27:35.002607 INFO  BF_MC Write LAG node at addr 0x7056 with id 255 and next node 0x7057 0x0000_00000000ff07057c
2025-04-10 03:27:35.002621 INFO  BF_MC Write LAG node at addr 0x7057 with id 255 and next node 0x7058 0x00ff_07058c00ff07057c
2025-04-10 03:27:35.002640 INFO  BF_MC Write LAG node at addr 0x7058 with id 255 and next node 0x7059 0x0000_00000000ff07059c
2025-04-10 03:27:35.002665 INFO  BF_MC Write LAG node at addr 0x7059 with id 255 and next node 0x705a 0x00ff_0705ac00ff07059c
2025-04-10 03:27:35.002680 INFO  BF_MC Write LAG node at addr 0x705a with id 255 and next node 0x705b 0x0000_00000000ff0705bc
2025-04-10 03:27:35.002728 INFO  BF_MC Write LAG node at addr 0x705b with id 255 and next node 0x705c 0x00ff_0705cc00ff0705bc
2025-04-10 03:27:35.002747 INFO  BF_MC Write LAG node at addr 0x705c with id 255 and next node 0x705d 0x0000_00000000ff0705dc
2025-04-10 03:27:35.002765 INFO  BF_MC Write LAG node at addr 0x705d with id 255 and next node 0x705e 0x00ff_0705ec00ff0705dc
2025-04-10 03:27:35.002800 INFO  BF_MC Write LAG node at addr 0x705e with id 255 and next node 0x705f 0x0000_00000000ff0705fc
2025-04-10 03:27:35.002819 INFO  BF_MC Write LAG node at addr 0x705f with id 255 and next node 0x7060 0x00ff_07060c00ff0705fc
2025-04-10 03:27:35.002838 INFO  BF_MC Write LAG node at addr 0x7060 with id 255 and next node 0x7061 0x0000_00000000ff07061c
2025-04-10 03:27:35.002857 INFO  BF_MC Write LAG node at addr 0x7061 with id 255 and next node 0x7062 0x00ff_07062c00ff07061c
2025-04-10 03:27:35.002876 INFO  BF_MC Write LAG node at addr 0x7062 with id 255 and next node 0x7063 0x0000_00000000ff07063c
2025-04-10 03:27:35.002895 INFO  BF_MC Write LAG node at addr 0x7063 with id 255 and next node 0x7064 0x00ff_07064c00ff07063c
2025-04-10 03:27:35.002914 INFO  BF_MC Write LAG node at addr 0x7064 with id 255 and next node 0x7065 0x0000_00000000ff07065c
2025-04-10 03:27:35.002967 INFO  BF_MC Write LAG node at addr 0x7065 with id 255 and next node 0x7066 0x00ff_07066c00ff07065c
2025-04-10 03:27:35.002985 INFO  BF_MC Write LAG node at addr 0x7066 with id 255 and next node 0x7067 0x0000_00000000ff07067c
2025-04-10 03:27:35.003004 INFO  BF_MC Write LAG node at addr 0x7067 with id 255 and next node 0x7068 0x00ff_07068c00ff07067c
2025-04-10 03:27:35.003032 INFO  BF_MC Write LAG node at addr 0x7068 with id 255 and next node 0x7069 0x0000_00000000ff07069c
2025-04-10 03:27:35.003050 INFO  BF_MC Write LAG node at addr 0x7069 with id 255 and next node 0x706a 0x00ff_0706ac00ff07069c
2025-04-10 03:27:35.003069 INFO  BF_MC Write LAG node at addr 0x706a with id 255 and next node 0x706b 0x0000_00000000ff0706bc
2025-04-10 03:27:35.003088 INFO  BF_MC Write LAG node at addr 0x706b with id 255 and next node 0x706c 0x00ff_0706cc00ff0706bc
2025-04-10 03:27:35.003119 INFO  BF_MC Write LAG node at addr 0x706c with id 255 and next node 0x706d 0x0000_00000000ff0706dc
2025-04-10 03:27:35.007186 INFO  BF_MC Write LAG node at addr 0x706d with id 255 and next node 0x706e 0x00ff_0706ec00ff0706dc
2025-04-10 03:27:35.007234 INFO  BF_MC Write LAG node at addr 0x706e with id 255 and next node 0x706f 0x0000_00000000ff0706fc
2025-04-10 03:27:35.007254 INFO  BF_MC Write LAG node at addr 0x706f with id 255 and next node 0x7070 0x00ff_07070c00ff0706fc
2025-04-10 03:27:35.007286 INFO  BF_MC Write LAG node at addr 0x7070 with id 255 and next node 0x7071 0x0000_00000000ff07071c
2025-04-10 03:27:35.007317 INFO  BF_MC Write LAG node at addr 0x7071 with id 255 and next node 0x7072 0x00ff_07072c00ff07071c
2025-04-10 03:27:35.007341 INFO  BF_MC Write LAG node at addr 0x7072 with id 255 and next node 0x7073 0x0000_00000000ff07073c
2025-04-10 03:27:35.007360 INFO  BF_MC Write LAG node at addr 0x7073 with id 255 and next node 0x7074 0x00ff_07074c00ff07073c
2025-04-10 03:27:35.007380 INFO  BF_MC Write LAG node at addr 0x7074 with id 255 and next node 0x7075 0x0000_00000000ff07075c
2025-04-10 03:27:35.007407 INFO  BF_MC Write LAG node at addr 0x7075 with id 255 and next node 0x7076 0x00ff_07076c00ff07075c
2025-04-10 03:27:35.007427 INFO  BF_MC Write LAG node at addr 0x7076 with id 255 and next node 0x7077 0x0000_00000000ff07077c
2025-04-10 03:27:35.007446 INFO  BF_MC Write LAG node at addr 0x7077 with id 255 and next node 0x7078 0x00ff_07078c00ff07077c
2025-04-10 03:27:35.007465 INFO  BF_MC Write LAG node at addr 0x7078 with id 255 and next node 0x7079 0x0000_00000000ff07079c
2025-04-10 03:27:35.007484 INFO  BF_MC Write LAG node at addr 0x7079 with id 255 and next node 0x707a 0x00ff_0707ac00ff07079c
2025-04-10 03:27:35.007504 INFO  BF_MC Write LAG node at addr 0x707a with id 255 and next node 0x707b 0x0000_00000000ff0707bc
2025-04-10 03:27:35.007531 INFO  BF_MC Write LAG node at addr 0x707b with id 255 and next node 0x707c 0x00ff_0707cc00ff0707bc
2025-04-10 03:27:35.007550 INFO  BF_MC Write LAG node at addr 0x707c with id 255 and next node 0x707d 0x0000_00000000ff0707dc
2025-04-10 03:27:35.007569 INFO  BF_MC Write LAG node at addr 0x707d with id 255 and next node 0x707e 0x00ff_0707ec00ff0707dc
2025-04-10 03:27:35.007589 INFO  BF_MC Write LAG node at addr 0x707e with id 255 and next node 0x707f 0x0000_00000000ff0707fc
2025-04-10 03:27:35.007615 INFO  BF_MC Write LAG node at addr 0x707f with id 255 and next node 0x7080 0x00ff_07080c00ff0707fc
2025-04-10 03:27:35.007635 INFO  BF_MC Write LAG node at addr 0x7080 with id 255 and next node 0x7081 0x0000_00000000ff07081c
2025-04-10 03:27:35.007654 INFO  BF_MC Write LAG node at addr 0x7081 with id 255 and next node 0x7082 0x00ff_07082c00ff07081c
2025-04-10 03:27:35.007674 INFO  BF_MC Write LAG node at addr 0x7082 with id 255 and next node 0x7083 0x0000_00000000ff07083c
2025-04-10 03:27:35.007693 INFO  BF_MC Write LAG node at addr 0x7083 with id 255 and next node 0x7084 0x00ff_07084c00ff07083c
2025-04-10 03:27:35.007720 INFO  BF_MC Write LAG node at addr 0x7084 with id 255 and next node 0x7085 0x0000_00000000ff07085c
2025-04-10 03:27:35.007739 INFO  BF_MC Write LAG node at addr 0x7085 with id 255 and next node 0x7086 0x00ff_07086c00ff07085c
2025-04-10 03:27:35.007784 INFO  BF_MC Write LAG node at addr 0x7086 with id 255 and next node 0x7087 0x0000_00000000ff07087c
2025-04-10 03:27:35.007800 INFO  BF_MC Write LAG node at addr 0x7087 with id 255 and next node 0x7088 0x00ff_07088c00ff07087c
2025-04-10 03:27:35.007837 INFO  BF_MC Write LAG node at addr 0x7088 with id 255 and next node 0x7089 0x0000_00000000ff07089c
2025-04-10 03:27:35.007856 INFO  BF_MC Write LAG node at addr 0x7089 with id 255 and next node 0x708a 0x00ff_0708ac00ff07089c
2025-04-10 03:27:35.007875 INFO  BF_MC Write LAG node at addr 0x708a with id 255 and next node 0x708b 0x0000_00000000ff0708bc
2025-04-10 03:27:35.007895 INFO  BF_MC Write LAG node at addr 0x708b with id 255 and next node 0x708c 0x00ff_0708cc00ff0708bc
2025-04-10 03:27:35.007914 INFO  BF_MC Write LAG node at addr 0x708c with id 255 and next node 0x708d 0x0000_00000000ff0708dc
2025-04-10 03:27:35.007933 INFO  BF_MC Write LAG node at addr 0x708d with id 255 and next node 0x708e 0x00ff_0708ec00ff0708dc
2025-04-10 03:27:35.007960 INFO  BF_MC Write LAG node at addr 0x708e with id 255 and next node 0x708f 0x0000_00000000ff0708fc
2025-04-10 03:27:35.007979 INFO  BF_MC Write LAG node at addr 0x708f with id 255 and next node 0x7090 0x00ff_07090c00ff0708fc
2025-04-10 03:27:35.007999 INFO  BF_MC Write LAG node at addr 0x7090 with id 255 and next node 0x7091 0x0000_00000000ff07091c
2025-04-10 03:27:35.008018 INFO  BF_MC Write LAG node at addr 0x7091 with id 255 and next node 0x7092 0x00ff_07092c00ff07091c
2025-04-10 03:27:35.008037 INFO  BF_MC Write LAG node at addr 0x7092 with id 255 and next node 0x7093 0x0000_00000000ff07093c
2025-04-10 03:27:35.008087 INFO  BF_MC Write LAG node at addr 0x7093 with id 255 and next node 0x7094 0x00ff_07094c00ff07093c
2025-04-10 03:27:35.008147 INFO  BF_MC Write LAG node at addr 0x7094 with id 255 and next node 0x7095 0x0000_00000000ff07095c
2025-04-10 03:27:35.008167 INFO  BF_MC Write LAG node at addr 0x7095 with id 255 and next node 0x7096 0x00ff_07096c00ff07095c
2025-04-10 03:27:35.008194 INFO  BF_MC Write LAG node at addr 0x7096 with id 255 and next node 0x7097 0x0000_00000000ff07097c
2025-04-10 03:27:35.008213 INFO  BF_MC Write LAG node at addr 0x7097 with id 255 and next node 0x7098 0x00ff_07098c00ff07097c
2025-04-10 03:27:35.008232 INFO  BF_MC Write LAG node at addr 0x7098 with id 255 and next node 0x7099 0x0000_00000000ff07099c
2025-04-10 03:27:35.008251 INFO  BF_MC Write LAG node at addr 0x7099 with id 255 and next node 0x709a 0x00ff_0709ac00ff07099c
2025-04-10 03:27:35.008270 INFO  BF_MC Write LAG node at addr 0x709a with id 255 and next node 0x709b 0x0000_00000000ff0709bc
2025-04-10 03:27:35.008297 INFO  BF_MC Write LAG node at addr 0x709b with id 255 and next node 0x709c 0x00ff_0709cc00ff0709bc
2025-04-10 03:27:35.008316 INFO  BF_MC Write LAG node at addr 0x709c with id 255 and next node 0x709d 0x0000_00000000ff0709dc
2025-04-10 03:27:35.008335 INFO  BF_MC Write LAG node at addr 0x709d with id 255 and next node 0x709e 0x00ff_0709ec00ff0709dc
2025-04-10 03:27:35.008354 INFO  BF_MC Write LAG node at addr 0x709e with id 255 and next node 0x709f 0x0000_00000000ff0709fc
2025-04-10 03:27:35.008383 INFO  BF_MC Write LAG node at addr 0x709f with id 255 and next node 0x70a0 0x00ff_070a0c00ff0709fc
2025-04-10 03:27:35.008414 INFO  BF_MC Write LAG node at addr 0x70a0 with id 255 and next node 0x70a1 0x0000_00000000ff070a1c
2025-04-10 03:27:35.008433 INFO  BF_MC Write LAG node at addr 0x70a1 with id 255 and next node 0x70a2 0x00ff_070a2c00ff070a1c
2025-04-10 03:27:35.008475 INFO  BF_MC Write LAG node at addr 0x70a2 with id 255 and next node 0x70a3 0x0000_00000000ff070a3c
2025-04-10 03:27:35.008493 INFO  BF_MC Write LAG node at addr 0x70a3 with id 255 and next node 0x70a4 0x00ff_070a4c00ff070a3c
2025-04-10 03:27:35.008513 INFO  BF_MC Write LAG node at addr 0x70a4 with id 255 and next node 0x70a5 0x0000_00000000ff070a5c
2025-04-10 03:27:35.008548 INFO  BF_MC Write LAG node at addr 0x70a5 with id 255 and next node 0x70a6 0x00ff_070a6c00ff070a5c
2025-04-10 03:27:35.008584 INFO  BF_MC Write LAG node at addr 0x70a6 with id 255 and next node 0x70a7 0x0000_00000000ff070a7c
2025-04-10 03:27:35.008604 INFO  BF_MC Write LAG node at addr 0x70a7 with id 255 and next node 0x70a8 0x00ff_070a8c00ff070a7c
2025-04-10 03:27:35.008623 INFO  BF_MC Write LAG node at addr 0x70a8 with id 255 and next node 0x70a9 0x0000_00000000ff070a9c
2025-04-10 03:27:35.008647 INFO  BF_MC Write LAG node at addr 0x70a9 with id 255 and next node 0x70aa 0x00ff_070aac00ff070a9c
2025-04-10 03:27:35.008676 INFO  BF_MC Write LAG node at addr 0x70aa with id 255 and next node 0x70ab 0x0000_00000000ff070abc
2025-04-10 03:27:35.008701 INFO  BF_MC Write LAG node at addr 0x70ab with id 255 and next node 0x70ac 0x00ff_070acc00ff070abc
2025-04-10 03:27:35.008721 INFO  BF_MC Write LAG node at addr 0x70ac with id 255 and next node 0x70ad 0x0000_00000000ff070adc
2025-04-10 03:27:35.008740 INFO  BF_MC Write LAG node at addr 0x70ad with id 255 and next node 0x70ae 0x00ff_070aec00ff070adc
2025-04-10 03:27:35.008767 INFO  BF_MC Write LAG node at addr 0x70ae with id 255 and next node 0x70af 0x0000_00000000ff070afc
2025-04-10 03:27:35.008786 INFO  BF_MC Write LAG node at addr 0x70af with id 255 and next node 0x70b0 0x00ff_070b0c00ff070afc
2025-04-10 03:27:35.008805 INFO  BF_MC Write LAG node at addr 0x70b0 with id 255 and next node 0x70b1 0x0000_00000000ff070b1c
2025-04-10 03:27:35.008824 INFO  BF_MC Write LAG node at addr 0x70b1 with id 255 and next node 0x70b2 0x00ff_070b2c00ff070b1c
2025-04-10 03:27:35.008843 INFO  BF_MC Write LAG node at addr 0x70b2 with id 255 and next node 0x70b3 0x0000_00000000ff070b3c
2025-04-10 03:27:35.008884 INFO  BF_MC Write LAG node at addr 0x70b3 with id 255 and next node 0x70b4 0x00ff_070b4c00ff070b3c
2025-04-10 03:27:35.008903 INFO  BF_MC Write LAG node at addr 0x70b4 with id 255 and next node 0x70b5 0x0000_00000000ff070b5c
2025-04-10 03:27:35.008927 INFO  BF_MC Write LAG node at addr 0x70b5 with id 255 and next node 0x70b6 0x00ff_070b6c00ff070b5c
2025-04-10 03:27:35.008962 INFO  BF_MC Write LAG node at addr 0x70b6 with id 255 and next node 0x70b7 0x0000_00000000ff070b7c
2025-04-10 03:27:35.008983 INFO  BF_MC Write LAG node at addr 0x70b7 with id 255 and next node 0x70b8 0x00ff_070b8c00ff070b7c
2025-04-10 03:27:35.009013 INFO  BF_MC Write LAG node at addr 0x70b8 with id 255 and next node 0x70b9 0x0000_00000000ff070b9c
2025-04-10 03:27:35.009033 INFO  BF_MC Write LAG node at addr 0x70b9 with id 255 and next node 0x70ba 0x00ff_070bac00ff070b9c
2025-04-10 03:27:35.009052 INFO  BF_MC Write LAG node at addr 0x70ba with id 255 and next node 0x70bb 0x0000_00000000ff070bbc
2025-04-10 03:27:35.009078 INFO  BF_MC Write LAG node at addr 0x70bb with id 255 and next node 0x70bc 0x00ff_070bcc00ff070bbc
2025-04-10 03:27:35.009109 INFO  BF_MC Write LAG node at addr 0x70bc with id 255 and next node 0x70bd 0x0000_00000000ff070bdc
2025-04-10 03:27:35.009137 INFO  BF_MC Write LAG node at addr 0x70bd with id 255 and next node 0x70be 0x00ff_070bec00ff070bdc
2025-04-10 03:27:35.009164 INFO  BF_MC Write LAG node at addr 0x70be with id 255 and next node 0x70bf 0x0000_00000000ff070bfc
2025-04-10 03:27:35.009183 INFO  BF_MC Write LAG node at addr 0x70bf with id 255 and next node 0x70c0 0x00ff_070c0c00ff070bfc
2025-04-10 03:27:35.009203 INFO  BF_MC Write LAG node at addr 0x70c0 with id 255 and next node 0x70c1 0x0000_00000000ff070c1c
2025-04-10 03:27:35.009222 INFO  BF_MC Write LAG node at addr 0x70c1 with id 255 and next node 0x70c2 0x00ff_070c2c00ff070c1c
2025-04-10 03:27:35.009245 INFO  BF_MC Write LAG node at addr 0x70c2 with id 255 and next node 0x70c3 0x0000_00000000ff070c3c
2025-04-10 03:27:35.009262 INFO  BF_MC Write LAG node at addr 0x70c3 with id 255 and next node 0x70c4 0x00ff_070c4c00ff070c3c
2025-04-10 03:27:35.009291 INFO  BF_MC Write LAG node at addr 0x70c4 with id 255 and next node 0x70c5 0x0000_00000000ff070c5c
2025-04-10 03:27:35.009310 INFO  BF_MC Write LAG node at addr 0x70c5 with id 255 and next node 0x70c6 0x00ff_070c6c00ff070c5c
2025-04-10 03:27:35.009337 INFO  BF_MC Write LAG node at addr 0x70c6 with id 255 and next node 0x70c7 0x0000_00000000ff070c7c
2025-04-10 03:27:35.009365 INFO  BF_MC Write LAG node at addr 0x70c7 with id 255 and next node 0x70c8 0x00ff_070c8c00ff070c7c
2025-04-10 03:27:35.009385 INFO  BF_MC Write LAG node at addr 0x70c8 with id 255 and next node 0x70c9 0x0000_00000000ff070c9c
2025-04-10 03:27:35.009404 INFO  BF_MC Write LAG node at addr 0x70c9 with id 255 and next node 0x70ca 0x00ff_070cac00ff070c9c
2025-04-10 03:27:35.009430 INFO  BF_MC Write LAG node at addr 0x70ca with id 255 and next node 0x70cb 0x0000_00000000ff070cbc
2025-04-10 03:27:35.009450 INFO  BF_MC Write LAG node at addr 0x70cb with id 255 and next node 0x70cc 0x00ff_070ccc00ff070cbc
2025-04-10 03:27:35.009454 INFO  BF_MC Write LAG node at addr 0x70cc with id 255 and next node 0x70cd 0x0000_00000000ff070cdc
2025-04-10 03:27:35.009458 INFO  BF_MC Write LAG node at addr 0x70cd with id 255 and next node 0x70ce 0x00ff_070cec00ff070cdc
2025-04-10 03:27:35.009469 INFO  BF_MC Write LAG node at addr 0x70ce with id 255 and next node 0x70cf 0x0000_00000000ff070cfc
2025-04-10 03:27:35.009488 INFO  BF_MC Write LAG node at addr 0x70cf with id 255 and next node 0x70d0 0x00ff_070d0c00ff070cfc
2025-04-10 03:27:35.009508 INFO  BF_MC Write LAG node at addr 0x70d0 with id 255 and next node 0x70d1 0x0000_00000000ff070d1c
2025-04-10 03:27:35.009527 INFO  BF_MC Write LAG node at addr 0x70d1 with id 255 and next node 0x70d2 0x00ff_070d2c00ff070d1c
2025-04-10 03:27:35.009545 INFO  BF_MC Write LAG node at addr 0x70d2 with id 255 and next node 0x70d3 0x0000_00000000ff070d3c
2025-04-10 03:27:35.009572 INFO  BF_MC Write LAG node at addr 0x70d3 with id 255 and next node 0x70d4 0x00ff_070d4c00ff070d3c
2025-04-10 03:27:35.009592 INFO  BF_MC Write LAG node at addr 0x70d4 with id 255 and next node 0x70d5 0x0000_00000000ff070d5c
2025-04-10 03:27:35.009611 INFO  BF_MC Write LAG node at addr 0x70d5 with id 255 and next node 0x70d6 0x00ff_070d6c00ff070d5c
2025-04-10 03:27:35.009630 INFO  BF_MC Write LAG node at addr 0x70d6 with id 255 and next node 0x70d7 0x0000_00000000ff070d7c
2025-04-10 03:27:35.009656 INFO  BF_MC Write LAG node at addr 0x70d7 with id 255 and next node 0x70d8 0x00ff_070d8c00ff070d7c
2025-04-10 03:27:35.009676 INFO  BF_MC Write LAG node at addr 0x70d8 with id 255 and next node 0x70d9 0x0000_00000000ff070d9c
2025-04-10 03:27:35.009695 INFO  BF_MC Write LAG node at addr 0x70d9 with id 255 and next node 0x70da 0x00ff_070dac00ff070d9c
2025-04-10 03:27:35.009713 INFO  BF_MC Write LAG node at addr 0x70da with id 255 and next node 0x70db 0x0000_00000000ff070dbc
2025-04-10 03:27:35.009736 INFO  BF_MC Write LAG node at addr 0x70db with id 255 and next node 0x70dc 0x00ff_070dcc00ff070dbc
2025-04-10 03:27:35.009763 INFO  BF_MC Write LAG node at addr 0x70dc with id 255 and next node 0x70dd 0x0000_00000000ff070ddc
2025-04-10 03:27:35.009792 INFO  BF_MC Write LAG node at addr 0x70dd with id 255 and next node 0x70de 0x00ff_070dec00ff070ddc
2025-04-10 03:27:35.009817 INFO  BF_MC Write LAG node at addr 0x70de with id 255 and next node 0x70df 0x0000_00000000ff070dfc
2025-04-10 03:27:35.009836 INFO  BF_MC Write LAG node at addr 0x70df with id 255 and next node 0x70e0 0x00ff_070e0c00ff070dfc
2025-04-10 03:27:35.009855 INFO  BF_MC Write LAG node at addr 0x70e0 with id 255 and next node 0x70e1 0x0000_00000000ff070e1c
2025-04-10 03:27:35.009874 INFO  BF_MC Write LAG node at addr 0x70e1 with id 255 and next node 0x70e2 0x00ff_070e2c00ff070e1c
2025-04-10 03:27:35.009893 INFO  BF_MC Write LAG node at addr 0x70e2 with id 255 and next node 0x70e3 0x0000_00000000ff070e3c
2025-04-10 03:27:35.009912 INFO  BF_MC Write LAG node at addr 0x70e3 with id 255 and next node 0x70e4 0x00ff_070e4c00ff070e3c
2025-04-10 03:27:35.009939 INFO  BF_MC Write LAG node at addr 0x70e4 with id 255 and next node 0x70e5 0x0000_00000000ff070e5c
2025-04-10 03:27:35.009958 INFO  BF_MC Write LAG node at addr 0x70e5 with id 255 and next node 0x70e6 0x00ff_070e6c00ff070e5c
2025-04-10 03:27:35.009977 INFO  BF_MC Write LAG node at addr 0x70e6 with id 255 and next node 0x70e7 0x0000_00000000ff070e7c
2025-04-10 03:27:35.009998 INFO  BF_MC Write LAG node at addr 0x70e7 with id 255 and next node 0x70e8 0x00ff_070e8c00ff070e7c
2025-04-10 03:27:35.010025 INFO  BF_MC Write LAG node at addr 0x70e8 with id 255 and next node 0x70e9 0x0000_00000000ff070e9c
2025-04-10 03:27:35.010048 INFO  BF_MC Write LAG node at addr 0x70e9 with id 255 and next node 0x70ea 0x00ff_070eac00ff070e9c
2025-04-10 03:27:35.010070 INFO  BF_MC Write LAG node at addr 0x70ea with id 255 and next node 0x70eb 0x0000_00000000ff070ebc
2025-04-10 03:27:35.010115 INFO  BF_MC Write LAG node at addr 0x70eb with id 255 and next node 0x70ec 0x00ff_070ecc00ff070ebc
2025-04-10 03:27:35.010152 INFO  BF_MC Write LAG node at addr 0x70ec with id 255 and next node 0x70ed 0x0000_00000000ff070edc
2025-04-10 03:27:35.010170 INFO  BF_MC Write LAG node at addr 0x70ed with id 255 and next node 0x70ee 0x00ff_070eec00ff070edc
2025-04-10 03:27:35.010189 INFO  BF_MC Write LAG node at addr 0x70ee with id 255 and next node 0x70ef 0x0000_00000000ff070efc
2025-04-10 03:27:35.010208 INFO  BF_MC Write LAG node at addr 0x70ef with id 255 and next node 0x70f0 0x00ff_070f0c00ff070efc
2025-04-10 03:27:35.010236 INFO  BF_MC Write LAG node at addr 0x70f0 with id 255 and next node 0x70f1 0x0000_00000000ff070f1c
2025-04-10 03:27:35.010255 INFO  BF_MC Write LAG node at addr 0x70f1 with id 255 and next node 0x70f2 0x00ff_070f2c00ff070f1c
2025-04-10 03:27:35.010274 INFO  BF_MC Write LAG node at addr 0x70f2 with id 255 and next node 0x70f3 0x0000_00000000ff070f3c
2025-04-10 03:27:35.010292 INFO  BF_MC Write LAG node at addr 0x70f3 with id 255 and next node 0x70f4 0x00ff_070f4c00ff070f3c
2025-04-10 03:27:35.010312 INFO  BF_MC Write LAG node at addr 0x70f4 with id 255 and next node 0x70f5 0x0000_00000000ff070f5c
2025-04-10 03:27:35.010331 INFO  BF_MC Write LAG node at addr 0x70f5 with id 255 and next node 0x70f6 0x00ff_070f6c00ff070f5c
2025-04-10 03:27:35.010360 INFO  BF_MC Write LAG node at addr 0x70f6 with id 255 and next node 0x70f7 0x0000_00000000ff070f7c
2025-04-10 03:27:35.010391 INFO  BF_MC Write LAG node at addr 0x70f7 with id 255 and next node 0x70f8 0x00ff_070f8c00ff070f7c
2025-04-10 03:27:35.010432 INFO  BF_MC Write LAG node at addr 0x70f8 with id 255 and next node 0x70f9 0x0000_00000000ff070f9c
2025-04-10 03:27:35.010451 INFO  BF_MC Write LAG node at addr 0x70f9 with id 255 and next node 0x70fa 0x00ff_070fac00ff070f9c
2025-04-10 03:27:35.010470 INFO  BF_MC Write LAG node at addr 0x70fa with id 255 and next node 0x70fb 0x0000_00000000ff070fbc
2025-04-10 03:27:35.010504 INFO  BF_MC Write LAG node at addr 0x70fb with id 255 and next node 0x70fc 0x00ff_070fcc00ff070fbc
2025-04-10 03:27:35.010524 INFO  BF_MC Write LAG node at addr 0x70fc with id 255 and next node 0x70fd 0x0000_00000000ff070fdc
2025-04-10 03:27:35.010551 INFO  BF_MC Write LAG node at addr 0x70fd with id 255 and next node 0x70fe 0x00ff_070fec00ff070fdc
2025-04-10 03:27:35.010570 INFO  BF_MC Write LAG node at addr 0x70fe with id 255 and next node 0x70ff 0x0000_00000000ff070ffc
2025-04-10 03:27:35.010589 INFO  BF_MC Write LAG node at addr 0x70ff with id 255 and next node 0x7100 0x00ff_07100c00ff070ffc
2025-04-10 03:27:35.010609 INFO  BF_MC Write LAG node at addr 0x7100 with id 255 and next node 0x7101 0x0000_00000000ff07101c
2025-04-10 03:27:35.010635 INFO  BF_MC Write LAG node at addr 0x7101 with id 255 and next node 0x7102 0x00ff_07102c00ff07101c
2025-04-10 03:27:35.010665 INFO  BF_MC Write LAG node at addr 0x7102 with id 255 and next node 0x7103 0x0000_00000000ff07103c
2025-04-10 03:27:35.010684 INFO  BF_MC Write LAG node at addr 0x7103 with id 255 and next node 0 0x00ff_00000c00ff07103c
2025-04-10 03:27:35.010713 INFO  BF_MC Allocated RDM addresses 0x31c0 - 0x31df
2025-04-10 03:27:35.010732 INFO  BF_MC Write L1End node at addr 0x31c0, rid 0, l2 0x7101
2025-04-10 03:27:35.010751 INFO  BF_MC Write L1End node at addr 0x31c1, rid 0, l2 0x7100
2025-04-10 03:27:35.010770 INFO  BF_MC Write L1End node at addr 0x31c2, rid 0, l2 0x70ff
2025-04-10 03:27:35.010797 INFO  BF_MC Write L1End node at addr 0x31c3, rid 0, l2 0x70fe
2025-04-10 03:27:35.010826 INFO  BF_MC Write L1End node at addr 0x31c4, rid 0, l2 0x70fd
2025-04-10 03:27:35.010844 INFO  BF_MC Write L1End node at addr 0x31c5, rid 0, l2 0x70fc
2025-04-10 03:27:35.010863 INFO  BF_MC Write L1End node at addr 0x31c6, rid 0, l2 0x70fb
2025-04-10 03:27:35.010883 INFO  BF_MC Write L1End node at addr 0x31c7, rid 0, l2 0x70fa
2025-04-10 03:27:35.010918 INFO  BF_MC Write L1End node at addr 0x31c8, rid 0, l2 0x70f8
2025-04-10 03:27:35.010936 INFO  BF_MC Write L1End node at addr 0x31c9, rid 0, l2 0x70f6
2025-04-10 03:27:35.010960 INFO  BF_MC Write L1End node at addr 0x31ca, rid 0, l2 0x70f4
2025-04-10 03:27:35.010979 INFO  BF_MC Write L1End node at addr 0x31cb, rid 0, l2 0x70f2
2025-04-10 03:27:35.010998 INFO  BF_MC Write L1End node at addr 0x31cc, rid 0, l2 0x70f0
2025-04-10 03:27:35.011016 INFO  BF_MC Write L1End node at addr 0x31cd, rid 0, l2 0x70ee
2025-04-10 03:27:35.011035 INFO  BF_MC Write L1End node at addr 0x31ce, rid 0, l2 0x70ec
2025-04-10 03:27:35.011054 INFO  BF_MC Write L1End node at addr 0x31cf, rid 0, l2 0x70ea
2025-04-10 03:27:35.011073 INFO  BF_MC Write L1End node at addr 0x31d0, rid 0, l2 0x70e8
2025-04-10 03:27:35.011092 INFO  BF_MC Write L1End node at addr 0x31d1, rid 0, l2 0x70e6
2025-04-10 03:27:35.011269 INFO  BF_MC Write L1End node at addr 0x31d2, rid 0, l2 0x70e4
2025-04-10 03:27:35.011289 INFO  BF_MC Write L1End node at addr 0x31d3, rid 0, l2 0x70e0
2025-04-10 03:27:35.011308 INFO  BF_MC Write L1End node at addr 0x31d4, rid 0, l2 0x70dc
2025-04-10 03:27:35.011327 INFO  BF_MC Write L1End node at addr 0x31d5, rid 0, l2 0x70d8
2025-04-10 03:27:35.011338 INFO  BF_MC Write L1End node at addr 0x31d6, rid 0, l2 0x70d4
2025-04-10 03:27:35.011357 INFO  BF_MC Write L1End node at addr 0x31d7, rid 0, l2 0x70cc
2025-04-10 03:27:35.011376 INFO  BF_MC Write L1End node at addr 0x31d8, rid 0, l2 0x70c4
2025-04-10 03:27:35.011394 INFO  BF_MC Write L1End node at addr 0x31d9, rid 0, l2 0x70bc
2025-04-10 03:27:35.011413 INFO  BF_MC Write L1End node at addr 0x31da, rid 0, l2 0x70a0
2025-04-10 03:27:35.011433 INFO  BF_MC Write L1End node at addr 0x31db, rid 0, l2 0x7087
2025-04-10 03:27:35.011451 INFO  BF_MC Write L1End node at addr 0x31dc, rid 0, l2 0x706e
2025-04-10 03:27:35.011470 INFO  BF_MC Write L1End node at addr 0x31dd, rid 0, l2 0x7055
2025-04-10 03:27:35.011489 INFO  BF_MC Write L1End node at addr 0x31de, rid 0, l2 0x703c
2025-04-10 03:27:35.011508 INFO  BF_MC Write L1End node at addr 0x31df, rid 0, l2 0x7000
2025-04-10 03:27:35.037104 DEBUG BF_PLTFM QSFP     4 : RESETL = true
2025-04-10 03:27:35.037136 DEBUG BF_PLTFM QSFP     4 : True
2025-04-10 03:27:35.041162 DEBUG BF_PLTFM QSFP     4 : LPMODE = true
2025-04-10 03:27:35.045818 DEBUG BF_PLTFM QSFPMSM  4 : QSFP_FSM_ST_INSERTED         --> QSFP_FSM_ST_WAIT_T_RESET     (1ms)
2025-04-10 03:27:35.045837 DEBUG BF_PLTFM QSFP     7 : RESETL = true
2025-04-10 03:27:35.045846 DEBUG BF_PLTFM QSFP     7 : True
2025-04-10 03:27:35.050511 DEBUG BF_PLTFM QSFP     7 : LPMODE = true
2025-04-10 03:27:35.055275 DEBUG BF_PLTFM QSFPMSM  7 : QSFP_FSM_ST_INSERTED         --> QSFP_FSM_ST_WAIT_T_RESET     (1ms)
2025-04-10 03:27:35.055288 DEBUG BF_PLTFM QSFP     8 : RESETL = true
2025-04-10 03:27:35.055297 DEBUG BF_PLTFM QSFP     8 : True
2025-04-10 03:27:35.060058 DEBUG BF_PLTFM QSFP     8 : LPMODE = true
2025-04-10 03:27:35.064831 DEBUG BF_PLTFM QSFPMSM  8 : QSFP_FSM_ST_INSERTED         --> QSFP_FSM_ST_WAIT_T_RESET     (1ms)
2025-04-10 03:27:35.065313 INFO  BF_MC mc_mgr_add_device: Device 0 add successful.
2025-04-10 03:27:35.137001 DEBUG BF_PLTFM QSFP     4 : RESETL = false
2025-04-10 03:27:35.137038 DEBUG BF_PLTFM QSFP     4 : False
2025-04-10 03:27:35.141553 DEBUG BF_PLTFM QSFPMSM  4 : QSFP_FSM_ST_WAIT_T_RESET     --> QSFP_FSM_ST_WAIT_TON_TXDIS   (2000ms)
2025-04-10 03:27:35.141564 DEBUG BF_PLTFM QSFP     7 : RESETL = false
2025-04-10 03:27:35.141571 DEBUG BF_PLTFM QSFP     7 : False
2025-04-10 03:27:35.146377 DEBUG BF_PLTFM QSFPMSM  7 : QSFP_FSM_ST_WAIT_T_RESET     --> QSFP_FSM_ST_WAIT_TON_TXDIS   (2000ms)
2025-04-10 03:27:35.146407 DEBUG BF_PLTFM QSFP     8 : RESETL = false
2025-04-10 03:27:35.146416 DEBUG BF_PLTFM QSFP     8 : False
2025-04-10 03:27:35.150520 DEBUG BF_PLTFM QSFPMSM  8 : QSFP_FSM_ST_WAIT_T_RESET     --> QSFP_FSM_ST_WAIT_TON_TXDIS   (2000ms)
2025-04-10 03:27:35.188631 INFO  BF_PM bf_pm_port_add_with_lanes:4847 0:4/0:2(speed):0(fec):1(n_lanes)
2025-04-10 03:27:35.188829 DEBUG BF_PORT 0:152: 2(speed): 0(fec): 1(n_lanes)
2025-04-10 03:27:35.188857 DEBUG BF_PORT port_mgr_tof1_port_add:1030:0:152:2(speed):0(fec)
2025-04-10 03:27:35.188974 DEBUG BF_PORT PRT :0:152:-: MACs serdesmux.sig_ok=LOW
2025-04-10 03:27:35.189133 DEBUG BF_PORT PRT :0:152:-: Disable MAC Rx
2025-04-10 03:27:35.189212 DEBUG BF_PORT MAC: 0:41:0 :  set rx enable = false
2025-04-10 03:27:35.197045 DEBUG BF_PORT MAC: DIS: 0:41:0 : Disable channel
2025-04-10 03:27:35.197094 DEBUG BF_PORT MAC: DIS: 0:41:0 : ERROR! : ch0mode.ena = 0!
2025-04-10 03:27:35.198210 INFO  BF_TM TM buffers egress usage count after disabling qac_rx for dev 0, dev_port 152 before wait 1 is 0
2025-04-10 03:27:35.198258 INFO  BF_TM TM buffers got drained after disabling qac_rx for dev 0, dev_port 152 after 0 waits
2025-04-10 03:27:35.198914 DEBUG BF_PORT 0:152: 2(speed): 0(fec): 1(n_lanes)
2025-04-10 03:27:35.198945 DEBUG BF_PORT port_mgr_tof1_port_add:1030:0:152:2(speed):0(fec)
2025-04-10 03:27:35.199132 INFO  BF_DVM Dev 0 port 152 added sts Success (0)
2025-04-10 03:27:35.199170 INFO  BF_PM bf_pm_port_direction_clear:4449 0:4/0
2025-04-10 03:27:35.199227 DEBUG BF_PLTFM Extended Mac addr: 6c:ec:5a:a:dd:19 

2025-04-10 03:27:35.199321 DEBUG BF_PORT SDS :0:152:0: MAP: Rx inv=0
2025-04-10 03:27:35.199501 DEBUG BF_PORT SDS :0:152:0: MAP: Tx inv=0
2025-04-10 03:27:35.201038 INFO  BF_PM bf_pm_port_enable:5106 0:4/0
2025-04-10 03:27:35.201086 INFO  BF_PM bf_pm_port_add_with_lanes:4847 0:4/1:2(speed):0(fec):1(n_lanes)
2025-04-10 03:27:35.201176 DEBUG BF_PORT 0:153: 2(speed): 0(fec): 1(n_lanes)
2025-04-10 03:27:35.201204 DEBUG BF_PORT port_mgr_tof1_port_add:1030:0:153:2(speed):0(fec)
2025-04-10 03:27:35.201261 DEBUG BF_PORT PRT :0:153:-: MACs serdesmux.sig_ok=LOW
2025-04-10 03:27:35.201370 DEBUG BF_PORT PRT :0:153:-: Disable MAC Rx
2025-04-10 03:27:35.201412 DEBUG BF_PORT MAC: 0:41:1 :  set rx enable = false
2025-04-10 03:27:35.209037 DEBUG BF_PORT MAC: DIS: 0:41:1 : Disable channel
2025-04-10 03:27:35.209094 DEBUG BF_PORT MAC: DIS: 0:41:1 : ERROR! : ch0mode.ena = 0!
2025-04-10 03:27:35.209834 INFO  BF_TM TM buffers egress usage count after disabling qac_rx for dev 0, dev_port 153 before wait 1 is 0
2025-04-10 03:27:35.209884 INFO  BF_TM TM buffers got drained after disabling qac_rx for dev 0, dev_port 153 after 0 waits
2025-04-10 03:27:35.210450 DEBUG BF_PORT 0:153: 2(speed): 0(fec): 1(n_lanes)
2025-04-10 03:27:35.210497 DEBUG BF_PORT port_mgr_tof1_port_add:1030:0:153:2(speed):0(fec)
2025-04-10 03:27:35.210691 INFO  BF_DVM Dev 0 port 153 added sts Success (0)
2025-04-10 03:27:35.210720 INFO  BF_PM bf_pm_port_direction_clear:4449 0:4/1
2025-04-10 03:27:35.210748 DEBUG BF_PLTFM Extended Mac addr: 6c:ec:5a:a:dd:1a 

2025-04-10 03:27:35.210797 DEBUG BF_PORT SDS :0:153:0: MAP: Rx inv=0
2025-04-10 03:27:35.210946 DEBUG BF_PORT SDS :0:153:0: MAP: Tx inv=0
2025-04-10 03:27:35.212417 INFO  BF_PM bf_pm_port_enable:5106 0:4/1
2025-04-10 03:27:35.212464 INFO  BF_PM bf_pm_port_add_with_lanes:4847 0:4/2:2(speed):0(fec):1(n_lanes)
2025-04-10 03:27:35.212514 DEBUG BF_PORT 0:154: 2(speed): 0(fec): 1(n_lanes)
2025-04-10 03:27:35.212532 DEBUG BF_PORT port_mgr_tof1_port_add:1030:0:154:2(speed):0(fec)
2025-04-10 03:27:35.212601 DEBUG BF_PORT PRT :0:154:-: MACs serdesmux.sig_ok=LOW
2025-04-10 03:27:35.212711 DEBUG BF_PORT PRT :0:154:-: Disable MAC Rx
2025-04-10 03:27:35.212750 DEBUG BF_PORT MAC: 0:41:2 :  set rx enable = false
2025-04-10 03:27:35.220287 DEBUG BF_PORT MAC: DIS: 0:41:2 : Disable channel
2025-04-10 03:27:35.220333 DEBUG BF_PORT MAC: DIS: 0:41:2 : ERROR! : ch0mode.ena = 0!
2025-04-10 03:27:35.221020 INFO  BF_TM TM buffers egress usage count after disabling qac_rx for dev 0, dev_port 154 before wait 1 is 0
2025-04-10 03:27:35.221087 INFO  BF_TM TM buffers got drained after disabling qac_rx for dev 0, dev_port 154 after 0 waits
2025-04-10 03:27:35.221683 DEBUG BF_PORT 0:154: 2(speed): 0(fec): 1(n_lanes)
2025-04-10 03:27:35.221729 DEBUG BF_PORT port_mgr_tof1_port_add:1030:0:154:2(speed):0(fec)
2025-04-10 03:27:35.221919 INFO  BF_DVM Dev 0 port 154 added sts Success (0)
2025-04-10 03:27:35.221960 INFO  BF_PM bf_pm_port_direction_clear:4449 0:4/2
2025-04-10 03:27:35.221991 DEBUG BF_PLTFM Extended Mac addr: 6c:ec:5a:a:dd:1b 

2025-04-10 03:27:35.222035 DEBUG BF_PORT SDS :0:154:0: MAP: Rx inv=0
2025-04-10 03:27:35.222181 DEBUG BF_PORT SDS :0:154:0: MAP: Tx inv=0
2025-04-10 03:27:35.223676 INFO  BF_PM bf_pm_port_enable:5106 0:4/2
2025-04-10 03:27:35.223778 INFO  BF_PM bf_pm_port_add_with_lanes:4847 0:4/3:2(speed):0(fec):1(n_lanes)
2025-04-10 03:27:35.223834 DEBUG BF_PORT 0:155: 2(speed): 0(fec): 1(n_lanes)
2025-04-10 03:27:35.223859 DEBUG BF_PORT port_mgr_tof1_port_add:1030:0:155:2(speed):0(fec)
2025-04-10 03:27:35.223907 DEBUG BF_PORT PRT :0:155:-: MACs serdesmux.sig_ok=LOW
2025-04-10 03:27:35.224024 DEBUG BF_PORT PRT :0:155:-: Disable MAC Rx
2025-04-10 03:27:35.224062 DEBUG BF_PORT MAC: 0:41:3 :  set rx enable = false
2025-04-10 03:27:35.231695 DEBUG BF_PORT MAC: DIS: 0:41:3 : Disable channel
2025-04-10 03:27:35.231742 DEBUG BF_PORT MAC: DIS: 0:41:3 : ERROR! : ch0mode.ena = 0!
2025-04-10 03:27:35.232443 INFO  BF_TM TM buffers egress usage count after disabling qac_rx for dev 0, dev_port 155 before wait 1 is 0
2025-04-10 03:27:35.232490 INFO  BF_TM TM buffers got drained after disabling qac_rx for dev 0, dev_port 155 after 0 waits
2025-04-10 03:27:35.233064 DEBUG BF_PORT 0:155: 2(speed): 0(fec): 1(n_lanes)
2025-04-10 03:27:35.233123 DEBUG BF_PORT port_mgr_tof1_port_add:1030:0:155:2(speed):0(fec)
2025-04-10 03:27:35.233325 INFO  BF_DVM Dev 0 port 155 added sts Success (0)
2025-04-10 03:27:35.233353 INFO  BF_PM bf_pm_port_direction_clear:4449 0:4/3
2025-04-10 03:27:35.233373 DEBUG BF_PLTFM Extended Mac addr: 6c:ec:5a:a:dd:1c 

2025-04-10 03:27:35.233448 DEBUG BF_PORT SDS :0:155:0: MAP: Rx inv=0
2025-04-10 03:27:35.233586 DEBUG BF_PORT SDS :0:155:0: MAP: Tx inv=0
2025-04-10 03:27:35.235057 INFO  BF_PM bf_pm_port_enable:5106 0:4/3
2025-04-10 03:27:36.355795 DEBUG BF_PLTFM QSFP Scan started..
2025-04-10 03:27:37.224683 DEBUG BF_PLTFM QSFP     4 : Clear existing alarms..
2025-04-10 03:27:37.228699 DEBUG BF_PLTFM QSFP     4 : Alarms (Bytes 2-14) : 00 fe 00 00 01 00 00 05 55 00 00 00 00
2025-04-10 03:27:37.228712 DEBUG BF_PLTFM QSFP     4 : [7:4] Tx LOS: f -> f : [3:0] Rx LOS: f -> e
2025-04-10 03:27:37.228718 DEBUG BF_PLTFM QSFP     4 : Temp Alarm/Warn: 00 -> 01
2025-04-10 03:27:37.228727 DEBUG BF_PLTFM QSFP     4 : Rx Power Alarm/Warn CH1/2: 00 -> 05
2025-04-10 03:27:37.228735 DEBUG BF_PLTFM QSFP     4 : Rx Power Alarm/Warn CH3/4: 00 -> 55
2025-04-10 03:27:37.228740 DEBUG BF_PLTFM QSFP     4 : Now check for current alarms..
2025-04-10 03:27:37.232772 DEBUG BF_PLTFM QSFP     4 : Alarms (Bytes 2-14) : 02 00 00 00 00 00 00 00 00 00 00 00 00
2025-04-10 03:27:37.232782 DEBUG BF_PLTFM QSFP     4 : IntL : 0 -> 1
2025-04-10 03:27:37.232787 DEBUG BF_PLTFM QSFP     4 : [7:4] Tx LOS: f -> 0 : [3:0] Rx LOS: e -> 0
2025-04-10 03:27:37.232793 DEBUG BF_PLTFM QSFP     4 : Temp Alarm/Warn: 01 -> 00
2025-04-10 03:27:37.232799 DEBUG BF_PLTFM QSFP     4 : Rx Power Alarm/Warn CH1/2: 05 -> 00
2025-04-10 03:27:37.232807 DEBUG BF_PLTFM QSFP     4 : Rx Power Alarm/Warn CH3/4: 55 -> 00
2025-04-10 03:27:37.232817 DEBUG BF_PLTFM QSFP     4 : TX_DISABLE, mask=0xf, new value=1
2025-04-10 03:27:37.638299 DEBUG BF_PLTFM QSFPMSM  4 : QSFP_FSM_ST_WAIT_TON_TXDIS   --> QSFP_FSM_ST_WAIT_TOFF_LPMODE (100ms)
2025-04-10 03:27:37.638314 DEBUG BF_PLTFM QSFP     7 : Clear existing alarms..
2025-04-10 03:27:37.642338 DEBUG BF_PLTFM QSFP     7 : Alarms (Bytes 2-14) : 00 0f 00 00 a1 00 00 00 00 00 00 00 00
2025-04-10 03:27:37.642348 DEBUG BF_PLTFM QSFP     7 : [7:4] Tx LOS: f -> 0 : [3:0] Rx LOS: f -> f
2025-04-10 03:27:37.642354 DEBUG BF_PLTFM QSFP     7 : Temp Alarm/Warn: 00 -> a1
2025-04-10 03:27:37.642367 DEBUG BF_PLTFM QSFP     7 : Now check for current alarms..
2025-04-10 03:27:37.646380 DEBUG BF_PLTFM QSFP     7 : Alarms (Bytes 2-14) : 00 00 00 00 a0 00 00 00 00 00 00 00 00
2025-04-10 03:27:37.646389 DEBUG BF_PLTFM QSFP     7 : [7:4] Tx LOS: 0 -> 0 : [3:0] Rx LOS: f -> 0
2025-04-10 03:27:37.646394 DEBUG BF_PLTFM QSFP     7 : Temp Alarm/Warn: a1 -> a0
2025-04-10 03:27:37.646400 DEBUG BF_PLTFM QSFP     7 : TX_DISABLE, mask=0xf, new value=1
2025-04-10 03:27:38.051769 DEBUG BF_PLTFM QSFPMSM  7 : QSFP_FSM_ST_WAIT_TON_TXDIS   --> QSFP_FSM_ST_WAIT_TOFF_LPMODE (100ms)
2025-04-10 03:27:38.051791 DEBUG BF_PLTFM QSFP     8 : Clear existing alarms..
2025-04-10 03:27:38.058009 DEBUG BF_PLTFM QSFP     8 : Alarms (Bytes 2-14) : 00 f0 00 00 00 00 00 00 00 00 00 00 00
2025-04-10 03:27:38.058022 DEBUG BF_PLTFM QSFP     8 : [7:4] Tx LOS: f -> f : [3:0] Rx LOS: f -> 0
2025-04-10 03:27:38.058031 DEBUG BF_PLTFM QSFP     8 : Now check for current alarms..
2025-04-10 03:27:38.065073 DEBUG BF_PLTFM QSFP     8 : TX_DISABLE, mask=0xf, new value=1
2025-04-10 03:27:38.476711 DEBUG BF_PLTFM QSFPMSM  8 : QSFP_FSM_ST_WAIT_TON_TXDIS   --> QSFP_FSM_ST_WAIT_TOFF_LPMODE (100ms)
2025-04-10 03:27:38.482237 DEBUG BF_PLTFM QSFP     4 : value read from qsfp Power Control byte : 0x0
2025-04-10 03:27:38.482671 INFO  BF_PM bf_pm_pltfm_front_port_eligible_for_autoneg:4161 0:4/0:0(an_eligibility)
2025-04-10 03:27:38.482682 INFO  BF_PM bf_pm_pltfm_front_port_ready_for_bringup:4058 0:4/0:1(ready)
2025-04-10 03:27:38.486656 DEBUG BF_PLTFM QSFP:  4 : ch[0] : dev_port=152 : is OPTICAL
2025-04-10 03:27:38.486678 DEBUG BF_PORT port_mgr_port_enable:134:0:152:1(enb)
2025-04-10 03:27:38.486691 DEBUG BF_PORT port_mgr_tof1_port_enable:1328:0:152:1(enb)
2025-04-10 03:27:38.486698 DEBUG BF_PORT PRT :0:152:-: Enable
2025-04-10 03:27:38.486716 INFO  BF_TM Enabling QAC rx during port-enable for dev 0, dev_port 152
2025-04-10 03:27:38.486736 INFO  BF_PM bf_pm_pltfm_front_port_eligible_for_autoneg:4161 0:4/1:0(an_eligibility)
2025-04-10 03:27:38.486746 INFO  BF_PM bf_pm_pltfm_front_port_ready_for_bringup:4058 0:4/1:1(ready)
2025-04-10 03:27:38.487056 DEBUG BF_PORT FSM :0:152:-: MACs serdesmux.sig_ok=LOW
2025-04-10 03:27:38.491534 DEBUG BF_PLTFM QSFP:  4 : ch[1] : dev_port=153 : is OPTICAL
2025-04-10 03:27:38.491551 DEBUG BF_PORT port_mgr_port_enable:134:0:153:1(enb)
2025-04-10 03:27:38.491562 DEBUG BF_PORT port_mgr_tof1_port_enable:1328:0:153:1(enb)
2025-04-10 03:27:38.491569 DEBUG BF_PORT PRT :0:153:-: Enable
2025-04-10 03:27:38.491583 INFO  BF_TM Enabling QAC rx during port-enable for dev 0, dev_port 153
2025-04-10 03:27:38.491596 INFO  BF_PM bf_pm_pltfm_front_port_eligible_for_autoneg:4161 0:4/2:0(an_eligibility)
2025-04-10 03:27:38.491607 INFO  BF_PM bf_pm_pltfm_front_port_ready_for_bringup:4058 0:4/2:1(ready)
2025-04-10 03:27:38.491662 DEBUG BF_PORT FSM :0:152:-: BF_FSM_ST_IDLE             --> BF_FSM_ST_WAIT_PLL         
2025-04-10 03:27:38.491725 DEBUG BF_PORT FSM :0:153:-: MACs serdesmux.sig_ok=LOW
2025-04-10 03:27:38.496584 DEBUG BF_PORT FSM :0:153:-: BF_FSM_ST_IDLE             --> BF_FSM_ST_WAIT_PLL         
2025-04-10 03:27:38.496682 DEBUG BF_PLTFM QSFP:  4 : ch[2] : dev_port=154 : is OPTICAL
2025-04-10 03:27:38.496698 DEBUG BF_PORT port_mgr_port_enable:134:0:154:1(enb)
2025-04-10 03:27:38.496706 DEBUG BF_PORT port_mgr_tof1_port_enable:1328:0:154:1(enb)
2025-04-10 03:27:38.496712 DEBUG BF_PORT PRT :0:154:-: Enable
2025-04-10 03:27:38.496725 INFO  BF_TM Enabling QAC rx during port-enable for dev 0, dev_port 154
2025-04-10 03:27:38.496739 INFO  BF_PM bf_pm_pltfm_front_port_eligible_for_autoneg:4161 0:4/3:0(an_eligibility)
2025-04-10 03:27:38.496747 INFO  BF_PM bf_pm_pltfm_front_port_ready_for_bringup:4058 0:4/3:1(ready)
2025-04-10 03:27:38.497005 DEBUG BF_PORT FSM :0:154:-: MACs serdesmux.sig_ok=LOW
2025-04-10 03:27:38.501728 DEBUG BF_PORT FSM :0:154:-: BF_FSM_ST_IDLE             --> BF_FSM_ST_WAIT_PLL         
2025-04-10 03:27:38.501828 DEBUG BF_PLTFM QSFP:  4 : ch[3] : dev_port=155 : is OPTICAL
2025-04-10 03:27:38.501845 DEBUG BF_PORT port_mgr_port_enable:134:0:155:1(enb)
2025-04-10 03:27:38.501860 DEBUG BF_PORT port_mgr_tof1_port_enable:1328:0:155:1(enb)
2025-04-10 03:27:38.501868 DEBUG BF_PORT PRT :0:155:-: Enable
2025-04-10 03:27:38.501882 INFO  BF_TM Enabling QAC rx during port-enable for dev 0, dev_port 155
2025-04-10 03:27:38.501895 DEBUG BF_PLTFM QSFPMSM  4 : QSFP_FSM_ST_WAIT_TOFF_LPMODE --> QSFP_FSM_ST_DETECTED         (300ms)
2025-04-10 03:27:38.502145 DEBUG BF_PORT FSM :0:155:-: MACs serdesmux.sig_ok=LOW
2025-04-10 03:27:38.504617 DEBUG BF_PLTFM QSFP     7 : value read from qsfp Power Control byte : 0x0
2025-04-10 03:27:38.505672 DEBUG BF_PORT FSM :0:155:-: BF_FSM_ST_IDLE             --> BF_FSM_ST_WAIT_PLL         
2025-04-10 03:27:38.506075 INFO  BF_PM bf_pm_pltfm_front_port_eligible_for_autoneg:4161 0:7/0:0(an_eligibility)
2025-04-10 03:27:38.506084 INFO  BF_PM bf_pm_pltfm_front_port_ready_for_bringup:4058 0:7/0:1(ready)
2025-04-10 03:27:38.506092 INFO  BF_PM bf_pm_pltfm_front_port_eligible_for_autoneg:4161 0:7/1:0(an_eligibility)
2025-04-10 03:27:38.506102 INFO  BF_PM bf_pm_pltfm_front_port_ready_for_bringup:4058 0:7/1:1(ready)
2025-04-10 03:27:38.506109 INFO  BF_PM bf_pm_pltfm_front_port_eligible_for_autoneg:4161 0:7/2:0(an_eligibility)
2025-04-10 03:27:38.506116 INFO  BF_PM bf_pm_pltfm_front_port_ready_for_bringup:4058 0:7/2:1(ready)
2025-04-10 03:27:38.506124 INFO  BF_PM bf_pm_pltfm_front_port_eligible_for_autoneg:4161 0:7/3:0(an_eligibility)
2025-04-10 03:27:38.506133 INFO  BF_PM bf_pm_pltfm_front_port_ready_for_bringup:4058 0:7/3:1(ready)
2025-04-10 03:27:38.506139 DEBUG BF_PLTFM QSFPMSM  7 : QSFP_FSM_ST_WAIT_TOFF_LPMODE --> QSFP_FSM_ST_DETECTED         (300ms)
2025-04-10 03:27:38.541899 DEBUG BF_PORT FSM :0:152:-: BF_FSM_ST_WAIT_PLL         --> BF_FSM_ST_CFG_SERDES       
2025-04-10 03:27:38.547156 DEBUG BF_PORT FSM :0:153:-: BF_FSM_ST_WAIT_PLL         --> BF_FSM_ST_CFG_SERDES       
2025-04-10 03:27:38.552078 DEBUG BF_PORT FSM :0:154:-: BF_FSM_ST_WAIT_PLL         --> BF_FSM_ST_CFG_SERDES       
2025-04-10 03:27:38.553681 DEBUG BF_PORT FSM :0:1: 38: Tx loop bandwidth setting: 503h <1283>
2025-04-10 03:27:38.553814 DEBUG BF_PORT FSM :0:152:-: Disable MAC CH TX/RX, toggle swreset
2025-04-10 03:27:38.553838 DEBUG BF_PORT MAC: 0:41:0 :  set tx enable = false
2025-04-10 03:27:38.553852 DEBUG BF_PORT MAC: 0:41:0 :  set rx enable = false
2025-04-10 03:27:38.553872 DEBUG BF_PORT MAC: DIS: 0:41:0 : Disable channel
2025-04-10 03:27:38.553895 DEBUG BF_PORT MAC: ENA: 0:41:0 : Enable channel
2025-04-10 03:27:38.554120 DEBUG BF_PORT FSM :0:152:-: Serdes TX driver ON
2025-04-10 03:27:38.554133 DEBUG BF_PORT FSM :0:152:-: BF_FSM_ST_CFG_SERDES       --> BF_FSM_ST_WAIT_SIGNAL_OK   
2025-04-10 03:27:38.554155 DEBUG BF_PLTFM QSFP:  4 : ch[0] : dev_port=152 : is OPTICAL
2025-04-10 03:27:38.554173 INFO  BF_PM bf_pm_pltfm_front_port_num_lanes_get:4192 0:4/0
2025-04-10 03:27:38.554192 DEBUG BF_PLTFM QSFP:  4 : ch[0] Enable (dev_port=152, ln=0)
2025-04-10 03:27:38.554211 DEBUG BF_PLTFM QSFPCSM  4/0 : QSFP_CH_FSM_ST_DISABLED --> QSFP_CH_FSM_ST_ENABLING (0ms)
2025-04-10 03:27:38.555959 DEBUG BF_PORT FSM :0:155:-: BF_FSM_ST_WAIT_PLL         --> BF_FSM_ST_CFG_SERDES       
2025-04-10 03:27:38.559113 DEBUG BF_PORT FSM :0:1: 39: Tx loop bandwidth setting: 503h <1283>
2025-04-10 03:27:38.559267 DEBUG BF_PORT FSM :0:153:-: Disable MAC CH TX/RX, toggle swreset
2025-04-10 03:27:38.559283 DEBUG BF_PORT MAC: 0:41:1 :  set tx enable = false
2025-04-10 03:27:38.559299 DEBUG BF_PORT MAC: 0:41:1 :  set rx enable = false
2025-04-10 03:27:38.559314 DEBUG BF_PORT MAC: DIS: 0:41:1 : Disable channel
2025-04-10 03:27:38.559340 DEBUG BF_PORT MAC: ENA: 0:41:1 : Enable channel
2025-04-10 03:27:38.559556 DEBUG BF_PORT FSM :0:153:-: Serdes TX driver ON
2025-04-10 03:27:38.559568 DEBUG BF_PORT FSM :0:153:-: BF_FSM_ST_CFG_SERDES       --> BF_FSM_ST_WAIT_SIGNAL_OK   
2025-04-10 03:27:38.559588 DEBUG BF_PLTFM QSFP:  4 : ch[1] : dev_port=153 : is OPTICAL
2025-04-10 03:27:38.559605 INFO  BF_PM bf_pm_pltfm_front_port_num_lanes_get:4192 0:4/1
2025-04-10 03:27:38.559621 DEBUG BF_PLTFM QSFP:  4 : ch[1] Enable (dev_port=153, ln=0)
2025-04-10 03:27:38.559647 DEBUG BF_PLTFM QSFPCSM  4/1 : QSFP_CH_FSM_ST_DISABLED --> QSFP_CH_FSM_ST_ENABLING (0ms)
2025-04-10 03:27:38.563998 DEBUG BF_PORT FSM :0:1: 40: Tx loop bandwidth setting: 503h <1283>
2025-04-10 03:27:38.564126 DEBUG BF_PORT FSM :0:154:-: Disable MAC CH TX/RX, toggle swreset
2025-04-10 03:27:38.564136 DEBUG BF_PORT MAC: 0:41:2 :  set tx enable = false
2025-04-10 03:27:38.564145 DEBUG BF_PORT MAC: 0:41:2 :  set rx enable = false
2025-04-10 03:27:38.564153 DEBUG BF_PORT MAC: DIS: 0:41:2 : Disable channel
2025-04-10 03:27:38.564167 DEBUG BF_PORT MAC: ENA: 0:41:2 : Enable channel
2025-04-10 03:27:38.564372 DEBUG BF_PORT FSM :0:154:-: Serdes TX driver ON
2025-04-10 03:27:38.564378 DEBUG BF_PORT FSM :0:154:-: BF_FSM_ST_CFG_SERDES       --> BF_FSM_ST_WAIT_SIGNAL_OK   
2025-04-10 03:27:38.564389 DEBUG BF_PLTFM QSFP:  4 : ch[2] : dev_port=154 : is OPTICAL
2025-04-10 03:27:38.564398 INFO  BF_PM bf_pm_pltfm_front_port_num_lanes_get:4192 0:4/2
2025-04-10 03:27:38.564407 DEBUG BF_PLTFM QSFP:  4 : ch[2] Enable (dev_port=154, ln=0)
2025-04-10 03:27:38.564414 DEBUG BF_PLTFM QSFPCSM  4/2 : QSFP_CH_FSM_ST_DISABLED --> QSFP_CH_FSM_ST_ENABLING (0ms)
2025-04-10 03:27:38.567796 DEBUG BF_PORT FSM :0:1: 41: Tx loop bandwidth setting: 503h <1283>
2025-04-10 03:27:38.567924 DEBUG BF_PORT FSM :0:155:-: Disable MAC CH TX/RX, toggle swreset
2025-04-10 03:27:38.567933 DEBUG BF_PORT MAC: 0:41:3 :  set tx enable = false
2025-04-10 03:27:38.567942 DEBUG BF_PORT MAC: 0:41:3 :  set rx enable = false
2025-04-10 03:27:38.567951 DEBUG BF_PORT MAC: DIS: 0:41:3 : Disable channel
2025-04-10 03:27:38.567965 DEBUG BF_PORT MAC: ENA: 0:41:3 : Enable channel
2025-04-10 03:27:38.568171 DEBUG BF_PORT FSM :0:155:-: Serdes TX driver ON
2025-04-10 03:27:38.568178 DEBUG BF_PORT FSM :0:155:-: BF_FSM_ST_CFG_SERDES       --> BF_FSM_ST_WAIT_SIGNAL_OK   
2025-04-10 03:27:38.568189 DEBUG BF_PLTFM QSFP:  4 : ch[3] : dev_port=155 : is OPTICAL
2025-04-10 03:27:38.568199 INFO  BF_PM bf_pm_pltfm_front_port_num_lanes_get:4192 0:4/3
2025-04-10 03:27:38.568208 DEBUG BF_PLTFM QSFP:  4 : ch[3] Enable (dev_port=155, ln=0)
2025-04-10 03:27:38.568215 DEBUG BF_PLTFM QSFPCSM  4/3 : QSFP_CH_FSM_ST_DISABLED --> QSFP_CH_FSM_ST_ENABLING (0ms)
2025-04-10 03:27:38.698818 DEBUG BF_PLTFM QSFP     4 : ch[0] : NOT Ready 
2025-04-10 03:27:38.698922 DEBUG BF_PLTFM QSFPCSM  4/0 : QSFP_CH_FSM_ST_ENABLING.0 --> QSFP_CH_FSM_ST_ENA_CDR.0 (300ms)
2025-04-10 03:27:38.698972 DEBUG BF_PLTFM QSFP     4 : ch[1] : NOT Ready 
2025-04-10 03:27:38.698991 DEBUG BF_PLTFM QSFPCSM  4/1 : QSFP_CH_FSM_ST_ENABLING.0 --> QSFP_CH_FSM_ST_ENA_CDR.0 (300ms)
2025-04-10 03:27:38.699010 DEBUG BF_PLTFM QSFP     4 : ch[2] : NOT Ready 
2025-04-10 03:27:38.699037 DEBUG BF_PLTFM QSFPCSM  4/2 : QSFP_CH_FSM_ST_ENABLING.0 --> QSFP_CH_FSM_ST_ENA_CDR.0 (300ms)
2025-04-10 03:27:38.699056 DEBUG BF_PLTFM QSFP     4 : ch[3] : NOT Ready 
2025-04-10 03:27:38.699075 DEBUG BF_PLTFM QSFPCSM  4/3 : QSFP_CH_FSM_ST_ENABLING.0 --> QSFP_CH_FSM_ST_ENA_CDR.0 (300ms)
2025-04-10 03:27:38.702488 DEBUG BF_PLTFM QSFP     8 : value read from qsfp Power Control byte : 0x0
2025-04-10 03:27:38.703062 INFO  BF_PM bf_pm_pltfm_front_port_eligible_for_autoneg:4161 0:8/0:0(an_eligibility)
2025-04-10 03:27:38.703110 INFO  BF_PM bf_pm_pltfm_front_port_ready_for_bringup:4058 0:8/0:1(ready)
2025-04-10 03:27:38.703137 INFO  BF_PM bf_pm_pltfm_front_port_eligible_for_autoneg:4161 0:8/1:0(an_eligibility)
2025-04-10 03:27:38.703157 INFO  BF_PM bf_pm_pltfm_front_port_ready_for_bringup:4058 0:8/1:1(ready)
2025-04-10 03:27:38.703176 INFO  BF_PM bf_pm_pltfm_front_port_eligible_for_autoneg:4161 0:8/2:0(an_eligibility)
2025-04-10 03:27:38.703196 INFO  BF_PM bf_pm_pltfm_front_port_ready_for_bringup:4058 0:8/2:1(ready)
2025-04-10 03:27:38.703222 INFO  BF_PM bf_pm_pltfm_front_port_eligible_for_autoneg:4161 0:8/3:0(an_eligibility)
2025-04-10 03:27:38.703241 INFO  BF_PM bf_pm_pltfm_front_port_ready_for_bringup:4058 0:8/3:1(ready)
2025-04-10 03:27:38.703270 DEBUG BF_PLTFM QSFPMSM  8 : QSFP_FSM_ST_WAIT_TOFF_LPMODE --> QSFP_FSM_ST_DETECTED         (300ms)
2025-04-10 03:27:38.903464 DEBUG BF_PLTFM QSFP     4 : Alarms (Bytes 2-14) : 00 0e 00 00 00 00 00 05 55 11 11 55 55
2025-04-10 03:27:38.903532 DEBUG BF_PLTFM QSFP     4 : IntL : 1 -> 0
2025-04-10 03:27:38.903551 DEBUG BF_PLTFM QSFP     4 : [7:4] Tx LOS: 0 -> 0 : [3:0] Rx LOS: 0 -> e
2025-04-10 03:27:38.903580 DEBUG BF_PLTFM QSFP     4 : Rx Power Alarm/Warn CH1/2: 00 -> 05
2025-04-10 03:27:38.903607 DEBUG BF_PLTFM QSFP     4 : Rx Power Alarm/Warn CH3/4: 00 -> 55
2025-04-10 03:27:38.903626 DEBUG BF_PLTFM QSFP     4 : Tx Bias Alarm/Warn CH1/2: 00 -> 11
2025-04-10 03:27:38.903644 DEBUG BF_PLTFM QSFP     4 : Tx Bias Alarm/Warn CH3/4: 00 -> 11
2025-04-10 03:27:38.903672 DEBUG BF_PLTFM QSFP     4 : Tx Power Alarm/Warn CH1/2: 00 -> 55
2025-04-10 03:27:38.903683 DEBUG BF_PLTFM QSFP     4 : Tx Power Alarm/Warn CH3/4: 00 -> 55
2025-04-10 03:27:38.907769 DEBUG BF_PLTFM QSFP     4 : dev_port=153 : LOS=1
2025-04-10 03:27:38.907817 DEBUG BF_PLTFM QSFP     4 : dev_port=154 : LOS=1
2025-04-10 03:27:38.907845 DEBUG BF_PLTFM QSFP     4 : dev_port=155 : LOS=1
2025-04-10 03:27:38.998966 DEBUG BF_PLTFM QSFPMSM  4 : QSFP_FSM_ST_DETECTED         --> QSFP_FSM_ST_UPDATE           (0ms)
2025-04-10 03:27:38.999013 DEBUG BF_PLTFM QSFPCSM  4/0 : QSFP_CH_FSM_ST_ENA_CDR.0 --> QSFP_CH_FSM_ST_ENA_CDR.1 (300ms)
2025-04-10 03:27:39.099256 DEBUG BF_PLTFM QSFPMSM  4 : QSFP_FSM_ST_UPDATE           --> QSFP_FSM_ST_WAIT_UPDATE      (300ms)
2025-04-10 03:27:39.104228 DEBUG BF_PLTFM QSFP     8 : Alarms (Bytes 2-14) : 00 f0 00 00 00 00 00 00 00 55 55 55 55
2025-04-10 03:27:39.104274 DEBUG BF_PLTFM QSFP     8 : Tx Bias Alarm/Warn CH1/2: 00 -> 55
2025-04-10 03:27:39.104293 DEBUG BF_PLTFM QSFP     8 : Tx Bias Alarm/Warn CH3/4: 00 -> 55
2025-04-10 03:27:39.104312 DEBUG BF_PLTFM QSFP     8 : Tx Power Alarm/Warn CH1/2: 00 -> 55
2025-04-10 03:27:39.104340 DEBUG BF_PLTFM QSFP     8 : Tx Power Alarm/Warn CH3/4: 00 -> 55
2025-04-10 03:27:39.405200 DEBUG BF_PLTFM QSFP     8 : Alarms (Bytes 2-14) : 00 00 00 00 00 00 00 00 00 55 55 55 55
2025-04-10 03:27:39.405262 DEBUG BF_PLTFM QSFP     8 : [7:4] Tx LOS: f -> 0 : [3:0] Rx LOS: 0 -> 0
2025-04-10 03:27:39.499056 DEBUG BF_PLTFM QSFPMSM  4 : QSFP_FSM_ST_WAIT_UPDATE      --> QSFP_FSM_ST_DETECTED         (0ms)
2025-04-10 03:27:39.609664 DEBUG BF_PLTFM QSFP     4 : ch[0] : TX LOS (byte 3) = 0e : TX CDR LOL (byte 5) = 00 : [ok] <num_lanes=1 : msk=10>
2025-04-10 03:27:39.621654 DEBUG BF_PLTFM QSFP     4 : ch[0] : TX LOS (byte 3) = 00 : TX CDR LOL (byte 5) = 00 : [ok] <num_lanes=1 : msk=10>
2025-04-10 03:27:39.633610 DEBUG BF_PLTFM QSFP     4 : ch[0] : TX LOS (byte 3) = 00 : TX CDR LOL (byte 5) = 00 : [ok] <num_lanes=1 : msk=10>
2025-04-10 03:27:39.633672 DEBUG BF_PLTFM QSFPCSM  4/0 : QSFP_CH_FSM_ST_ENA_CDR.1 --> QSFP_CH_FSM_ST_ENA_OPTICAL_TX.0 (0ms)
2025-04-10 03:27:39.633726 DEBUG BF_PLTFM QSFPMSM  4 : QSFP_FSM_ST_DETECTED         --> QSFP_FSM_ST_UPDATE           (0ms)
2025-04-10 03:27:39.633745 DEBUG BF_PLTFM QSFPCSM  4/1 : QSFP_CH_FSM_ST_ENA_CDR.0 --> QSFP_CH_FSM_ST_ENA_CDR.1 (300ms)
2025-04-10 03:27:39.633765 DEBUG BF_PLTFM QSFPCSM  4/2 : QSFP_CH_FSM_ST_ENA_CDR.0 --> QSFP_CH_FSM_ST_ENA_CDR.1 (300ms)
2025-04-10 03:27:39.633791 DEBUG BF_PLTFM QSFPCSM  4/3 : QSFP_CH_FSM_ST_ENA_CDR.0 --> QSFP_CH_FSM_ST_ENA_CDR.1 (300ms)
2025-04-10 03:27:39.699034 DEBUG BF_PLTFM QSFPMSM  4 : QSFP_FSM_ST_UPDATE           --> QSFP_FSM_ST_WAIT_UPDATE      (300ms)
2025-04-10 03:27:39.999220 DEBUG BF_PLTFM QSFPMSM  4 : QSFP_FSM_ST_WAIT_UPDATE      --> QSFP_FSM_ST_DETECTED         (0ms)
2025-04-10 03:27:40.098332 DEBUG BF_PLTFM QSFPMSM  4 : QSFP_FSM_ST_DETECTED         --> QSFP_FSM_ST_UPDATE           (0ms)
2025-04-10 03:27:40.098456 DEBUG BF_PLTFM QSFPCSM  4/0 : QSFP_CH_FSM_ST_ENA_OPTICAL_TX.0 --> QSFP_CH_FSM_ST_ENA_OPTICAL_TX.1 (0ms)
2025-04-10 03:27:40.105142 DEBUG BF_PLTFM QSFP     4 : ch[1] : TX LOS (byte 3) = 0e : TX CDR LOL (byte 5) = 00 : [ok] <num_lanes=1 : msk=20>
2025-04-10 03:27:40.111824 DEBUG BF_PLTFM QSFP     4 : ch[1] : TX LOS (byte 3) = 00 : TX CDR LOL (byte 5) = 00 : [ok] <num_lanes=1 : msk=20>
2025-04-10 03:27:40.118413 DEBUG BF_PLTFM QSFP     4 : ch[1] : TX LOS (byte 3) = 00 : TX CDR LOL (byte 5) = 00 : [ok] <num_lanes=1 : msk=20>
2025-04-10 03:27:40.118471 DEBUG BF_PLTFM QSFPCSM  4/1 : QSFP_CH_FSM_ST_ENA_CDR.1 --> QSFP_CH_FSM_ST_ENA_OPTICAL_TX.0 (0ms)
2025-04-10 03:27:40.125201 DEBUG BF_PLTFM QSFP     4 : ch[2] : TX LOS (byte 3) = 00 : TX CDR LOL (byte 5) = 00 : [ok] <num_lanes=1 : msk=40>
2025-04-10 03:27:40.131849 DEBUG BF_PLTFM QSFP     4 : ch[2] : TX LOS (byte 3) = 00 : TX CDR LOL (byte 5) = 00 : [ok] <num_lanes=1 : msk=40>
2025-04-10 03:27:40.138449 DEBUG BF_PLTFM QSFP     4 : ch[2] : TX LOS (byte 3) = 00 : TX CDR LOL (byte 5) = 00 : [ok] <num_lanes=1 : msk=40>
2025-04-10 03:27:40.138478 DEBUG BF_PLTFM QSFPCSM  4/2 : QSFP_CH_FSM_ST_ENA_CDR.1 --> QSFP_CH_FSM_ST_ENA_OPTICAL_TX.0 (0ms)
2025-04-10 03:27:40.145036 DEBUG BF_PLTFM QSFP     4 : ch[3] : TX LOS (byte 3) = 00 : TX CDR LOL (byte 5) = 00 : [ok] <num_lanes=1 : msk=80>
2025-04-10 03:27:40.151829 DEBUG BF_PLTFM QSFP     4 : ch[3] : TX LOS (byte 3) = 00 : TX CDR LOL (byte 5) = 00 : [ok] <num_lanes=1 : msk=80>
2025-04-10 03:27:40.158486 DEBUG BF_PLTFM QSFP     4 : ch[3] : TX LOS (byte 3) = 00 : TX CDR LOL (byte 5) = 00 : [ok] <num_lanes=1 : msk=80>
2025-04-10 03:27:40.158515 DEBUG BF_PLTFM QSFPCSM  4/3 : QSFP_CH_FSM_ST_ENA_CDR.1 --> QSFP_CH_FSM_ST_ENA_OPTICAL_TX.0 (0ms)
2025-04-10 03:27:40.205313 DEBUG BF_PLTFM QSFPMSM  4 : QSFP_FSM_ST_UPDATE           --> QSFP_FSM_ST_WAIT_UPDATE      (0ms)
2025-04-10 03:27:40.298556 DEBUG BF_PLTFM QSFPMSM  4 : QSFP_FSM_ST_WAIT_UPDATE      --> QSFP_FSM_ST_DETECTED         (0ms)
2025-04-10 03:27:40.562166 DEBUG BF_PLTFM QSFPCSM  4/0 : First enable after reset. Extra 3.1 sec wait
2025-04-10 03:27:40.562223 DEBUG BF_PLTFM QSFPCSM  4/0 : QSFP_CH_FSM_ST_ENA_OPTICAL_TX.1 --> QSFP_CH_FSM_ST_NOTIFY_ENABLED.0 (3500ms)
2025-04-10 03:27:40.562252 DEBUG BF_PLTFM QSFPMSM  4 : QSFP_FSM_ST_DETECTED         --> QSFP_FSM_ST_UPDATE           (0ms)
2025-04-10 03:27:40.562271 DEBUG BF_PLTFM QSFPCSM  4/1 : QSFP_CH_FSM_ST_ENA_OPTICAL_TX.0 --> QSFP_CH_FSM_ST_ENA_OPTICAL_TX.1 (0ms)
2025-04-10 03:27:40.562290 DEBUG BF_PLTFM QSFPCSM  4/2 : QSFP_CH_FSM_ST_ENA_OPTICAL_TX.0 --> QSFP_CH_FSM_ST_ENA_OPTICAL_TX.1 (0ms)
2025-04-10 03:27:40.562309 DEBUG BF_PLTFM QSFPCSM  4/3 : QSFP_CH_FSM_ST_ENA_OPTICAL_TX.0 --> QSFP_CH_FSM_ST_ENA_OPTICAL_TX.1 (0ms)
2025-04-10 03:27:40.586486 DEBUG BF_PLTFM QSFPMSM  4 : QSFP_FSM_ST_UPDATE           --> QSFP_FSM_ST_WAIT_UPDATE      (0ms)
2025-04-10 03:27:40.662725 DEBUG BF_PLTFM QSFPMSM  4 : QSFP_FSM_ST_WAIT_UPDATE      --> QSFP_FSM_ST_DETECTED         (0ms)
2025-04-10 03:27:40.762992 DEBUG BF_PLTFM QSFPCSM  4/1 : First enable after reset. Extra 3.1 sec wait
2025-04-10 03:27:40.763051 DEBUG BF_PLTFM QSFPCSM  4/1 : QSFP_CH_FSM_ST_ENA_OPTICAL_TX.1 --> QSFP_CH_FSM_ST_NOTIFY_ENABLED.0 (3500ms)
2025-04-10 03:27:40.763080 DEBUG BF_PLTFM QSFPCSM  4/2 : First enable after reset. Extra 3.1 sec wait
2025-04-10 03:27:40.763119 DEBUG BF_PLTFM QSFPCSM  4/2 : QSFP_CH_FSM_ST_ENA_OPTICAL_TX.1 --> QSFP_CH_FSM_ST_NOTIFY_ENABLED.0 (3500ms)
2025-04-10 03:27:40.763139 DEBUG BF_PLTFM QSFPCSM  4/3 : First enable after reset. Extra 3.1 sec wait
2025-04-10 03:27:40.763157 DEBUG BF_PLTFM QSFPCSM  4/3 : QSFP_CH_FSM_ST_ENA_OPTICAL_TX.1 --> QSFP_CH_FSM_ST_NOTIFY_ENABLED.0 (3500ms)
2025-04-10 03:27:40.955385 DEBUG BF_PORT FSM :0:152: is_opt=1 : is_ready=1 : LOS=0 debounce_thr=8
2025-04-10 03:27:40.956224 DEBUG BF_PORT FSM :0:152:0: LOS=1 EI=0 flock= 1 calibration=ok
2025-04-10 03:27:40.956247 DEBUG BF_PORT FSM :0:152:-: BF_FSM_ST_WAIT_SIGNAL_OK   --> BF_FSM_ST_START_DFE        
2025-04-10 03:27:40.966862 DEBUG BF_PORT FSM :0:152:-: BF_FSM_ST_START_DFE        --> BF_FSM_ST_WAIT_DFE_DONE    
2025-04-10 03:27:41.068798 DEBUG BF_PLTFM QSFP     4 : Alarms (Bytes 2-14) : 00 0e 00 00 00 00 00 05 55 00 00 00 00
2025-04-10 03:27:41.068866 DEBUG BF_PLTFM QSFP     4 : Tx Bias Alarm/Warn CH1/2: 11 -> 00
2025-04-10 03:27:41.068885 DEBUG BF_PLTFM QSFP     4 : Tx Bias Alarm/Warn CH3/4: 11 -> 00
2025-04-10 03:27:41.068904 DEBUG BF_PLTFM QSFP     4 : Tx Power Alarm/Warn CH1/2: 55 -> 00
2025-04-10 03:27:41.068943 DEBUG BF_PLTFM QSFP     4 : Tx Power Alarm/Warn CH3/4: 55 -> 00
2025-04-10 03:27:41.879901 DEBUG BF_PORT Upper eye edge: +/- 270 mV (ht=540mV)
2025-04-10 03:27:41.879949 DEBUG BF_PORT FSM :0:152:0: 1e06=540mV/ 40mV
2025-04-10 03:27:41.879961 DEBUG BF_PORT FSM :0:152:-: MACs serdesmux.sig_ok=PASS-THRU
2025-04-10 03:27:41.879983 DEBUG BF_PORT FSM :0:152:-: Enable MAC TX and RX for app logic
2025-04-10 03:27:41.879994 DEBUG BF_PORT MAC: 0:41:0 :  set rx enable = true
2025-04-10 03:27:41.880005 DEBUG BF_PORT MAC: 0:41:0 :  set tx enable = true
2025-04-10 03:27:41.880234 DEBUG BF_PORT FSM :0:152:-: BF_FSM_ST_WAIT_DFE_DONE    --> BF_FSM_ST_WAIT_PCS_UP      
2025-04-10 03:27:41.980451 DEBUG BF_PORT FSM :0:152:-: state=1 PCS_status=1 local_fault=0 remote fault =0
2025-04-10 03:27:41.980684 DEBUG BF_PORT FSM :0:152:-: PCS err-blk=0 : syn-lst=0 : bk-lk-lst=0 : hi_ber=0 : val-err=0 : unk-err=0 : inv-err=0 : bip=0
2025-04-10 03:27:42.080851 DEBUG BF_PORT FSM :0:152:-: state=1 PCS_status=1 local_fault=0 remote fault =0
2025-04-10 03:27:42.081075 DEBUG BF_PORT FSM :0:152:-: PCS err-blk=0 : syn-lst=0 : bk-lk-lst=0 : hi_ber=0 : val-err=0 : unk-err=0 : inv-err=0 : bip=0
2025-04-10 03:27:42.181150 DEBUG BF_PORT FSM :0:152:-: state=1 PCS_status=1 local_fault=0 remote fault =0
2025-04-10 03:27:42.181345 DEBUG BF_PORT FSM :0:152:-: PCS err-blk=0 : syn-lst=0 : bk-lk-lst=0 : hi_ber=0 : val-err=0 : unk-err=0 : inv-err=0 : bip=0
2025-04-10 03:27:42.281601 DEBUG BF_PORT FSM :0:152:-: state=1 PCS_status=1 local_fault=0 remote fault =0
2025-04-10 03:27:42.281808 DEBUG BF_PORT FSM :0:152:-: PCS err-blk=0 : syn-lst=0 : bk-lk-lst=0 : hi_ber=0 : val-err=0 : unk-err=0 : inv-err=0 : bip=0
2025-04-10 03:27:42.382042 DEBUG BF_PORT FSM :0:152:-: state=1 PCS_status=1 local_fault=0 remote fault =0
2025-04-10 03:27:42.382263 DEBUG BF_PORT FSM :0:152:-: PCS err-blk=0 : syn-lst=0 : bk-lk-lst=0 : hi_ber=0 : val-err=0 : unk-err=0 : inv-err=0 : bip=0
2025-04-10 03:27:42.482505 DEBUG BF_PORT FSM :0:152:-: state=1 PCS_status=1 local_fault=0 remote fault =0
2025-04-10 03:27:42.482720 DEBUG BF_PORT FSM :0:152:-: PCS err-blk=0 : syn-lst=0 : bk-lk-lst=0 : hi_ber=0 : val-err=0 : unk-err=0 : inv-err=0 : bip=0
2025-04-10 03:27:42.582973 DEBUG BF_PORT FSM :0:152:-: state=1 PCS_status=1 local_fault=0 remote fault =0
2025-04-10 03:27:42.583134 DEBUG BF_PORT FSM :0:152:-: PCS err-blk=0 : syn-lst=0 : bk-lk-lst=0 : hi_ber=0 : val-err=0 : unk-err=0 : inv-err=0 : bip=0
2025-04-10 03:27:42.683434 DEBUG BF_PORT FSM :0:152:-: state=1 PCS_status=1 local_fault=0 remote fault =0
2025-04-10 03:27:42.683637 DEBUG BF_PORT FSM :0:152:-: PCS err-blk=0 : syn-lst=0 : bk-lk-lst=0 : hi_ber=0 : val-err=0 : unk-err=0 : inv-err=0 : bip=0
2025-04-10 03:27:42.685422 DEBUG BF_PORT FSM :0:152:-: BF_FSM_ST_WAIT_PCS_UP      --> BF_FSM_ST_WAIT_DWN_EVNT    
2025-04-10 03:27:42.685442 DEBUG BF_PORT 0:152: --- Up
2025-04-10 03:27:42.685468 DEBUG BF_PM pm_port_link_status_chg_cb:3798 PM: Dev 0 : front port 4/0 (152) : UP
2025-04-10 03:27:44.091245 DEBUG BF_PLTFM QSFP     4 : ch[0] : Ready 
2025-04-10 03:27:44.091280 DEBUG BF_PLTFM QSFPCSM  4/0 : QSFP_CH_FSM_ST_NOTIFY_ENABLED.0 --> QSFP_CH_FSM_ST_ENABLED.0 (0ms)
2025-04-10 03:27:44.178511 DEBUG BF_PLTFM QSFP     4 : Alarms (Bytes 2-14) : 00 00 00 00 00 00 00 00 00 00 00 00 00
2025-04-10 03:27:44.178524 DEBUG BF_PLTFM QSFP     4 : [7:4] Tx LOS: 0 -> 0 : [3:0] Rx LOS: e -> 0
2025-04-10 03:27:44.178530 DEBUG BF_PLTFM QSFP     4 : Rx Power Alarm/Warn CH1/2: 05 -> 00
2025-04-10 03:27:44.178537 DEBUG BF_PLTFM QSFP     4 : Rx Power Alarm/Warn CH3/4: 55 -> 00
2025-04-10 03:27:44.181288 DEBUG BF_PLTFM QSFP     4 : dev_port=153 : LOS=0
2025-04-10 03:27:44.181298 DEBUG BF_PLTFM QSFP     4 : dev_port=154 : LOS=0
2025-04-10 03:27:44.181305 DEBUG BF_PLTFM QSFP     4 : dev_port=155 : LOS=0
2025-04-10 03:27:44.286821 DEBUG BF_PLTFM QSFP     4 : ch[1] : Ready 
2025-04-10 03:27:44.286831 DEBUG BF_PLTFM QSFPCSM  4/1 : QSFP_CH_FSM_ST_NOTIFY_ENABLED.0 --> QSFP_CH_FSM_ST_ENABLED.0 (0ms)
2025-04-10 03:27:44.299655 DEBUG BF_PLTFM QSFP     4 : ch[2] : Ready 
2025-04-10 03:27:44.299676 DEBUG BF_PLTFM QSFPCSM  4/2 : QSFP_CH_FSM_ST_NOTIFY_ENABLED.0 --> QSFP_CH_FSM_ST_ENABLED.0 (0ms)
2025-04-10 03:27:44.312355 DEBUG BF_PLTFM QSFP     4 : ch[3] : Ready 
2025-04-10 03:27:44.312366 DEBUG BF_PLTFM QSFPCSM  4/3 : QSFP_CH_FSM_ST_NOTIFY_ENABLED.0 --> QSFP_CH_FSM_ST_ENABLED.0 (0ms)
2025-04-10 03:27:44.467944 DEBUG BF_PORT FSM :0:153: is_opt=1 : is_ready=1 : LOS=0 debounce_thr=8
2025-04-10 03:27:44.468754 DEBUG BF_PORT FSM :0:153:0: LOS=1 EI=1 flock= 1 calibration=ok
2025-04-10 03:27:44.468780 DEBUG BF_PORT FSM :0:153:-: BF_FSM_ST_WAIT_SIGNAL_OK   --> BF_FSM_ST_START_DFE        
2025-04-10 03:27:44.468815 DEBUG BF_PORT FSM :0:154: is_opt=1 : is_ready=1 : LOS=0 debounce_thr=8
2025-04-10 03:27:44.469544 DEBUG BF_PORT FSM :0:154:0: LOS=1 EI=1 flock= 1 calibration=ok
2025-04-10 03:27:44.469561 DEBUG BF_PORT FSM :0:154:-: BF_FSM_ST_WAIT_SIGNAL_OK   --> BF_FSM_ST_START_DFE        
2025-04-10 03:27:44.480208 DEBUG BF_PORT FSM :0:153:-: BF_FSM_ST_START_DFE        --> BF_FSM_ST_WAIT_DFE_DONE    
2025-04-10 03:27:44.490819 DEBUG BF_PORT FSM :0:154:-: BF_FSM_ST_START_DFE        --> BF_FSM_ST_WAIT_DFE_DONE    
2025-04-10 03:27:44.490869 DEBUG BF_PORT FSM :0:155: is_opt=1 : is_ready=1 : LOS=0 debounce_thr=8
2025-04-10 03:27:44.491625 DEBUG BF_PORT FSM :0:155:0: LOS=1 EI=1 flock= 1 calibration=ok
2025-04-10 03:27:44.491649 DEBUG BF_PORT FSM :0:155:-: BF_FSM_ST_WAIT_SIGNAL_OK   --> BF_FSM_ST_START_DFE        
2025-04-10 03:27:44.502330 DEBUG BF_PORT FSM :0:155:-: BF_FSM_ST_START_DFE        --> BF_FSM_ST_WAIT_DFE_DONE    
2025-04-10 03:27:44.555570 DEBUG BF_PLTFM QSFP     4 : Alarms (Bytes 2-14) : 00 0e 00 00 00 00 00 05 55 00 00 00 00
2025-04-10 03:27:44.555586 DEBUG BF_PLTFM QSFP     4 : [7:4] Tx LOS: 0 -> 0 : [3:0] Rx LOS: 0 -> e
2025-04-10 03:27:44.555596 DEBUG BF_PLTFM QSFP     4 : Rx Power Alarm/Warn CH1/2: 00 -> 05
2025-04-10 03:27:44.555601 DEBUG BF_PLTFM QSFP     4 : Rx Power Alarm/Warn CH3/4: 00 -> 55
2025-04-10 03:27:44.558353 DEBUG BF_PLTFM QSFP     4 : dev_port=153 : LOS=1
2025-04-10 03:27:44.558365 DEBUG BF_PLTFM QSFP     4 : dev_port=154 : LOS=1
2025-04-10 03:27:44.558372 DEBUG BF_PLTFM QSFP     4 : dev_port=155 : LOS=1
2025-04-10 03:27:44.983664 DEBUG BF_PORT Upper eye edge: +/- 450 mV (ht=900mV)
2025-04-10 03:27:44.983706 DEBUG BF_PORT FSM :0:153:0: 1e06=900mV/ 40mV
2025-04-10 03:27:44.983720 DEBUG BF_PORT FSM :0:153:0: Invalid eye height: 900
2025-04-10 03:27:44.983738 DEBUG BF_PORT FSM :0:153:-: BF_FSM_ST_WAIT_DFE_DONE    --> BF_FSM_ST_ABORT            (alt)
2025-04-10 03:27:44.983754 DEBUG BF_PORT FSM :0:153:-: MACs serdesmux.sig_ok=LOW
2025-04-10 03:27:44.983774 DEBUG BF_PORT FSM :0:153:-: Disable MAC Rx
2025-04-10 03:27:44.983789 DEBUG BF_PORT MAC: 0:41:1 :  set rx enable = false
2025-04-10 03:27:44.984129 DEBUG BF_PORT MAC: DIS: 0:41:1 : Disable channel
2025-04-10 03:27:44.984156 DEBUG BF_PORT MAC: ENA: 0:41:1 : Enable channel
2025-04-10 03:27:44.984169 DEBUG BF_PORT 0:153: hw ctrs cleared.
2025-04-10 03:27:44.984180 DEBUG BF_PORT FSM :0:153:-: BF_FSM_ST_ABORT            --> BF_FSM_ST_RE_INIT_SERDES_RX 
2025-04-10 03:27:44.995964 DEBUG BF_PORT Upper eye edge: +/- 0 mV (ht=0mV)
2025-04-10 03:27:44.995990 DEBUG BF_PORT FSM :0:154:0: 1e06=  0mV/ 40mV
2025-04-10 03:27:44.996003 DEBUG BF_PORT FSM :0:154:0: Re-Start ICAL
2025-04-10 03:27:45.009741 DEBUG BF_PORT Upper eye edge: +/- 450 mV (ht=900mV)
2025-04-10 03:27:45.009791 DEBUG BF_PORT FSM :0:155:0: 1e06=900mV/ 40mV
2025-04-10 03:27:45.009803 DEBUG BF_PORT FSM :0:155:0: Invalid eye height: 900
2025-04-10 03:27:45.009814 DEBUG BF_PORT FSM :0:155:-: BF_FSM_ST_WAIT_DFE_DONE    --> BF_FSM_ST_ABORT            (alt)
2025-04-10 03:27:45.009840 DEBUG BF_PORT FSM :0:155:-: MACs serdesmux.sig_ok=LOW
2025-04-10 03:27:45.009859 DEBUG BF_PORT FSM :0:155:-: Disable MAC Rx
2025-04-10 03:27:45.009871 DEBUG BF_PORT MAC: 0:41:3 :  set rx enable = false
2025-04-10 03:27:45.010189 DEBUG BF_PORT MAC: DIS: 0:41:3 : Disable channel
2025-04-10 03:27:45.010213 DEBUG BF_PORT MAC: ENA: 0:41:3 : Enable channel
2025-04-10 03:27:45.010227 DEBUG BF_PORT 0:155: hw ctrs cleared.
2025-04-10 03:27:45.010249 DEBUG BF_PORT FSM :0:155:-: BF_FSM_ST_ABORT            --> BF_FSM_ST_RE_INIT_SERDES_RX 
2025-04-10 03:27:45.034529 DEBUG BF_PORT FSM :0:153:-: MACs serdesmux.sig_ok=LOW
2025-04-10 03:27:45.034583 DEBUG BF_PORT FSM :0:153:-: Serdes Rx=ON
2025-04-10 03:27:45.035426 DEBUG BF_PORT FSM :0:153:-: BF_FSM_ST_RE_INIT_SERDES_RX --> BF_FSM_ST_WAIT_RX_PLL      
2025-04-10 03:27:45.060488 DEBUG BF_PORT FSM :0:155:-: MACs serdesmux.sig_ok=LOW
2025-04-10 03:27:45.060550 DEBUG BF_PORT FSM :0:155:-: Serdes Rx=ON
2025-04-10 03:27:45.061389 DEBUG BF_PORT FSM :0:155:-: BF_FSM_ST_RE_INIT_SERDES_RX --> BF_FSM_ST_WAIT_RX_PLL      
2025-04-10 03:27:45.085883 DEBUG BF_PORT FSM :0:153:-: BF_FSM_ST_WAIT_RX_PLL      --> BF_FSM_ST_RE_CFG_SERDES_RX 
2025-04-10 03:27:45.085929 DEBUG BF_PORT FSM :0:153:-: Disable MAC CH TX/RX, toggle swreset
2025-04-10 03:27:45.085947 DEBUG BF_PORT MAC: 0:41:1 :  set tx enable = false
2025-04-10 03:27:45.085962 DEBUG BF_PORT MAC: 0:41:1 :  set rx enable = false
2025-04-10 03:27:45.085977 DEBUG BF_PORT MAC: DIS: 0:41:1 : Disable channel
2025-04-10 03:27:45.086000 DEBUG BF_PORT MAC: ENA: 0:41:1 : Enable channel
2025-04-10 03:27:45.086827 DEBUG BF_PORT FSM :0:1: 39: Tx loop bandwidth setting: 503h <1283>
2025-04-10 03:27:45.086946 DEBUG BF_PORT FSM :0:153:-: BF_FSM_ST_RE_CFG_SERDES_RX --> BF_FSM_ST_WAIT_SIGNAL_OK   
2025-04-10 03:27:45.111909 DEBUG BF_PORT FSM :0:155:-: BF_FSM_ST_WAIT_RX_PLL      --> BF_FSM_ST_RE_CFG_SERDES_RX 
2025-04-10 03:27:45.111963 DEBUG BF_PORT FSM :0:155:-: Disable MAC CH TX/RX, toggle swreset
2025-04-10 03:27:45.112074 DEBUG BF_PORT MAC: 0:41:3 :  set tx enable = false
2025-04-10 03:27:45.112093 DEBUG BF_PORT MAC: 0:41:3 :  set rx enable = false
2025-04-10 03:27:45.112139 DEBUG BF_PORT MAC: DIS: 0:41:3 : Disable channel
2025-04-10 03:27:45.112163 DEBUG BF_PORT MAC: ENA: 0:41:3 : Enable channel
2025-04-10 03:27:45.112962 DEBUG BF_PORT FSM :0:1: 41: Tx loop bandwidth setting: 503h <1283>
2025-04-10 03:27:45.113066 DEBUG BF_PORT FSM :0:155:-: BF_FSM_ST_RE_CFG_SERDES_RX --> BF_FSM_ST_WAIT_SIGNAL_OK   
2025-04-10 03:27:45.211890 DEBUG BF_PORT Upper eye edge: +/- 0 mV (ht=0mV)
2025-04-10 03:27:45.211927 DEBUG BF_PORT FSM :0:154:0: 1e06=  0mV/ 19mV
2025-04-10 03:27:45.211943 DEBUG BF_PORT FSM :0:154:0: Re-Start ICAL
2025-04-10 03:27:45.427721 DEBUG BF_PORT Upper eye edge: +/- 0 mV (ht=0mV)
2025-04-10 03:27:45.427751 DEBUG BF_PORT FSM :0:154:0: 1e06=  0mV/  9mV
2025-04-10 03:27:45.427762 DEBUG BF_PORT FSM :0:154:0: Re-Start ICAL
2025-04-10 03:27:45.643754 DEBUG BF_PORT Upper eye edge: +/- 0 mV (ht=0mV)
2025-04-10 03:27:45.643795 DEBUG BF_PORT FSM :0:154:0: 1e06=  0mV/  6mV
2025-04-10 03:27:45.643815 DEBUG BF_PORT FSM :0:154:0: Re-Start ICAL
2025-04-10 03:27:45.859498 DEBUG BF_PORT Upper eye edge: +/- 0 mV (ht=0mV)
2025-04-10 03:27:45.859517 DEBUG BF_PORT FSM :0:154:0: 1e06=  0mV/  6mV
2025-04-10 03:27:45.859526 DEBUG BF_PORT FSM :0:154:0: Re-Start ICAL
2025-04-10 03:27:46.075150 DEBUG BF_PORT Upper eye edge: +/- 0 mV (ht=0mV)
2025-04-10 03:27:46.075172 DEBUG BF_PORT FSM :0:154:0: 1e06=  0mV/  6mV
2025-04-10 03:27:46.075181 DEBUG BF_PORT FSM :0:154:0: Re-Start ICAL
2025-04-10 03:27:46.290793 DEBUG BF_PORT Upper eye edge: +/- 0 mV (ht=0mV)
2025-04-10 03:27:46.290808 DEBUG BF_PORT FSM :0:154:0: 1e06=  0mV/  6mV
2025-04-10 03:27:46.290816 DEBUG BF_PORT FSM :0:154:0: Re-Start ICAL
2025-04-10 03:27:46.506418 DEBUG BF_PORT Upper eye edge: +/- 0 mV (ht=0mV)
2025-04-10 03:27:46.506460 DEBUG BF_PORT FSM :0:154:0: 1e06=  0mV/  6mV
2025-04-10 03:27:46.506481 DEBUG BF_PORT FSM :0:154:0: Re-Start ICAL
2025-04-10 03:27:46.722374 DEBUG BF_PORT Upper eye edge: +/- 0 mV (ht=0mV)
2025-04-10 03:27:46.722400 DEBUG BF_PORT FSM :0:154:0: 1e06=  0mV/  6mV
2025-04-10 03:27:46.722410 DEBUG BF_PORT FSM :0:154:0: Re-Start ICAL
2025-04-10 03:27:46.938399 DEBUG BF_PORT Upper eye edge: +/- 0 mV (ht=0mV)
2025-04-10 03:27:46.938439 DEBUG BF_PORT FSM :0:154:0: 1e06=  0mV/  6mV
2025-04-10 03:27:46.938456 DEBUG BF_PORT FSM :0:154:0: Re-Start ICAL
2025-04-10 03:27:47.154208 DEBUG BF_PORT Upper eye edge: +/- 0 mV (ht=0mV)
2025-04-10 03:27:47.154262 DEBUG BF_PORT FSM :0:154:0: 1e06=  0mV/  6mV
2025-04-10 03:27:47.154271 DEBUG BF_PORT FSM :0:154:0: Re-Start ICAL
2025-04-10 03:27:47.370097 DEBUG BF_PORT Upper eye edge: +/- 0 mV (ht=0mV)
2025-04-10 03:27:47.370163 DEBUG BF_PORT FSM :0:154:0: 1e06=  0mV/  6mV
2025-04-10 03:27:47.370183 DEBUG BF_PORT FSM :0:154:0: Re-Start ICAL
2025-04-10 03:27:47.586060 DEBUG BF_PORT Upper eye edge: +/- 0 mV (ht=0mV)
2025-04-10 03:27:47.586089 DEBUG BF_PORT FSM :0:154:0: 1e06=  0mV/  6mV
2025-04-10 03:27:47.586123 DEBUG BF_PORT FSM :0:154:0: Re-Start ICAL
2025-04-10 03:27:48.002109 DEBUG BF_PORT Upper eye edge: +/- 0 mV (ht=0mV)
2025-04-10 03:27:48.002153 DEBUG BF_PORT FSM :0:154:0: 1e06=  0mV/  6mV
2025-04-10 03:27:48.002170 DEBUG BF_PORT FSM :0:154:0: Re-Start ICAL
2025-04-10 03:27:48.218248 DEBUG BF_PORT Upper eye edge: +/- 0 mV (ht=0mV)
2025-04-10 03:27:48.218297 DEBUG BF_PORT FSM :0:154:0: 1e06=  0mV/  6mV
2025-04-10 03:27:48.218319 DEBUG BF_PORT FSM :0:154:0: Re-Start ICAL
2025-04-10 03:27:48.434078 DEBUG BF_PORT Upper eye edge: +/- 0 mV (ht=0mV)
2025-04-10 03:27:48.434121 DEBUG BF_PORT FSM :0:154:0: 1e06=  0mV/  6mV
2025-04-10 03:27:48.434138 DEBUG BF_PORT FSM :0:154:0: Re-Start ICAL
2025-04-10 03:27:48.650008 DEBUG BF_PORT Upper eye edge: +/- 0 mV (ht=0mV)
2025-04-10 03:27:48.650046 DEBUG BF_PORT FSM :0:154:0: 1e06=  0mV/  6mV
2025-04-10 03:27:48.650063 DEBUG BF_PORT FSM :0:154:0: Re-Start ICAL
2025-04-10 03:27:48.866047 DEBUG BF_PORT Upper eye edge: +/- 0 mV (ht=0mV)
2025-04-10 03:27:48.866088 DEBUG BF_PORT FSM :0:154:0: 1e06=  0mV/  6mV
2025-04-10 03:27:48.866111 DEBUG BF_PORT FSM :0:154:0: Re-Start ICAL
2025-04-10 03:27:49.082055 DEBUG BF_PORT Upper eye edge: +/- 0 mV (ht=0mV)
2025-04-10 03:27:49.082145 DEBUG BF_PORT FSM :0:154:0: 1e06=  0mV/  6mV
2025-04-10 03:27:49.082170 DEBUG BF_PORT FSM :0:154:0: Re-Start ICAL
2025-04-10 03:27:49.297905 DEBUG BF_PORT Upper eye edge: +/- 0 mV (ht=0mV)
2025-04-10 03:27:49.297932 DEBUG BF_PORT FSM :0:154:0: 1e06=  0mV/  6mV
2025-04-10 03:27:49.297943 DEBUG BF_PORT FSM :0:154:0: Re-Start ICAL
2025-04-10 03:27:49.513786 DEBUG BF_PORT Upper eye edge: +/- 0 mV (ht=0mV)
2025-04-10 03:27:49.513824 DEBUG BF_PORT FSM :0:154:0: 1e06=  0mV/  6mV
2025-04-10 03:27:49.513841 DEBUG BF_PORT FSM :0:154:0: Re-Start ICAL
2025-04-10 03:27:49.729659 DEBUG BF_PORT Upper eye edge: +/- 0 mV (ht=0mV)
2025-04-10 03:27:49.729692 DEBUG BF_PORT FSM :0:154:0: 1e06=  0mV/  6mV
2025-04-10 03:27:49.729704 DEBUG BF_PORT FSM :0:154:0: Re-Start ICAL
2025-04-10 03:27:49.945650 DEBUG BF_PORT Upper eye edge: +/- 0 mV (ht=0mV)
2025-04-10 03:27:49.945691 DEBUG BF_PORT FSM :0:154:0: 1e06=  0mV/  6mV
2025-04-10 03:27:49.945713 DEBUG BF_PORT FSM :0:154:0: Re-Start ICAL
2025-04-10 03:27:50.161626 DEBUG BF_PORT Upper eye edge: +/- 0 mV (ht=0mV)
2025-04-10 03:27:50.161683 DEBUG BF_PORT FSM :0:154:0: 1e06=  0mV/  6mV
2025-04-10 03:27:50.161699 DEBUG BF_PORT FSM :0:154:0: Re-Start ICAL
2025-04-10 03:27:50.377648 DEBUG BF_PORT Upper eye edge: +/- 0 mV (ht=0mV)
2025-04-10 03:27:50.377686 DEBUG BF_PORT FSM :0:154:0: 1e06=  0mV/  6mV
2025-04-10 03:27:50.377702 DEBUG BF_PORT FSM :0:154:0: Re-Start ICAL
2025-04-10 03:27:50.593403 DEBUG BF_PORT Upper eye edge: +/- 0 mV (ht=0mV)
2025-04-10 03:27:50.593430 DEBUG BF_PORT FSM :0:154:0: 1e06=  0mV/  6mV
2025-04-10 03:27:50.593438 DEBUG BF_PORT FSM :0:154:0: Re-Start ICAL
2025-04-10 03:27:50.809214 DEBUG BF_PORT Upper eye edge: +/- 0 mV (ht=0mV)
2025-04-10 03:27:50.809255 DEBUG BF_PORT FSM :0:154:0: 1e06=  0mV/  6mV
2025-04-10 03:27:50.809277 DEBUG BF_PORT FSM :0:154:0: Re-Start ICAL
2025-04-10 03:27:51.025195 DEBUG BF_PORT Upper eye edge: +/- 0 mV (ht=0mV)
2025-04-10 03:27:51.025250 DEBUG BF_PORT FSM :0:154:0: 1e06=  0mV/  6mV
2025-04-10 03:27:51.025268 DEBUG BF_PORT FSM :0:154:0: Re-Start ICAL
2025-04-10 03:27:51.241015 DEBUG BF_PORT Upper eye edge: +/- 0 mV (ht=0mV)
2025-04-10 03:27:51.241054 DEBUG BF_PORT FSM :0:154:0: 1e06=  0mV/  6mV
2025-04-10 03:27:51.241072 DEBUG BF_PORT FSM :0:154:0: Re-Start ICAL
2025-04-10 03:27:51.457031 DEBUG BF_PORT Upper eye edge: +/- 0 mV (ht=0mV)
2025-04-10 03:27:51.457070 DEBUG BF_PORT FSM :0:154:0: 1e06=  0mV/  6mV
2025-04-10 03:27:51.457078 DEBUG BF_PORT FSM :0:154:0: Re-Start ICAL
2025-04-10 03:27:51.672783 DEBUG BF_PORT Upper eye edge: +/- 0 mV (ht=0mV)
2025-04-10 03:27:51.672824 DEBUG BF_PORT FSM :0:154:0: 1e06=  0mV/  6mV
2025-04-10 03:27:51.672847 DEBUG BF_PORT FSM :0:154:0: Re-Start ICAL
2025-04-10 03:27:51.888640 DEBUG BF_PORT Upper eye edge: +/- 0 mV (ht=0mV)
2025-04-10 03:27:51.888668 DEBUG BF_PORT FSM :0:154:0: 1e06=  0mV/  6mV
2025-04-10 03:27:51.888680 DEBUG BF_PORT FSM :0:154:0: Re-Start ICAL
2025-04-10 03:27:52.104660 DEBUG BF_PORT Upper eye edge: +/- 0 mV (ht=0mV)
2025-04-10 03:27:52.104700 DEBUG BF_PORT FSM :0:154:0: 1e06=  0mV/  6mV
2025-04-10 03:27:52.104716 DEBUG BF_PORT FSM :0:154:0: Re-Start ICAL
2025-04-10 03:27:52.320388 DEBUG BF_PORT Upper eye edge: +/- 0 mV (ht=0mV)
2025-04-10 03:27:52.320432 DEBUG BF_PORT FSM :0:154:0: 1e06=  0mV/  6mV
2025-04-10 03:27:52.320458 DEBUG BF_PORT FSM :0:154:0: Re-Start ICAL
2025-04-10 03:27:52.536396 DEBUG BF_PORT Upper eye edge: +/- 0 mV (ht=0mV)
2025-04-10 03:27:52.536440 DEBUG BF_PORT FSM :0:154:0: 1e06=  0mV/  6mV
2025-04-10 03:27:52.536458 DEBUG BF_PORT FSM :0:154:0: Re-Start ICAL
2025-04-10 03:27:52.752346 DEBUG BF_PORT Upper eye edge: +/- 0 mV (ht=0mV)
2025-04-10 03:27:52.752371 DEBUG BF_PORT FSM :0:154:0: 1e06=  0mV/  6mV
2025-04-10 03:27:52.752385 DEBUG BF_PORT FSM :0:154:0: Re-Start ICAL
2025-04-10 03:27:52.968247 DEBUG BF_PORT Upper eye edge: +/- 0 mV (ht=0mV)
2025-04-10 03:27:52.968296 DEBUG BF_PORT FSM :0:154:0: 1e06=  0mV/  6mV
2025-04-10 03:27:52.968310 DEBUG BF_PORT FSM :0:154:0: Re-Start ICAL
2025-04-10 03:27:53.184061 DEBUG BF_PORT Upper eye edge: +/- 0 mV (ht=0mV)
2025-04-10 03:27:53.184095 DEBUG BF_PORT FSM :0:154:0: 1e06=  0mV/  6mV
2025-04-10 03:27:53.184120 DEBUG BF_PORT FSM :0:154:0: Re-Start ICAL
2025-04-10 03:27:53.400083 DEBUG BF_PORT Upper eye edge: +/- 0 mV (ht=0mV)
2025-04-10 03:27:53.400140 DEBUG BF_PORT FSM :0:154:0: 1e06=  0mV/  6mV
2025-04-10 03:27:53.400159 DEBUG BF_PORT FSM :0:154:0: Re-Start ICAL
2025-04-10 03:27:53.616050 DEBUG BF_PORT Upper eye edge: +/- 0 mV (ht=0mV)
2025-04-10 03:27:53.616078 DEBUG BF_PORT FSM :0:154:0: 1e06=  0mV/  6mV
2025-04-10 03:27:53.616090 DEBUG BF_PORT FSM :0:154:0: Re-Start ICAL
2025-04-10 03:27:53.831777 DEBUG BF_PORT Upper eye edge: +/- 0 mV (ht=0mV)
2025-04-10 03:27:53.831825 DEBUG BF_PORT FSM :0:154:0: 1e06=  0mV/  6mV
2025-04-10 03:27:53.831840 DEBUG BF_PORT FSM :0:154:0: Re-Start ICAL
2025-04-10 03:27:54.248014 DEBUG BF_PORT Upper eye edge: +/- 0 mV (ht=0mV)
2025-04-10 03:27:54.248048 DEBUG BF_PORT FSM :0:154:0: 1e06=  0mV/  6mV
2025-04-10 03:27:54.248061 DEBUG BF_PORT FSM :0:154:0: Re-Start ICAL
2025-04-10 03:27:54.463797 DEBUG BF_PORT Upper eye edge: +/- 0 mV (ht=0mV)
2025-04-10 03:27:54.463845 DEBUG BF_PORT FSM :0:154:0: 1e06=  0mV/  6mV
2025-04-10 03:27:54.463863 DEBUG BF_PORT FSM :0:154:0: Re-Start ICAL
2025-04-10 03:27:54.679527 DEBUG BF_PORT Upper eye edge: +/- 0 mV (ht=0mV)
2025-04-10 03:27:54.679569 DEBUG BF_PORT FSM :0:154:0: 1e06=  0mV/  6mV
2025-04-10 03:27:54.679586 DEBUG BF_PORT FSM :0:154:0: Re-Start ICAL
2025-04-10 03:27:54.895413 DEBUG BF_PORT Upper eye edge: +/- 0 mV (ht=0mV)
2025-04-10 03:27:54.895478 DEBUG BF_PORT FSM :0:154:0: 1e06=  0mV/  6mV
2025-04-10 03:27:54.895495 DEBUG BF_PORT FSM :0:154:0: Re-Start ICAL
2025-04-10 03:27:55.111393 DEBUG BF_PORT Upper eye edge: +/- 0 mV (ht=0mV)
2025-04-10 03:27:55.111467 DEBUG BF_PORT FSM :0:154:0: 1e06=  0mV/  6mV
2025-04-10 03:27:55.111490 DEBUG BF_PORT FSM :0:154:0: Re-Start ICAL
2025-04-10 03:27:55.327292 DEBUG BF_PORT Upper eye edge: +/- 0 mV (ht=0mV)
2025-04-10 03:27:55.327329 DEBUG BF_PORT FSM :0:154:0: 1e06=  0mV/  6mV
2025-04-10 03:27:55.327341 DEBUG BF_PORT FSM :0:154:0: Re-Start ICAL
2025-04-10 03:27:55.543214 DEBUG BF_PORT Upper eye edge: +/- 0 mV (ht=0mV)
2025-04-10 03:27:55.543237 DEBUG BF_PORT FSM :0:154:0: 1e06=  0mV/  6mV
2025-04-10 03:27:55.543246 DEBUG BF_PORT FSM :0:154:0: Re-Start ICAL
2025-04-10 03:27:55.553858 DEBUG BF_PORT FSM :0:154:-: BF_FSM_ST_WAIT_DFE_DONE    <timeout>
2025-04-10 03:27:55.553913 DEBUG BF_PORT FSM :0:154:-: BF_FSM_ST_WAIT_DFE_DONE    --> BF_FSM_ST_ABORT            (alt)
2025-04-10 03:27:55.553943 DEBUG BF_PORT FSM :0:154:-: MACs serdesmux.sig_ok=LOW
2025-04-10 03:27:55.553965 DEBUG BF_PORT FSM :0:154:-: Disable MAC Rx
2025-04-10 03:27:55.553978 DEBUG BF_PORT MAC: 0:41:2 :  set rx enable = false
2025-04-10 03:27:55.556031 DEBUG BF_PORT MAC: DIS: 0:41:2 : Disable channel
2025-04-10 03:27:55.556057 DEBUG BF_PORT MAC: ENA: 0:41:2 : Enable channel
2025-04-10 03:27:55.556069 DEBUG BF_PORT 0:154: hw ctrs cleared.
2025-04-10 03:27:55.556079 DEBUG BF_PORT FSM :0:154:-: BF_FSM_ST_ABORT            --> BF_FSM_ST_RE_INIT_SERDES_RX 
2025-04-10 03:27:55.606180 DEBUG BF_PORT FSM :0:154:-: MACs serdesmux.sig_ok=LOW
2025-04-10 03:27:55.606235 DEBUG BF_PORT FSM :0:154:-: Serdes Rx=ON
2025-04-10 03:27:55.607069 DEBUG BF_PORT FSM :0:154:-: BF_FSM_ST_RE_INIT_SERDES_RX --> BF_FSM_ST_WAIT_RX_PLL      
2025-04-10 03:27:55.657437 DEBUG BF_PORT FSM :0:154:-: BF_FSM_ST_WAIT_RX_PLL      --> BF_FSM_ST_RE_CFG_SERDES_RX 
2025-04-10 03:27:55.657486 DEBUG BF_PORT FSM :0:154:-: Disable MAC CH TX/RX, toggle swreset
2025-04-10 03:27:55.657504 DEBUG BF_PORT MAC: 0:41:2 :  set tx enable = false
2025-04-10 03:27:55.657519 DEBUG BF_PORT MAC: 0:41:2 :  set rx enable = false
2025-04-10 03:27:55.657532 DEBUG BF_PORT MAC: DIS: 0:41:2 : Disable channel
2025-04-10 03:27:55.657558 DEBUG BF_PORT MAC: ENA: 0:41:2 : Enable channel
2025-04-10 03:27:55.658388 DEBUG BF_PORT FSM :0:1: 40: Tx loop bandwidth setting: 503h <1283>
2025-04-10 03:27:55.658508 DEBUG BF_PORT FSM :0:154:-: BF_FSM_ST_RE_CFG_SERDES_RX --> BF_FSM_ST_WAIT_SIGNAL_OK   
2025-04-10 03:28:53.436411 DEBUG BF_PLTFM Platform-mgr started 

2025-04-10 03:28:53.436976 DEBUG BF_PLTFM Checking path /tmp/.bf_platform_ingrasys
2025-04-10 03:28:53.452696 DEBUG BF_PLTFM Checking path /sys/bus/i2c/devices/0-0053/eeprom
2025-04-10 03:28:53.467655 DEBUG BF_PLTFM Checking path /sys/bus/i2c/devices/0-0051/eeprom
2025-04-10 03:28:53.473901 DEBUG BF_PLTFM The platform ingrasys s9180_32x has been detected (2)
bd_id: 0x9180

2025-04-10 03:28:53.474032 DEBUG BF_PLTFM Parsing EEPROM DATA ...

2025-04-10 03:28:53.477394 DEBUG BF_PLTFM Ready to init qsfp on platform ingrasys: 9180

2025-04-10 03:28:53.477475 DEBUG BF_PLTFM GPIO BASE is 256

2025-04-10 03:28:53.477612 DEBUG BF_PLTFM pltfm_mgr: health monitor initialized

2025-04-10 03:28:53.478017 DEBUG BF_PLTFM num of QSFP ports=34
2025-04-10 03:28:53.478048 DEBUG BF_PLTFM QSFP: Assert RESETL on all QSFPs
2025-04-10 03:28:53.478080 DEBUG BF_PLTFM QSFP     1 : RESETL = true
2025-04-10 03:28:53.478094 DEBUG BF_PLTFM QSFP     1 : True
2025-04-10 03:28:53.479153 DEBUG BF_PLTFM QSFP     2 : RESETL = true
2025-04-10 03:28:53.479194 DEBUG BF_PLTFM QSFP     2 : True
2025-04-10 03:28:53.480238 DEBUG BF_PLTFM QSFP     3 : RESETL = true
2025-04-10 03:28:53.480272 DEBUG BF_PLTFM QSFP     3 : True
2025-04-10 03:28:53.481310 DEBUG BF_PLTFM QSFP     4 : RESETL = true
2025-04-10 03:28:53.481350 DEBUG BF_PLTFM QSFP     4 : True
2025-04-10 03:28:53.482406 DEBUG BF_PLTFM QSFP     5 : RESETL = true
2025-04-10 03:28:53.482440 DEBUG BF_PLTFM QSFP     5 : True
2025-04-10 03:28:53.483435 DEBUG BF_PLTFM QSFP     6 : RESETL = true
2025-04-10 03:28:53.483454 DEBUG BF_PLTFM QSFP     6 : True
2025-04-10 03:28:53.484426 DEBUG BF_PLTFM QSFP     7 : RESETL = true
2025-04-10 03:28:53.484443 DEBUG BF_PLTFM QSFP     7 : True
2025-04-10 03:28:53.485459 DEBUG BF_PLTFM QSFP     8 : RESETL = true
2025-04-10 03:28:53.485500 DEBUG BF_PLTFM QSFP     8 : True
2025-04-10 03:28:53.486482 DEBUG BF_PLTFM QSFP     9 : RESETL = true
2025-04-10 03:28:53.486498 DEBUG BF_PLTFM QSFP     9 : True
2025-04-10 03:28:53.487475 DEBUG BF_PLTFM QSFP    10 : RESETL = true
2025-04-10 03:28:53.487492 DEBUG BF_PLTFM QSFP    10 : True
2025-04-10 03:28:53.488469 DEBUG BF_PLTFM QSFP    11 : RESETL = true
2025-04-10 03:28:53.488486 DEBUG BF_PLTFM QSFP    11 : True
2025-04-10 03:28:53.489458 DEBUG BF_PLTFM QSFP    12 : RESETL = true
2025-04-10 03:28:53.489474 DEBUG BF_PLTFM QSFP    12 : True
2025-04-10 03:28:53.490466 DEBUG BF_PLTFM QSFP    13 : RESETL = true
2025-04-10 03:28:53.490482 DEBUG BF_PLTFM QSFP    13 : True
2025-04-10 03:28:53.491450 DEBUG BF_PLTFM QSFP    14 : RESETL = true
2025-04-10 03:28:53.491466 DEBUG BF_PLTFM QSFP    14 : True
2025-04-10 03:28:53.492443 DEBUG BF_PLTFM QSFP    15 : RESETL = true
2025-04-10 03:28:53.492457 DEBUG BF_PLTFM QSFP    15 : True
2025-04-10 03:28:53.493432 DEBUG BF_PLTFM QSFP    16 : RESETL = true
2025-04-10 03:28:53.493449 DEBUG BF_PLTFM QSFP    16 : True
2025-04-10 03:28:53.494475 DEBUG BF_PLTFM QSFP    17 : RESETL = true
2025-04-10 03:28:53.494508 DEBUG BF_PLTFM QSFP    17 : True
2025-04-10 03:28:53.495498 DEBUG BF_PLTFM QSFP    18 : RESETL = true
2025-04-10 03:28:53.495514 DEBUG BF_PLTFM QSFP    18 : True
2025-04-10 03:28:53.496487 DEBUG BF_PLTFM QSFP    19 : RESETL = true
2025-04-10 03:28:53.496500 DEBUG BF_PLTFM QSFP    19 : True
2025-04-10 03:28:53.497483 DEBUG BF_PLTFM QSFP    20 : RESETL = true
2025-04-10 03:28:53.497499 DEBUG BF_PLTFM QSFP    20 : True
2025-04-10 03:28:53.498480 DEBUG BF_PLTFM QSFP    21 : RESETL = true
2025-04-10 03:28:53.498495 DEBUG BF_PLTFM QSFP    21 : True
2025-04-10 03:28:53.499464 DEBUG BF_PLTFM QSFP    22 : RESETL = true
2025-04-10 03:28:53.499480 DEBUG BF_PLTFM QSFP    22 : True
2025-04-10 03:28:53.500454 DEBUG BF_PLTFM QSFP    23 : RESETL = true
2025-04-10 03:28:53.500468 DEBUG BF_PLTFM QSFP    23 : True
2025-04-10 03:28:53.501441 DEBUG BF_PLTFM QSFP    24 : RESETL = true
2025-04-10 03:28:53.501457 DEBUG BF_PLTFM QSFP    24 : True
2025-04-10 03:28:53.503059 DEBUG BF_PLTFM QSFP    25 : RESETL = true
2025-04-10 03:28:53.503092 DEBUG BF_PLTFM QSFP    25 : True
2025-04-10 03:28:53.504629 DEBUG BF_PLTFM QSFP    26 : RESETL = true
2025-04-10 03:28:53.504668 DEBUG BF_PLTFM QSFP    26 : True
2025-04-10 03:28:53.506178 DEBUG BF_PLTFM QSFP    27 : RESETL = true
2025-04-10 03:28:53.506211 DEBUG BF_PLTFM QSFP    27 : True
2025-04-10 03:28:53.507740 DEBUG BF_PLTFM QSFP    28 : RESETL = true
2025-04-10 03:28:53.507779 DEBUG BF_PLTFM QSFP    28 : True
2025-04-10 03:28:53.510003 DEBUG BF_PLTFM QSFP    29 : RESETL = true
2025-04-10 03:28:53.510037 DEBUG BF_PLTFM QSFP    29 : True
2025-04-10 03:28:53.512224 DEBUG BF_PLTFM QSFP    30 : RESETL = true
2025-04-10 03:28:53.512263 DEBUG BF_PLTFM QSFP    30 : True
2025-04-10 03:28:53.514472 DEBUG BF_PLTFM QSFP    31 : RESETL = true
2025-04-10 03:28:53.514506 DEBUG BF_PLTFM QSFP    31 : True
2025-04-10 03:28:53.516539 DEBUG BF_PLTFM QSFP    32 : RESETL = true
2025-04-10 03:28:53.516579 DEBUG BF_PLTFM QSFP    32 : True
2025-04-10 03:28:53.518811 DEBUG BF_PLTFM QSFP    33 : RESETL = true
2025-04-10 03:28:53.518844 DEBUG BF_PLTFM QSFP    33 : True
2025-04-10 03:28:53.518858 DEBUG BF_PLTFM QSFP    34 : RESETL = true
2025-04-10 03:28:53.518869 DEBUG BF_PLTFM QSFP    34 : True
2025-04-10 03:28:53.520007 DEBUG BF_PLTFM QSFP: Assert LPMODE and De-assert RESETL on all QSFPs
2025-04-10 03:28:53.520045 DEBUG BF_PLTFM QSFP     1 : LPMODE = true
2025-04-10 03:28:53.522142 DEBUG BF_PLTFM QSFP     1 : RESETL = false
2025-04-10 03:28:53.522182 DEBUG BF_PLTFM QSFP     1 : False
2025-04-10 03:28:53.524261 DEBUG BF_PLTFM QSFP     2 : LPMODE = true
2025-04-10 03:28:53.526350 DEBUG BF_PLTFM QSFP     2 : RESETL = false
2025-04-10 03:28:53.526390 DEBUG BF_PLTFM QSFP     2 : False
2025-04-10 03:28:53.528448 DEBUG BF_PLTFM QSFP     3 : LPMODE = true
2025-04-10 03:28:53.530533 DEBUG BF_PLTFM QSFP     3 : RESETL = false
2025-04-10 03:28:53.530566 DEBUG BF_PLTFM QSFP     3 : False
2025-04-10 03:28:53.532595 DEBUG BF_PLTFM QSFP     4 : LPMODE = true
2025-04-10 03:28:53.534753 DEBUG BF_PLTFM QSFP     4 : RESETL = false
2025-04-10 03:28:53.534799 DEBUG BF_PLTFM QSFP     4 : False
2025-04-10 03:28:53.536934 DEBUG BF_PLTFM QSFP     5 : LPMODE = true
2025-04-10 03:28:53.539134 DEBUG BF_PLTFM QSFP     5 : RESETL = false
2025-04-10 03:28:53.539173 DEBUG BF_PLTFM QSFP     5 : False
2025-04-10 03:28:53.541273 DEBUG BF_PLTFM QSFP     6 : LPMODE = true
2025-04-10 03:28:53.543435 DEBUG BF_PLTFM QSFP     6 : RESETL = false
2025-04-10 03:28:53.543488 DEBUG BF_PLTFM QSFP     6 : False
2025-04-10 03:28:53.545571 DEBUG BF_PLTFM QSFP     7 : LPMODE = true
2025-04-10 03:28:53.547760 DEBUG BF_PLTFM QSFP     7 : RESETL = false
2025-04-10 03:28:53.547793 DEBUG BF_PLTFM QSFP     7 : False
2025-04-10 03:28:53.549909 DEBUG BF_PLTFM QSFP     8 : LPMODE = true
2025-04-10 03:28:53.552065 DEBUG BF_PLTFM QSFP     8 : RESETL = false
2025-04-10 03:28:53.552128 DEBUG BF_PLTFM QSFP     8 : False
2025-04-10 03:28:53.554221 DEBUG BF_PLTFM QSFP     9 : LPMODE = true
2025-04-10 03:28:53.556364 DEBUG BF_PLTFM QSFP     9 : RESETL = false
2025-04-10 03:28:53.556404 DEBUG BF_PLTFM QSFP     9 : False
2025-04-10 03:28:53.558468 DEBUG BF_PLTFM QSFP    10 : LPMODE = true
2025-04-10 03:28:53.560609 DEBUG BF_PLTFM QSFP    10 : RESETL = false
2025-04-10 03:28:53.560649 DEBUG BF_PLTFM QSFP    10 : False
2025-04-10 03:28:53.562759 DEBUG BF_PLTFM QSFP    11 : LPMODE = true
2025-04-10 03:28:53.564959 DEBUG BF_PLTFM QSFP    11 : RESETL = false
2025-04-10 03:28:53.564992 DEBUG BF_PLTFM QSFP    11 : False
2025-04-10 03:28:53.567140 DEBUG BF_PLTFM QSFP    12 : LPMODE = true
2025-04-10 03:28:53.569238 DEBUG BF_PLTFM QSFP    12 : RESETL = false
2025-04-10 03:28:53.569284 DEBUG BF_PLTFM QSFP    12 : False
2025-04-10 03:28:53.571350 DEBUG BF_PLTFM QSFP    13 : LPMODE = true
2025-04-10 03:28:53.573478 DEBUG BF_PLTFM QSFP    13 : RESETL = false
2025-04-10 03:28:53.573517 DEBUG BF_PLTFM QSFP    13 : False
2025-04-10 03:28:53.575620 DEBUG BF_PLTFM QSFP    14 : LPMODE = true
2025-04-10 03:28:53.577764 DEBUG BF_PLTFM QSFP    14 : RESETL = false
2025-04-10 03:28:53.577803 DEBUG BF_PLTFM QSFP    14 : False
2025-04-10 03:28:53.579940 DEBUG BF_PLTFM QSFP    15 : LPMODE = true
2025-04-10 03:28:53.582141 DEBUG BF_PLTFM QSFP    15 : RESETL = false
2025-04-10 03:28:53.582175 DEBUG BF_PLTFM QSFP    15 : False
2025-04-10 03:28:53.584266 DEBUG BF_PLTFM QSFP    16 : LPMODE = true
2025-04-10 03:28:53.586423 DEBUG BF_PLTFM QSFP    16 : RESETL = false
2025-04-10 03:28:53.586468 DEBUG BF_PLTFM QSFP    16 : False
2025-04-10 03:28:53.588535 DEBUG BF_PLTFM QSFP    17 : LPMODE = true
2025-04-10 03:28:53.590612 DEBUG BF_PLTFM QSFP    17 : RESETL = false
2025-04-10 03:28:53.590651 DEBUG BF_PLTFM QSFP    17 : False
2025-04-10 03:28:53.592789 DEBUG BF_PLTFM QSFP    18 : LPMODE = true
2025-04-10 03:28:53.594955 DEBUG BF_PLTFM QSFP    18 : RESETL = false
2025-04-10 03:28:53.594995 DEBUG BF_PLTFM QSFP    18 : False
2025-04-10 03:28:53.597142 DEBUG BF_PLTFM QSFP    19 : LPMODE = true
2025-04-10 03:28:53.599279 DEBUG BF_PLTFM QSFP    19 : RESETL = false
2025-04-10 03:28:53.599312 DEBUG BF_PLTFM QSFP    19 : False
2025-04-10 03:28:53.601437 DEBUG BF_PLTFM QSFP    20 : LPMODE = true
2025-04-10 03:28:53.603549 DEBUG BF_PLTFM QSFP    20 : RESETL = false
2025-04-10 03:28:53.603594 DEBUG BF_PLTFM QSFP    20 : False
2025-04-10 03:28:53.605671 DEBUG BF_PLTFM QSFP    21 : LPMODE = true
2025-04-10 03:28:53.607833 DEBUG BF_PLTFM QSFP    21 : RESETL = false
2025-04-10 03:28:53.607872 DEBUG BF_PLTFM QSFP    21 : False
2025-04-10 03:28:53.610003 DEBUG BF_PLTFM QSFP    22 : LPMODE = true
2025-04-10 03:28:53.612146 DEBUG BF_PLTFM QSFP    22 : RESETL = false
2025-04-10 03:28:53.612186 DEBUG BF_PLTFM QSFP    22 : False
2025-04-10 03:28:53.614280 DEBUG BF_PLTFM QSFP    23 : LPMODE = true
2025-04-10 03:28:53.616473 DEBUG BF_PLTFM QSFP    23 : RESETL = false
2025-04-10 03:28:53.616506 DEBUG BF_PLTFM QSFP    23 : False
2025-04-10 03:28:53.618548 DEBUG BF_PLTFM QSFP    24 : LPMODE = true
2025-04-10 03:28:53.620667 DEBUG BF_PLTFM QSFP    24 : RESETL = false
2025-04-10 03:28:53.620712 DEBUG BF_PLTFM QSFP    24 : False
2025-04-10 03:28:53.622833 DEBUG BF_PLTFM QSFP    25 : LPMODE = true
2025-04-10 03:28:53.625000 DEBUG BF_PLTFM QSFP    25 : RESETL = false
2025-04-10 03:28:53.625040 DEBUG BF_PLTFM QSFP    25 : False
2025-04-10 03:28:53.627164 DEBUG BF_PLTFM QSFP    26 : LPMODE = true
2025-04-10 03:28:53.629272 DEBUG BF_PLTFM QSFP    26 : RESETL = false
2025-04-10 03:28:53.629312 DEBUG BF_PLTFM QSFP    26 : False
2025-04-10 03:28:53.631465 DEBUG BF_PLTFM QSFP    27 : LPMODE = true
2025-04-10 03:28:53.633485 DEBUG BF_PLTFM QSFP    27 : RESETL = false
2025-04-10 03:28:53.633518 DEBUG BF_PLTFM QSFP    27 : False
2025-04-10 03:28:53.635597 DEBUG BF_PLTFM QSFP    28 : LPMODE = true
2025-04-10 03:28:53.637762 DEBUG BF_PLTFM QSFP    28 : RESETL = false
2025-04-10 03:28:53.637808 DEBUG BF_PLTFM QSFP    28 : False
2025-04-10 03:28:53.639815 DEBUG BF_PLTFM QSFP    29 : LPMODE = true
2025-04-10 03:28:53.641968 DEBUG BF_PLTFM QSFP    29 : RESETL = false
2025-04-10 03:28:53.642008 DEBUG BF_PLTFM QSFP    29 : False
2025-04-10 03:28:53.644151 DEBUG BF_PLTFM QSFP    30 : LPMODE = true
2025-04-10 03:28:53.646160 DEBUG BF_PLTFM QSFP    30 : RESETL = false
2025-04-10 03:28:53.646199 DEBUG BF_PLTFM QSFP    30 : False
2025-04-10 03:28:53.648292 DEBUG BF_PLTFM QSFP    31 : LPMODE = true
2025-04-10 03:28:53.650468 DEBUG BF_PLTFM QSFP    31 : RESETL = false
2025-04-10 03:28:53.650502 DEBUG BF_PLTFM QSFP    31 : False
2025-04-10 03:28:53.652579 DEBUG BF_PLTFM QSFP    32 : LPMODE = true
2025-04-10 03:28:53.654746 DEBUG BF_PLTFM QSFP    32 : RESETL = false
2025-04-10 03:28:53.654790 DEBUG BF_PLTFM QSFP    32 : False
2025-04-10 03:28:53.656879 DEBUG BF_PLTFM QSFP    33 : LPMODE = true
2025-04-10 03:28:53.656919 DEBUG BF_PLTFM QSFP    33 : RESETL = false
2025-04-10 03:28:53.656931 DEBUG BF_PLTFM QSFP    33 : False
2025-04-10 03:28:53.656948 DEBUG BF_PLTFM QSFP    34 : LPMODE = true
2025-04-10 03:28:53.656959 DEBUG BF_PLTFM QSFP    34 : RESETL = false
2025-04-10 03:28:53.656970 DEBUG BF_PLTFM QSFP    34 : False
2025-04-10 03:28:53.656980 DEBUG BF_PLTFM QSFP: Wait 2 sec (t_reset) for QSFPs to initialize..
2025-04-10 03:28:55.657668 DEBUG BF_DVM BF-SDE vesion: 9.7.0
2025-04-10 03:28:55.667082 INFO  BF_TM TM: Registered for device and port discovery
2025-04-10 03:28:55.685966 INFO  BF_DVM bf_pktmgr_device_add dev id 0, is_sw_model 0
2025-04-10 03:28:55.686192 DEBUG BF_LLD  Efuse settings:
2025-04-10 03:28:55.686206 DEBUG BF_LLD                0 : resubmit_disable
2025-04-10 03:28:55.686211 DEBUG BF_LLD                0 : mau_tcam_reduction
2025-04-10 03:28:55.686216 DEBUG BF_LLD                0 : mau_sram_reduction
2025-04-10 03:28:55.686222 DEBUG BF_LLD                0 : packet_generator_disable
2025-04-10 03:28:55.686229 DEBUG BF_LLD                6 : pipe_disable
2025-04-10 03:28:55.686236 DEBUG BF_LLD                0 : mau_stage_disable
2025-04-10 03:28:55.686240 DEBUG BF_LLD 0000000000000000 : port_disable (hi)
2025-04-10 03:28:55.686245 DEBUG BF_LLD 5555555555555555 : port_disable (lo)
2025-04-10 03:28:55.686251 DEBUG BF_LLD 0000000600000000 : tm_memory_disable
2025-04-10 03:28:55.686256 DEBUG BF_LLD                0 : port_speed_reduction
2025-04-10 03:28:55.686261 DEBUG BF_LLD                0 : cpu_port_speed_reduction
2025-04-10 03:28:55.686266 DEBUG BF_LLD                0 : pcie_lane_reduction
2025-04-10 03:28:55.686272 DEBUG BF_LLD                0 : baresync_disable
2025-04-10 03:28:55.686277 DEBUG BF_LLD                0 : frequency_reduction
2025-04-10 03:28:55.686282 DEBUG BF_LLD                0 : frequency_check_disable
2025-04-10 03:28:55.686287 DEBUG BF_LLD                0 : versioning
2025-04-10 03:28:55.686294 DEBUG BF_LLD                8 : chip_part_number
2025-04-10 03:28:55.686299 DEBUG BF_LLD                1 : part_revision_number
2025-04-10 03:28:55.686306 DEBUG BF_LLD                0 : package_id
2025-04-10 03:28:55.686315 DEBUG BF_LLD 60700e7366b67485 : chip_id
2025-04-10 03:28:55.686326 DEBUG BF_LLD              982 : pmro_and_skew
2025-04-10 03:28:55.686336 DEBUG BF_LLD                5 : voltage_scaling
2025-04-10 03:28:55.686349 DEBUG BF_LLD Wafer-id: PKMV69-W24-X7-Y3
2025-04-10 03:28:55.686355 DEBUG BF_LLD dev0 : SPI idcode: 20180202 (rc=0)
2025-04-10 03:28:55.686366 DEBUG BF_LLD TCU: 0 : Memory repair already done <bfdddddd>
2025-04-10 03:28:55.686676 DEBUG BF_LLD EFUSE: Set core clk to 1.22GHz, dev=0, PLL ctrl0 value=0xcd44cbfe
2025-04-10 03:28:55.797031 DEBUG BF_LLD Core PLL has not locked even after 100 ms; PLL Lock chip 0 dbg_rst 1dc
2025-04-10 03:28:55.797096 DEBUG BF_LLD [Unreset] Done after 1 polls
2025-04-10 03:28:55.814667 INFO  BF_DVM bf_device_add dev id 0, is_sw_model 0
2025-04-10 03:28:55.814695 DEBUG BF_PORT port_mgr_dev_add:61:0:0(warm_init_mode)
2025-04-10 03:28:55.814707 DEBUG BF_PORT port_mgr_tof1_dev_add:80:0
2025-04-10 03:28:55.814727 INFO  BF_PORT set chip part revision number, dev 0, part rev 1
2025-04-10 03:28:55.814760 DEBUG BF_PORT 0:-:-: sbus master fw: 101d_2001
2025-04-10 03:28:55.814764 DEBUG BF_PORT 0:-:-: PCIe serdes fw: 1066_2147
2025-04-10 03:28:55.814769 DEBUG BF_PORT 0:-:-:      serdes fw: 1091_244d
2025-04-10 03:28:55.814780 INFO  BF_PORT port_mgr_mac_block_init: core clock speed in ns = 0.819672
2025-04-10 03:28:55.816883 DEBUG BF_PORT SDS: SBMs disabled. No FW upload
2025-04-10 03:28:55.816991 DEBUG BF_PORT SDS: SBus CLK divider set to 5 (x32 mode)
2025-04-10 03:28:55.816999 DEBUG BF_PORT SDS: 0:0:3: Set ignore bcast
2025-04-10 03:28:55.817006 DEBUG BF_PORT 0:0:3 : PCIe access : addr=3h : reg=fdh : cmd=Read
2025-04-10 03:28:55.817069 DEBUG BF_PORT 0:0:3 : PCIe access : addr=3h : reg=fdh : cmd=write
2025-04-10 03:28:55.817124 DEBUG BF_PORT SDS: 0:0:5: Set ignore bcast
2025-04-10 03:28:55.817130 DEBUG BF_PORT 0:0:5 : PCIe access : addr=5h : reg=fdh : cmd=Read
2025-04-10 03:28:55.817189 DEBUG BF_PORT 0:0:5 : PCIe access : addr=5h : reg=fdh : cmd=write
2025-04-10 03:28:55.817246 DEBUG BF_PORT SDS: 0:0:7: Set ignore bcast
2025-04-10 03:28:55.817250 DEBUG BF_PORT 0:0:7 : PCIe access : addr=7h : reg=fdh : cmd=Read
2025-04-10 03:28:55.817309 DEBUG BF_PORT 0:0:7 : PCIe access : addr=7h : reg=fdh : cmd=write
2025-04-10 03:28:55.817364 DEBUG BF_PORT SDS: 0:0:9: Set ignore bcast
2025-04-10 03:28:55.817370 DEBUG BF_PORT 0:0:9 : PCIe access : addr=9h : reg=fdh : cmd=Read
2025-04-10 03:28:55.817429 DEBUG BF_PORT 0:0:9 : PCIe access : addr=9h : reg=fdh : cmd=write
2025-04-10 03:28:55.824358 DEBUG BF_PORT SDS: 0:0:255: FW load: broadcast
2025-04-10 03:28:55.824365 DEBUG BF_PORT SDS:         : FW path: /root/bf-sde-9.7.0/install/share/tofino_sds_fw/avago/firmware/serdes.0x1091_244D.rom
2025-04-10 03:28:55.824371 DEBUG BF_PORT SDS:         : FW ver : 1091
2025-04-10 03:28:55.825883 DEBUG BF_PORT 0:0:1 : PCIe access : addr=1h : reg=ffh : cmd=Read
2025-04-10 03:28:55.825946 DEBUG BF_PORT 0:0:2 : PCIe access : addr=2h : reg=ffh : cmd=Read
2025-04-10 03:28:55.826005 DEBUG BF_PORT 0:0:3 : PCIe access : addr=3h : reg=ffh : cmd=Read
2025-04-10 03:28:55.826067 DEBUG BF_PORT 0:0:3 : Errant PCIe access : addr=3h : reg=0h : cmd=Read
2025-04-10 03:28:55.826073 DEBUG BF_PORT 0:0:3 : Errant PCIe access : addr=3h : reg=1h : cmd=write
2025-04-10 03:28:55.826078 DEBUG BF_PORT 0:0:3 : PCIe access : addr=3h : reg=fdh : cmd=Read
2025-04-10 03:28:55.826138 DEBUG BF_PORT 0:0:4 : PCIe access : addr=4h : reg=ffh : cmd=Read
2025-04-10 03:28:55.826199 DEBUG BF_PORT 0:0:5 : PCIe access : addr=5h : reg=ffh : cmd=Read
2025-04-10 03:28:55.826259 DEBUG BF_PORT 0:0:5 : Errant PCIe access : addr=5h : reg=0h : cmd=Read
2025-04-10 03:28:55.826264 DEBUG BF_PORT 0:0:5 : Errant PCIe access : addr=5h : reg=1h : cmd=write
2025-04-10 03:28:55.826269 DEBUG BF_PORT 0:0:5 : PCIe access : addr=5h : reg=fdh : cmd=Read
2025-04-10 03:28:55.826330 DEBUG BF_PORT 0:0:6 : PCIe access : addr=6h : reg=ffh : cmd=Read
2025-04-10 03:28:55.826388 DEBUG BF_PORT 0:0:7 : PCIe access : addr=7h : reg=ffh : cmd=Read
2025-04-10 03:28:55.826448 DEBUG BF_PORT 0:0:7 : Errant PCIe access : addr=7h : reg=0h : cmd=Read
2025-04-10 03:28:55.826452 DEBUG BF_PORT 0:0:7 : Errant PCIe access : addr=7h : reg=1h : cmd=write
2025-04-10 03:28:55.826460 DEBUG BF_PORT 0:0:7 : PCIe access : addr=7h : reg=fdh : cmd=Read
2025-04-10 03:28:55.826519 DEBUG BF_PORT 0:0:8 : PCIe access : addr=8h : reg=ffh : cmd=Read
2025-04-10 03:28:55.826577 DEBUG BF_PORT 0:0:9 : PCIe access : addr=9h : reg=ffh : cmd=Read
2025-04-10 03:28:55.826636 DEBUG BF_PORT 0:0:9 : Errant PCIe access : addr=9h : reg=0h : cmd=Read
2025-04-10 03:28:55.826649 DEBUG BF_PORT 0:0:9 : Errant PCIe access : addr=9h : reg=1h : cmd=write
2025-04-10 03:28:55.826654 DEBUG BF_PORT 0:0:9 : PCIe access : addr=9h : reg=fdh : cmd=Read
2025-04-10 03:28:55.826720 DEBUG BF_PORT 0:0:10 : PCIe access : addr=ah : reg=ffh : cmd=Read
2025-04-10 03:28:56.321693 DEBUG BF_PORT 0:0:3 : PCIe access : addr=3h : reg=fdh : cmd=Read
2025-04-10 03:28:56.321770 DEBUG BF_PORT 0:0:5 : PCIe access : addr=5h : reg=fdh : cmd=Read
2025-04-10 03:28:56.321829 DEBUG BF_PORT 0:0:7 : PCIe access : addr=7h : reg=fdh : cmd=Read
2025-04-10 03:28:56.321890 DEBUG BF_PORT 0:0:9 : PCIe access : addr=9h : reg=fdh : cmd=Read
2025-04-10 03:28:56.821064 DEBUG BF_PORT SDS: 0:1:255: FW load: broadcast
2025-04-10 03:28:56.821077 DEBUG BF_PORT SDS:         : FW path: /root/bf-sde-9.7.0/install/share/tofino_sds_fw/avago/firmware/serdes.0x1091_244D.rom
2025-04-10 03:28:56.821080 DEBUG BF_PORT SDS:         : FW ver : 1091
2025-04-10 03:28:59.675168 INFO  BF_TM New device discovered... start TM init
2025-04-10 03:28:59.675216 INFO  BF_TM bf_tm_tofino_cfg: Tofino SKU is 2
2025-04-10 03:28:59.675223 INFO  BF_TM bf_tm_tofino_cfg: Tofino TM total cells - 266240
2025-04-10 03:28:59.675245 INFO  BF_TM PPG Structures initialized
2025-04-10 03:28:59.675372 INFO  BF_TM TM on device 0 is ready for hw configurations
2025-04-10 03:28:59.675379 INFO  BF_TM TM: set clock speed to 1220000000 for dev 0
2025-04-10 03:28:59.675385 INFO  BF_TM TM: set chip part revision number, dev 0, part rev 1
2025-04-10 03:28:59.675389 INFO  BF_TM TM: Configuring Tofino TM with default setting
2025-04-10 03:28:59.675393 INFO  BF_TM TM: Cells for 2 pkts - 40
2025-04-10 03:28:59.675397 INFO  BF_TM TM: Ingress Default PPG GMin limit - 40
2025-04-10 03:28:59.675401 INFO  BF_TM TM: Ingress PPG base limit in pool0 - 305
2025-04-10 03:28:59.675405 INFO  BF_TM TM: Ingress PPG GMin pool size - 11680
2025-04-10 03:28:59.675408 INFO  BF_TM TM: Ingress AP pool0 size - 89260
2025-04-10 03:28:59.675412 INFO  BF_TM TM: Ingress Skid pool size - 0
2025-04-10 03:28:59.675416 INFO  BF_TM TM: Ingress Mirror pool size - 1460
2025-04-10 03:28:59.675419 INFO  BF_TM TM: Egress Q GMin limit - 20
2025-04-10 03:28:59.675423 INFO  BF_TM TM: Egress Q base limit in AP pool0 - 13
2025-04-10 03:28:59.675426 INFO  BF_TM TM: Egress Q GMin pool size - 46080
2025-04-10 03:28:59.675430 INFO  BF_TM TM: Egress AP pool0 size - 30284
2025-04-10 03:28:59.675434 INFO  BF_TM TM: Egress AP pool3 size reserved for MC PRE FIFO - 12288
2025-04-10 03:28:59.675437 INFO  BF_TM TM: Egress Mirror pool size - 1460
2025-04-10 03:28:59.675441 INFO  BF_TM TM: Egress UC CT size  - 4096
2025-04-10 03:28:59.675445 INFO  BF_TM TM: Egress MC CT size  - 8192
2025-04-10 03:28:59.675470 INFO  BF_TM CAA block Ready Status = 0x3ffffff
2025-04-10 03:28:59.675474 INFO  BF_TM CAA block Ready
2025-04-10 03:28:59.675478 INFO  BF_TM CLC.CLM block Ready Status = 0xfffffff
2025-04-10 03:28:59.675483 INFO  BF_TM CLC.CLM block Ready
2025-04-10 03:28:59.675488 INFO  BF_TM QLC block[0] Ready Status = 0xffffffff
2025-04-10 03:28:59.675492 INFO  BF_TM QLC block[1] Ready Status = 0xf
2025-04-10 03:28:59.675495 INFO  BF_TM QLC block Ready
2025-04-10 03:28:59.675501 INFO  BF_TM PSC block Ready Status = 0xffffffff
2025-04-10 03:28:59.675504 INFO  BF_TM PSC block Ready
2025-04-10 03:28:59.675511 INFO  BF_TM Wac Mem init Done Status = 0x1
2025-04-10 03:28:59.675531 INFO  BF_TM Wac Mem init Complete 
2025-04-10 03:28:59.675536 INFO  BF_TM Qac Mem init Done Status = 0x1
2025-04-10 03:28:59.675539 INFO  BF_TM Qac Mem init Complete 
2025-04-10 03:28:59.675543 INFO  BF_TM SCH Mem init Complete 
2025-04-10 03:28:59.675547 INFO  BF_TM PRC Map Mem init done status = 0x1
2025-04-10 03:28:59.675551 INFO  BF_TM PRC Map Mem init Complete 
2025-04-10 03:28:59.675583 INFO  BF_TM TM: bf_tm_tofino_set_default_for_ig_pool: Set default values for Ingress Pools
2025-04-10 03:28:59.675605 WARN  BF_TM Traffic Manager buffer pool 0 pfc limit is higher or equal to pool size. PFC might not trigger based on pool usage
2025-04-10 03:28:59.675609 WARN  BF_TM Traffic Manager buffer pool 0 pfc limit is higher or equal to pool size. PFC might not trigger based on pool usage
2025-04-10 03:28:59.675621 WARN  BF_TM Traffic Manager buffer pool 0 pfc limit is higher or equal to pool size. PFC might not trigger based on pool usage
2025-04-10 03:28:59.675624 WARN  BF_TM Traffic Manager buffer pool 0 pfc limit is higher or equal to pool size. PFC might not trigger based on pool usage
2025-04-10 03:28:59.675628 WARN  BF_TM Traffic Manager buffer pool 0 pfc limit is higher or equal to pool size. PFC might not trigger based on pool usage
2025-04-10 03:28:59.675631 WARN  BF_TM Traffic Manager buffer pool 0 pfc limit is higher or equal to pool size. PFC might not trigger based on pool usage
2025-04-10 03:28:59.675636 WARN  BF_TM Traffic Manager buffer pool 0 pfc limit is higher or equal to pool size. PFC might not trigger based on pool usage
2025-04-10 03:28:59.675639 WARN  BF_TM Traffic Manager buffer pool 0 pfc limit is higher or equal to pool size. PFC might not trigger based on pool usage
2025-04-10 03:28:59.675648 INFO  BF_TM TM: bf_tm_tofino_set_default_for_ppg: Set default values for PPGs
2025-04-10 03:28:59.676001 INFO  BF_TM TM: bf_tm_tofino_set_egress_tm_default: Set default values for egress TM
2025-04-10 03:28:59.676013 INFO  BF_TM TM: bf_tm_tofino_set_default_for_eg_pool: Set default values for egress Pools
2025-04-10 03:28:59.676022 INFO  BF_TM TM: bf_tm_tofino_set_default_for_q: Set default values for egress queues
2025-04-10 03:28:59.678421 INFO  BF_TM TM: bf_tm_tofino_set_default_for_port: Set default values for egress ports
2025-04-10 03:28:59.678548 INFO  BF_TM TM on device 0 start interrupt processing
2025-04-10 03:28:59.678554 INFO  BF_TM TM: device 0, device type set to ASIC
2025-04-10 03:28:59.678774 DEBUG BF_TM TM: tm_start_cached_counters_timer:719 counter TIMER_START running dev 0 timer state 1
2025-04-10 03:28:59.678783 INFO  BF_TM TM on device 0 successfully initialized and configured
2025-04-10 03:28:59.678813 DEBUG BF_PM pm_pltfm_port_info_get:869 dev : 0 : port : 1/0 (d_p=128) added to bf_pm_port_map_db
2025-04-10 03:28:59.678822 DEBUG BF_PM pm_pltfm_port_info_get:882 pltfm_interface.pltfm_front_panel_port_get_next: 1/0
2025-04-10 03:28:59.678837 DEBUG BF_PM pm_pltfm_port_info_get:956 dev : 0 : port : 1/0 (d_p=129) added to bf_pm_port_map_db
2025-04-10 03:28:59.678841 DEBUG BF_PM pm_pltfm_port_info_get:882 pltfm_interface.pltfm_front_panel_port_get_next: 1/1
2025-04-10 03:28:59.678852 DEBUG BF_PM pm_pltfm_port_info_get:956 dev : 0 : port : 1/2 (d_p=130) added to bf_pm_port_map_db
2025-04-10 03:28:59.678858 DEBUG BF_PM pm_pltfm_port_info_get:882 pltfm_interface.pltfm_front_panel_port_get_next: 1/2
2025-04-10 03:28:59.678868 DEBUG BF_PM pm_pltfm_port_info_get:956 dev : 0 : port : 1/3 (d_p=131) added to bf_pm_port_map_db
2025-04-10 03:28:59.678872 DEBUG BF_PM pm_pltfm_port_info_get:882 pltfm_interface.pltfm_front_panel_port_get_next: 1/3
2025-04-10 03:28:59.678885 DEBUG BF_PM pm_pltfm_port_info_get:956 dev : 0 : port : 2/0 (d_p=136) added to bf_pm_port_map_db
2025-04-10 03:28:59.678890 DEBUG BF_PM pm_pltfm_port_info_get:882 pltfm_interface.pltfm_front_panel_port_get_next: 2/0
2025-04-10 03:28:59.678901 DEBUG BF_PM pm_pltfm_port_info_get:956 dev : 0 : port : 2/1 (d_p=137) added to bf_pm_port_map_db
2025-04-10 03:28:59.678905 DEBUG BF_PM pm_pltfm_port_info_get:882 pltfm_interface.pltfm_front_panel_port_get_next: 2/1
2025-04-10 03:28:59.678916 DEBUG BF_PM pm_pltfm_port_info_get:956 dev : 0 : port : 2/2 (d_p=138) added to bf_pm_port_map_db
2025-04-10 03:28:59.678921 DEBUG BF_PM pm_pltfm_port_info_get:882 pltfm_interface.pltfm_front_panel_port_get_next: 2/2
2025-04-10 03:28:59.678931 DEBUG BF_PM pm_pltfm_port_info_get:956 dev : 0 : port : 2/3 (d_p=139) added to bf_pm_port_map_db
2025-04-10 03:28:59.678935 DEBUG BF_PM pm_pltfm_port_info_get:882 pltfm_interface.pltfm_front_panel_port_get_next: 2/3
2025-04-10 03:28:59.678947 DEBUG BF_PM pm_pltfm_port_info_get:956 dev : 0 : port : 3/0 (d_p=144) added to bf_pm_port_map_db
2025-04-10 03:28:59.678953 DEBUG BF_PM pm_pltfm_port_info_get:882 pltfm_interface.pltfm_front_panel_port_get_next: 3/0
2025-04-10 03:28:59.678963 DEBUG BF_PM pm_pltfm_port_info_get:956 dev : 0 : port : 3/1 (d_p=145) added to bf_pm_port_map_db
2025-04-10 03:28:59.678970 DEBUG BF_PM pm_pltfm_port_info_get:882 pltfm_interface.pltfm_front_panel_port_get_next: 3/1
2025-04-10 03:28:59.678980 DEBUG BF_PM pm_pltfm_port_info_get:956 dev : 0 : port : 3/2 (d_p=146) added to bf_pm_port_map_db
2025-04-10 03:28:59.678986 DEBUG BF_PM pm_pltfm_port_info_get:882 pltfm_interface.pltfm_front_panel_port_get_next: 3/2
2025-04-10 03:28:59.678997 DEBUG BF_PM pm_pltfm_port_info_get:956 dev : 0 : port : 3/3 (d_p=147) added to bf_pm_port_map_db
2025-04-10 03:28:59.679001 DEBUG BF_PM pm_pltfm_port_info_get:882 pltfm_interface.pltfm_front_panel_port_get_next: 3/3
2025-04-10 03:28:59.679012 DEBUG BF_PM pm_pltfm_port_info_get:956 dev : 0 : port : 4/0 (d_p=152) added to bf_pm_port_map_db
2025-04-10 03:28:59.679032 DEBUG BF_PM pm_pltfm_port_info_get:882 pltfm_interface.pltfm_front_panel_port_get_next: 4/0
2025-04-10 03:28:59.679042 DEBUG BF_PM pm_pltfm_port_info_get:956 dev : 0 : port : 4/1 (d_p=153) added to bf_pm_port_map_db
2025-04-10 03:28:59.679046 DEBUG BF_PM pm_pltfm_port_info_get:882 pltfm_interface.pltfm_front_panel_port_get_next: 4/1
2025-04-10 03:28:59.679056 DEBUG BF_PM pm_pltfm_port_info_get:956 dev : 0 : port : 4/2 (d_p=154) added to bf_pm_port_map_db
2025-04-10 03:28:59.679062 DEBUG BF_PM pm_pltfm_port_info_get:882 pltfm_interface.pltfm_front_panel_port_get_next: 4/2
2025-04-10 03:28:59.679093 DEBUG BF_PM pm_pltfm_port_info_get:956 dev : 0 : port : 4/3 (d_p=155) added to bf_pm_port_map_db
2025-04-10 03:28:59.679097 DEBUG BF_PM pm_pltfm_port_info_get:882 pltfm_interface.pltfm_front_panel_port_get_next: 4/3
2025-04-10 03:28:59.679113 DEBUG BF_PM pm_pltfm_port_info_get:956 dev : 0 : port : 5/0 (d_p=160) added to bf_pm_port_map_db
2025-04-10 03:28:59.679119 DEBUG BF_PM pm_pltfm_port_info_get:882 pltfm_interface.pltfm_front_panel_port_get_next: 5/0
2025-04-10 03:28:59.679129 DEBUG BF_PM pm_pltfm_port_info_get:956 dev : 0 : port : 5/1 (d_p=161) added to bf_pm_port_map_db
2025-04-10 03:28:59.679133 DEBUG BF_PM pm_pltfm_port_info_get:882 pltfm_interface.pltfm_front_panel_port_get_next: 5/1
2025-04-10 03:28:59.679143 DEBUG BF_PM pm_pltfm_port_info_get:956 dev : 0 : port : 5/2 (d_p=162) added to bf_pm_port_map_db
2025-04-10 03:28:59.679149 DEBUG BF_PM pm_pltfm_port_info_get:882 pltfm_interface.pltfm_front_panel_port_get_next: 5/2
2025-04-10 03:28:59.679160 DEBUG BF_PM pm_pltfm_port_info_get:956 dev : 0 : port : 5/3 (d_p=163) added to bf_pm_port_map_db
2025-04-10 03:28:59.679164 DEBUG BF_PM pm_pltfm_port_info_get:882 pltfm_interface.pltfm_front_panel_port_get_next: 5/3
2025-04-10 03:28:59.679175 DEBUG BF_PM pm_pltfm_port_info_get:956 dev : 0 : port : 6/0 (d_p=168) added to bf_pm_port_map_db
2025-04-10 03:28:59.679180 DEBUG BF_PM pm_pltfm_port_info_get:882 pltfm_interface.pltfm_front_panel_port_get_next: 6/0
2025-04-10 03:28:59.679190 DEBUG BF_PM pm_pltfm_port_info_get:956 dev : 0 : port : 6/1 (d_p=169) added to bf_pm_port_map_db
2025-04-10 03:28:59.679194 DEBUG BF_PM pm_pltfm_port_info_get:882 pltfm_interface.pltfm_front_panel_port_get_next: 6/1
2025-04-10 03:28:59.679205 DEBUG BF_PM pm_pltfm_port_info_get:956 dev : 0 : port : 6/2 (d_p=170) added to bf_pm_port_map_db
2025-04-10 03:28:59.679211 DEBUG BF_PM pm_pltfm_port_info_get:882 pltfm_interface.pltfm_front_panel_port_get_next: 6/2
2025-04-10 03:28:59.679222 DEBUG BF_PM pm_pltfm_port_info_get:956 dev : 0 : port : 6/3 (d_p=171) added to bf_pm_port_map_db
2025-04-10 03:28:59.679226 DEBUG BF_PM pm_pltfm_port_info_get:882 pltfm_interface.pltfm_front_panel_port_get_next: 6/3
2025-04-10 03:28:59.679237 DEBUG BF_PM pm_pltfm_port_info_get:956 dev : 0 : port : 7/0 (d_p=176) added to bf_pm_port_map_db
2025-04-10 03:28:59.679242 DEBUG BF_PM pm_pltfm_port_info_get:882 pltfm_interface.pltfm_front_panel_port_get_next: 7/0
2025-04-10 03:28:59.679253 DEBUG BF_PM pm_pltfm_port_info_get:956 dev : 0 : port : 7/1 (d_p=177) added to bf_pm_port_map_db
2025-04-10 03:28:59.679256 DEBUG BF_PM pm_pltfm_port_info_get:882 pltfm_interface.pltfm_front_panel_port_get_next: 7/1
2025-04-10 03:28:59.679268 DEBUG BF_PM pm_pltfm_port_info_get:956 dev : 0 : port : 7/2 (d_p=178) added to bf_pm_port_map_db
2025-04-10 03:28:59.679275 DEBUG BF_PM pm_pltfm_port_info_get:882 pltfm_interface.pltfm_front_panel_port_get_next: 7/2
2025-04-10 03:28:59.679285 DEBUG BF_PM pm_pltfm_port_info_get:956 dev : 0 : port : 7/3 (d_p=179) added to bf_pm_port_map_db
2025-04-10 03:28:59.679289 DEBUG BF_PM pm_pltfm_port_info_get:882 pltfm_interface.pltfm_front_panel_port_get_next: 7/3
2025-04-10 03:28:59.679300 DEBUG BF_PM pm_pltfm_port_info_get:956 dev : 0 : port : 8/0 (d_p=184) added to bf_pm_port_map_db
2025-04-10 03:28:59.679305 DEBUG BF_PM pm_pltfm_port_info_get:882 pltfm_interface.pltfm_front_panel_port_get_next: 8/0
2025-04-10 03:28:59.679316 DEBUG BF_PM pm_pltfm_port_info_get:956 dev : 0 : port : 8/1 (d_p=185) added to bf_pm_port_map_db
2025-04-10 03:28:59.679320 DEBUG BF_PM pm_pltfm_port_info_get:882 pltfm_interface.pltfm_front_panel_port_get_next: 8/1
2025-04-10 03:28:59.679337 DEBUG BF_PM pm_pltfm_port_info_get:956 dev : 0 : port : 8/2 (d_p=186) added to bf_pm_port_map_db
2025-04-10 03:28:59.679342 DEBUG BF_PM pm_pltfm_port_info_get:882 pltfm_interface.pltfm_front_panel_port_get_next: 8/2
2025-04-10 03:28:59.679364 DEBUG BF_PM pm_pltfm_port_info_get:956 dev : 0 : port : 8/3 (d_p=187) added to bf_pm_port_map_db
2025-04-10 03:28:59.679369 DEBUG BF_PM pm_pltfm_port_info_get:882 pltfm_interface.pltfm_front_panel_port_get_next: 8/3
2025-04-10 03:28:59.679380 DEBUG BF_PM pm_pltfm_port_info_get:956 dev : 0 : port : 9/0 (d_p=60) added to bf_pm_port_map_db
2025-04-10 03:28:59.679386 DEBUG BF_PM pm_pltfm_port_info_get:882 pltfm_interface.pltfm_front_panel_port_get_next: 9/0
2025-04-10 03:28:59.679397 DEBUG BF_PM pm_pltfm_port_info_get:956 dev : 0 : port : 9/1 (d_p=61) added to bf_pm_port_map_db
2025-04-10 03:28:59.679401 DEBUG BF_PM pm_pltfm_port_info_get:882 pltfm_interface.pltfm_front_panel_port_get_next: 9/1
2025-04-10 03:28:59.679415 DEBUG BF_PM pm_pltfm_port_info_get:956 dev : 0 : port : 9/2 (d_p=62) added to bf_pm_port_map_db
2025-04-10 03:28:59.679421 DEBUG BF_PM pm_pltfm_port_info_get:882 pltfm_interface.pltfm_front_panel_port_get_next: 9/2
2025-04-10 03:28:59.679446 DEBUG BF_PM pm_pltfm_port_info_get:956 dev : 0 : port : 9/3 (d_p=63) added to bf_pm_port_map_db
2025-04-10 03:28:59.679450 DEBUG BF_PM pm_pltfm_port_info_get:882 pltfm_interface.pltfm_front_panel_port_get_next: 9/3
2025-04-10 03:28:59.679464 DEBUG BF_PM pm_pltfm_port_info_get:956 dev : 0 : port : 10/0 (d_p=52) added to bf_pm_port_map_db
2025-04-10 03:28:59.679469 DEBUG BF_PM pm_pltfm_port_info_get:882 pltfm_interface.pltfm_front_panel_port_get_next: 10/0
2025-04-10 03:28:59.679479 DEBUG BF_PM pm_pltfm_port_info_get:956 dev : 0 : port : 10/1 (d_p=53) added to bf_pm_port_map_db
2025-04-10 03:28:59.679483 DEBUG BF_PM pm_pltfm_port_info_get:882 pltfm_interface.pltfm_front_panel_port_get_next: 10/1
2025-04-10 03:28:59.679494 DEBUG BF_PM pm_pltfm_port_info_get:956 dev : 0 : port : 10/2 (d_p=54) added to bf_pm_port_map_db
2025-04-10 03:28:59.679500 DEBUG BF_PM pm_pltfm_port_info_get:882 pltfm_interface.pltfm_front_panel_port_get_next: 10/2
2025-04-10 03:28:59.679529 DEBUG BF_PM pm_pltfm_port_info_get:956 dev : 0 : port : 10/3 (d_p=55) added to bf_pm_port_map_db
2025-04-10 03:28:59.679533 DEBUG BF_PM pm_pltfm_port_info_get:882 pltfm_interface.pltfm_front_panel_port_get_next: 10/3
2025-04-10 03:28:59.679544 DEBUG BF_PM pm_pltfm_port_info_get:956 dev : 0 : port : 11/0 (d_p=44) added to bf_pm_port_map_db
2025-04-10 03:28:59.679549 DEBUG BF_PM pm_pltfm_port_info_get:882 pltfm_interface.pltfm_front_panel_port_get_next: 11/0
2025-04-10 03:28:59.679560 DEBUG BF_PM pm_pltfm_port_info_get:956 dev : 0 : port : 11/1 (d_p=45) added to bf_pm_port_map_db
2025-04-10 03:28:59.679564 DEBUG BF_PM pm_pltfm_port_info_get:882 pltfm_interface.pltfm_front_panel_port_get_next: 11/1
2025-04-10 03:28:59.679579 DEBUG BF_PM pm_pltfm_port_info_get:956 dev : 0 : port : 11/2 (d_p=46) added to bf_pm_port_map_db
2025-04-10 03:28:59.679585 DEBUG BF_PM pm_pltfm_port_info_get:882 pltfm_interface.pltfm_front_panel_port_get_next: 11/2
2025-04-10 03:28:59.679598 DEBUG BF_PM pm_pltfm_port_info_get:956 dev : 0 : port : 11/3 (d_p=47) added to bf_pm_port_map_db
2025-04-10 03:28:59.679602 DEBUG BF_PM pm_pltfm_port_info_get:882 pltfm_interface.pltfm_front_panel_port_get_next: 11/3
2025-04-10 03:28:59.679613 DEBUG BF_PM pm_pltfm_port_info_get:956 dev : 0 : port : 12/0 (d_p=36) added to bf_pm_port_map_db
2025-04-10 03:28:59.679619 DEBUG BF_PM pm_pltfm_port_info_get:882 pltfm_interface.pltfm_front_panel_port_get_next: 12/0
2025-04-10 03:28:59.679633 DEBUG BF_PM pm_pltfm_port_info_get:956 dev : 0 : port : 12/1 (d_p=37) added to bf_pm_port_map_db
2025-04-10 03:28:59.679637 DEBUG BF_PM pm_pltfm_port_info_get:882 pltfm_interface.pltfm_front_panel_port_get_next: 12/1
2025-04-10 03:28:59.679650 DEBUG BF_PM pm_pltfm_port_info_get:956 dev : 0 : port : 12/2 (d_p=38) added to bf_pm_port_map_db
2025-04-10 03:28:59.679656 DEBUG BF_PM pm_pltfm_port_info_get:882 pltfm_interface.pltfm_front_panel_port_get_next: 12/2
2025-04-10 03:28:59.679666 DEBUG BF_PM pm_pltfm_port_info_get:956 dev : 0 : port : 12/3 (d_p=39) added to bf_pm_port_map_db
2025-04-10 03:28:59.679670 DEBUG BF_PM pm_pltfm_port_info_get:882 pltfm_interface.pltfm_front_panel_port_get_next: 12/3
2025-04-10 03:28:59.679681 DEBUG BF_PM pm_pltfm_port_info_get:956 dev : 0 : port : 13/0 (d_p=28) added to bf_pm_port_map_db
2025-04-10 03:28:59.679687 DEBUG BF_PM pm_pltfm_port_info_get:882 pltfm_interface.pltfm_front_panel_port_get_next: 13/0
2025-04-10 03:28:59.679698 DEBUG BF_PM pm_pltfm_port_info_get:956 dev : 0 : port : 13/1 (d_p=29) added to bf_pm_port_map_db
2025-04-10 03:28:59.679702 DEBUG BF_PM pm_pltfm_port_info_get:882 pltfm_interface.pltfm_front_panel_port_get_next: 13/1
2025-04-10 03:28:59.679712 DEBUG BF_PM pm_pltfm_port_info_get:956 dev : 0 : port : 13/2 (d_p=30) added to bf_pm_port_map_db
2025-04-10 03:28:59.679718 DEBUG BF_PM pm_pltfm_port_info_get:882 pltfm_interface.pltfm_front_panel_port_get_next: 13/2
2025-04-10 03:28:59.679732 DEBUG BF_PM pm_pltfm_port_info_get:956 dev : 0 : port : 13/3 (d_p=31) added to bf_pm_port_map_db
2025-04-10 03:28:59.679736 DEBUG BF_PM pm_pltfm_port_info_get:882 pltfm_interface.pltfm_front_panel_port_get_next: 13/3
2025-04-10 03:28:59.679747 DEBUG BF_PM pm_pltfm_port_info_get:956 dev : 0 : port : 14/0 (d_p=20) added to bf_pm_port_map_db
2025-04-10 03:28:59.679753 DEBUG BF_PM pm_pltfm_port_info_get:882 pltfm_interface.pltfm_front_panel_port_get_next: 14/0
2025-04-10 03:28:59.679764 DEBUG BF_PM pm_pltfm_port_info_get:956 dev : 0 : port : 14/1 (d_p=21) added to bf_pm_port_map_db
2025-04-10 03:28:59.679768 DEBUG BF_PM pm_pltfm_port_info_get:882 pltfm_interface.pltfm_front_panel_port_get_next: 14/1
2025-04-10 03:28:59.679778 DEBUG BF_PM pm_pltfm_port_info_get:956 dev : 0 : port : 14/2 (d_p=22) added to bf_pm_port_map_db
2025-04-10 03:28:59.679784 DEBUG BF_PM pm_pltfm_port_info_get:882 pltfm_interface.pltfm_front_panel_port_get_next: 14/2
2025-04-10 03:28:59.679795 DEBUG BF_PM pm_pltfm_port_info_get:956 dev : 0 : port : 14/3 (d_p=23) added to bf_pm_port_map_db
2025-04-10 03:28:59.679799 DEBUG BF_PM pm_pltfm_port_info_get:882 pltfm_interface.pltfm_front_panel_port_get_next: 14/3
2025-04-10 03:28:59.679810 DEBUG BF_PM pm_pltfm_port_info_get:956 dev : 0 : port : 15/0 (d_p=12) added to bf_pm_port_map_db
2025-04-10 03:28:59.679816 DEBUG BF_PM pm_pltfm_port_info_get:882 pltfm_interface.pltfm_front_panel_port_get_next: 15/0
2025-04-10 03:28:59.679827 DEBUG BF_PM pm_pltfm_port_info_get:956 dev : 0 : port : 15/1 (d_p=13) added to bf_pm_port_map_db
2025-04-10 03:28:59.679830 DEBUG BF_PM pm_pltfm_port_info_get:882 pltfm_interface.pltfm_front_panel_port_get_next: 15/1
2025-04-10 03:28:59.679841 DEBUG BF_PM pm_pltfm_port_info_get:956 dev : 0 : port : 15/2 (d_p=14) added to bf_pm_port_map_db
2025-04-10 03:28:59.679862 DEBUG BF_PM pm_pltfm_port_info_get:882 pltfm_interface.pltfm_front_panel_port_get_next: 15/2
2025-04-10 03:28:59.679873 DEBUG BF_PM pm_pltfm_port_info_get:956 dev : 0 : port : 15/3 (d_p=15) added to bf_pm_port_map_db
2025-04-10 03:28:59.679877 DEBUG BF_PM pm_pltfm_port_info_get:882 pltfm_interface.pltfm_front_panel_port_get_next: 15/3
2025-04-10 03:28:59.679891 DEBUG BF_PM pm_pltfm_port_info_get:956 dev : 0 : port : 16/0 (d_p=4) added to bf_pm_port_map_db
2025-04-10 03:28:59.679896 DEBUG BF_PM pm_pltfm_port_info_get:882 pltfm_interface.pltfm_front_panel_port_get_next: 16/0
2025-04-10 03:28:59.679910 DEBUG BF_PM pm_pltfm_port_info_get:956 dev : 0 : port : 16/1 (d_p=5) added to bf_pm_port_map_db
2025-04-10 03:28:59.679930 DEBUG BF_PM pm_pltfm_port_info_get:882 pltfm_interface.pltfm_front_panel_port_get_next: 16/1
2025-04-10 03:28:59.679941 DEBUG BF_PM pm_pltfm_port_info_get:956 dev : 0 : port : 16/2 (d_p=6) added to bf_pm_port_map_db
2025-04-10 03:28:59.679947 DEBUG BF_PM pm_pltfm_port_info_get:882 pltfm_interface.pltfm_front_panel_port_get_next: 16/2
2025-04-10 03:28:59.679959 DEBUG BF_PM pm_pltfm_port_info_get:956 dev : 0 : port : 16/3 (d_p=7) added to bf_pm_port_map_db
2025-04-10 03:28:59.679963 DEBUG BF_PM pm_pltfm_port_info_get:882 pltfm_interface.pltfm_front_panel_port_get_next: 16/3
2025-04-10 03:28:59.679973 DEBUG BF_PM pm_pltfm_port_info_get:956 dev : 0 : port : 17/0 (d_p=0) added to bf_pm_port_map_db
2025-04-10 03:28:59.679979 DEBUG BF_PM pm_pltfm_port_info_get:882 pltfm_interface.pltfm_front_panel_port_get_next: 17/0
2025-04-10 03:28:59.679990 DEBUG BF_PM pm_pltfm_port_info_get:956 dev : 0 : port : 17/1 (d_p=1) added to bf_pm_port_map_db
2025-04-10 03:28:59.679994 DEBUG BF_PM pm_pltfm_port_info_get:882 pltfm_interface.pltfm_front_panel_port_get_next: 17/1
2025-04-10 03:28:59.680005 DEBUG BF_PM pm_pltfm_port_info_get:956 dev : 0 : port : 17/2 (d_p=2) added to bf_pm_port_map_db
2025-04-10 03:28:59.680010 DEBUG BF_PM pm_pltfm_port_info_get:882 pltfm_interface.pltfm_front_panel_port_get_next: 17/2
2025-04-10 03:28:59.680022 DEBUG BF_PM pm_pltfm_port_info_get:956 dev : 0 : port : 17/3 (d_p=3) added to bf_pm_port_map_db
2025-04-10 03:28:59.680026 DEBUG BF_PM pm_pltfm_port_info_get:882 pltfm_interface.pltfm_front_panel_port_get_next: 17/3
2025-04-10 03:28:59.680037 DEBUG BF_PM pm_pltfm_port_info_get:956 dev : 0 : port : 18/0 (d_p=8) added to bf_pm_port_map_db
2025-04-10 03:28:59.680043 DEBUG BF_PM pm_pltfm_port_info_get:882 pltfm_interface.pltfm_front_panel_port_get_next: 18/0
2025-04-10 03:28:59.680054 DEBUG BF_PM pm_pltfm_port_info_get:956 dev : 0 : port : 18/1 (d_p=9) added to bf_pm_port_map_db
2025-04-10 03:28:59.680058 DEBUG BF_PM pm_pltfm_port_info_get:882 pltfm_interface.pltfm_front_panel_port_get_next: 18/1
2025-04-10 03:28:59.680069 DEBUG BF_PM pm_pltfm_port_info_get:956 dev : 0 : port : 18/2 (d_p=10) added to bf_pm_port_map_db
2025-04-10 03:28:59.680075 DEBUG BF_PM pm_pltfm_port_info_get:882 pltfm_interface.pltfm_front_panel_port_get_next: 18/2
2025-04-10 03:28:59.680086 DEBUG BF_PM pm_pltfm_port_info_get:956 dev : 0 : port : 18/3 (d_p=11) added to bf_pm_port_map_db
2025-04-10 03:28:59.680090 DEBUG BF_PM pm_pltfm_port_info_get:882 pltfm_interface.pltfm_front_panel_port_get_next: 18/3
2025-04-10 03:28:59.680106 DEBUG BF_PM pm_pltfm_port_info_get:956 dev : 0 : port : 19/0 (d_p=24) added to bf_pm_port_map_db
2025-04-10 03:28:59.680115 DEBUG BF_PM pm_pltfm_port_info_get:882 pltfm_interface.pltfm_front_panel_port_get_next: 19/0
2025-04-10 03:28:59.680128 DEBUG BF_PM pm_pltfm_port_info_get:956 dev : 0 : port : 19/1 (d_p=25) added to bf_pm_port_map_db
2025-04-10 03:28:59.680132 DEBUG BF_PM pm_pltfm_port_info_get:882 pltfm_interface.pltfm_front_panel_port_get_next: 19/1
2025-04-10 03:28:59.680143 DEBUG BF_PM pm_pltfm_port_info_get:956 dev : 0 : port : 19/2 (d_p=26) added to bf_pm_port_map_db
2025-04-10 03:28:59.680149 DEBUG BF_PM pm_pltfm_port_info_get:882 pltfm_interface.pltfm_front_panel_port_get_next: 19/2
2025-04-10 03:28:59.680160 DEBUG BF_PM pm_pltfm_port_info_get:956 dev : 0 : port : 19/3 (d_p=27) added to bf_pm_port_map_db
2025-04-10 03:28:59.680164 DEBUG BF_PM pm_pltfm_port_info_get:882 pltfm_interface.pltfm_front_panel_port_get_next: 19/3
2025-04-10 03:28:59.680175 DEBUG BF_PM pm_pltfm_port_info_get:956 dev : 0 : port : 20/0 (d_p=16) added to bf_pm_port_map_db
2025-04-10 03:28:59.680186 DEBUG BF_PM pm_pltfm_port_info_get:882 pltfm_interface.pltfm_front_panel_port_get_next: 20/0
2025-04-10 03:28:59.680197 DEBUG BF_PM pm_pltfm_port_info_get:956 dev : 0 : port : 20/1 (d_p=17) added to bf_pm_port_map_db
2025-04-10 03:28:59.680201 DEBUG BF_PM pm_pltfm_port_info_get:882 pltfm_interface.pltfm_front_panel_port_get_next: 20/1
2025-04-10 03:28:59.680212 DEBUG BF_PM pm_pltfm_port_info_get:956 dev : 0 : port : 20/2 (d_p=18) added to bf_pm_port_map_db
2025-04-10 03:28:59.680218 DEBUG BF_PM pm_pltfm_port_info_get:882 pltfm_interface.pltfm_front_panel_port_get_next: 20/2
2025-04-10 03:28:59.680229 DEBUG BF_PM pm_pltfm_port_info_get:956 dev : 0 : port : 20/3 (d_p=19) added to bf_pm_port_map_db
2025-04-10 03:28:59.680233 DEBUG BF_PM pm_pltfm_port_info_get:882 pltfm_interface.pltfm_front_panel_port_get_next: 20/3
2025-04-10 03:28:59.680243 DEBUG BF_PM pm_pltfm_port_info_get:956 dev : 0 : port : 21/0 (d_p=40) added to bf_pm_port_map_db
2025-04-10 03:28:59.680249 DEBUG BF_PM pm_pltfm_port_info_get:882 pltfm_interface.pltfm_front_panel_port_get_next: 21/0
2025-04-10 03:28:59.680260 DEBUG BF_PM pm_pltfm_port_info_get:956 dev : 0 : port : 21/1 (d_p=41) added to bf_pm_port_map_db
2025-04-10 03:28:59.680264 DEBUG BF_PM pm_pltfm_port_info_get:882 pltfm_interface.pltfm_front_panel_port_get_next: 21/1
2025-04-10 03:28:59.680275 DEBUG BF_PM pm_pltfm_port_info_get:956 dev : 0 : port : 21/2 (d_p=42) added to bf_pm_port_map_db
2025-04-10 03:28:59.680281 DEBUG BF_PM pm_pltfm_port_info_get:882 pltfm_interface.pltfm_front_panel_port_get_next: 21/2
2025-04-10 03:28:59.680291 DEBUG BF_PM pm_pltfm_port_info_get:956 dev : 0 : port : 21/3 (d_p=43) added to bf_pm_port_map_db
2025-04-10 03:28:59.680295 DEBUG BF_PM pm_pltfm_port_info_get:882 pltfm_interface.pltfm_front_panel_port_get_next: 21/3
2025-04-10 03:28:59.680306 DEBUG BF_PM pm_pltfm_port_info_get:956 dev : 0 : port : 22/0 (d_p=32) added to bf_pm_port_map_db
2025-04-10 03:28:59.680312 DEBUG BF_PM pm_pltfm_port_info_get:882 pltfm_interface.pltfm_front_panel_port_get_next: 22/0
2025-04-10 03:28:59.680322 DEBUG BF_PM pm_pltfm_port_info_get:956 dev : 0 : port : 22/1 (d_p=33) added to bf_pm_port_map_db
2025-04-10 03:28:59.680326 DEBUG BF_PM pm_pltfm_port_info_get:882 pltfm_interface.pltfm_front_panel_port_get_next: 22/1
2025-04-10 03:28:59.680338 DEBUG BF_PM pm_pltfm_port_info_get:956 dev : 0 : port : 22/2 (d_p=34) added to bf_pm_port_map_db
2025-04-10 03:28:59.680344 DEBUG BF_PM pm_pltfm_port_info_get:882 pltfm_interface.pltfm_front_panel_port_get_next: 22/2
2025-04-10 03:28:59.680354 DEBUG BF_PM pm_pltfm_port_info_get:956 dev : 0 : port : 22/3 (d_p=35) added to bf_pm_port_map_db
2025-04-10 03:28:59.680358 DEBUG BF_PM pm_pltfm_port_info_get:882 pltfm_interface.pltfm_front_panel_port_get_next: 22/3
2025-04-10 03:28:59.680369 DEBUG BF_PM pm_pltfm_port_info_get:956 dev : 0 : port : 23/0 (d_p=56) added to bf_pm_port_map_db
2025-04-10 03:28:59.680375 DEBUG BF_PM pm_pltfm_port_info_get:882 pltfm_interface.pltfm_front_panel_port_get_next: 23/0
2025-04-10 03:28:59.680386 DEBUG BF_PM pm_pltfm_port_info_get:956 dev : 0 : port : 23/1 (d_p=57) added to bf_pm_port_map_db
2025-04-10 03:28:59.680390 DEBUG BF_PM pm_pltfm_port_info_get:882 pltfm_interface.pltfm_front_panel_port_get_next: 23/1
2025-04-10 03:28:59.680400 DEBUG BF_PM pm_pltfm_port_info_get:956 dev : 0 : port : 23/2 (d_p=58) added to bf_pm_port_map_db
2025-04-10 03:28:59.680406 DEBUG BF_PM pm_pltfm_port_info_get:882 pltfm_interface.pltfm_front_panel_port_get_next: 23/2
2025-04-10 03:28:59.680417 DEBUG BF_PM pm_pltfm_port_info_get:956 dev : 0 : port : 23/3 (d_p=59) added to bf_pm_port_map_db
2025-04-10 03:28:59.680420 DEBUG BF_PM pm_pltfm_port_info_get:882 pltfm_interface.pltfm_front_panel_port_get_next: 23/3
2025-04-10 03:28:59.680434 DEBUG BF_PM pm_pltfm_port_info_get:956 dev : 0 : port : 24/0 (d_p=48) added to bf_pm_port_map_db
2025-04-10 03:28:59.680440 DEBUG BF_PM pm_pltfm_port_info_get:882 pltfm_interface.pltfm_front_panel_port_get_next: 24/0
2025-04-10 03:28:59.680451 DEBUG BF_PM pm_pltfm_port_info_get:956 dev : 0 : port : 24/1 (d_p=49) added to bf_pm_port_map_db
2025-04-10 03:28:59.680457 DEBUG BF_PM pm_pltfm_port_info_get:882 pltfm_interface.pltfm_front_panel_port_get_next: 24/1
2025-04-10 03:28:59.680468 DEBUG BF_PM pm_pltfm_port_info_get:956 dev : 0 : port : 24/2 (d_p=50) added to bf_pm_port_map_db
2025-04-10 03:28:59.680474 DEBUG BF_PM pm_pltfm_port_info_get:882 pltfm_interface.pltfm_front_panel_port_get_next: 24/2
2025-04-10 03:28:59.680489 DEBUG BF_PM pm_pltfm_port_info_get:956 dev : 0 : port : 24/3 (d_p=51) added to bf_pm_port_map_db
2025-04-10 03:28:59.680493 DEBUG BF_PM pm_pltfm_port_info_get:882 pltfm_interface.pltfm_front_panel_port_get_next: 24/3
2025-04-10 03:28:59.680504 DEBUG BF_PM pm_pltfm_port_info_get:956 dev : 0 : port : 25/0 (d_p=180) added to bf_pm_port_map_db
2025-04-10 03:28:59.680509 DEBUG BF_PM pm_pltfm_port_info_get:882 pltfm_interface.pltfm_front_panel_port_get_next: 25/0
2025-04-10 03:28:59.680520 DEBUG BF_PM pm_pltfm_port_info_get:956 dev : 0 : port : 25/1 (d_p=181) added to bf_pm_port_map_db
2025-04-10 03:28:59.680524 DEBUG BF_PM pm_pltfm_port_info_get:882 pltfm_interface.pltfm_front_panel_port_get_next: 25/1
2025-04-10 03:28:59.680536 DEBUG BF_PM pm_pltfm_port_info_get:956 dev : 0 : port : 25/2 (d_p=182) added to bf_pm_port_map_db
2025-04-10 03:28:59.680542 DEBUG BF_PM pm_pltfm_port_info_get:882 pltfm_interface.pltfm_front_panel_port_get_next: 25/2
2025-04-10 03:28:59.680553 DEBUG BF_PM pm_pltfm_port_info_get:956 dev : 0 : port : 25/3 (d_p=183) added to bf_pm_port_map_db
2025-04-10 03:28:59.680557 DEBUG BF_PM pm_pltfm_port_info_get:882 pltfm_interface.pltfm_front_panel_port_get_next: 25/3
2025-04-10 03:28:59.680567 DEBUG BF_PM pm_pltfm_port_info_get:956 dev : 0 : port : 26/0 (d_p=188) added to bf_pm_port_map_db
2025-04-10 03:28:59.680573 DEBUG BF_PM pm_pltfm_port_info_get:882 pltfm_interface.pltfm_front_panel_port_get_next: 26/0
2025-04-10 03:28:59.680583 DEBUG BF_PM pm_pltfm_port_info_get:956 dev : 0 : port : 26/1 (d_p=189) added to bf_pm_port_map_db
2025-04-10 03:28:59.680587 DEBUG BF_PM pm_pltfm_port_info_get:882 pltfm_interface.pltfm_front_panel_port_get_next: 26/1
2025-04-10 03:28:59.680614 DEBUG BF_PM pm_pltfm_port_info_get:956 dev : 0 : port : 26/2 (d_p=190) added to bf_pm_port_map_db
2025-04-10 03:28:59.680620 DEBUG BF_PM pm_pltfm_port_info_get:882 pltfm_interface.pltfm_front_panel_port_get_next: 26/2
2025-04-10 03:28:59.680631 DEBUG BF_PM pm_pltfm_port_info_get:956 dev : 0 : port : 26/3 (d_p=191) added to bf_pm_port_map_db
2025-04-10 03:28:59.680635 DEBUG BF_PM pm_pltfm_port_info_get:882 pltfm_interface.pltfm_front_panel_port_get_next: 26/3
2025-04-10 03:28:59.680645 DEBUG BF_PM pm_pltfm_port_info_get:956 dev : 0 : port : 27/0 (d_p=164) added to bf_pm_port_map_db
2025-04-10 03:28:59.680651 DEBUG BF_PM pm_pltfm_port_info_get:882 pltfm_interface.pltfm_front_panel_port_get_next: 27/0
2025-04-10 03:28:59.680661 DEBUG BF_PM pm_pltfm_port_info_get:956 dev : 0 : port : 27/1 (d_p=165) added to bf_pm_port_map_db
2025-04-10 03:28:59.680665 DEBUG BF_PM pm_pltfm_port_info_get:882 pltfm_interface.pltfm_front_panel_port_get_next: 27/1
2025-04-10 03:28:59.680677 DEBUG BF_PM pm_pltfm_port_info_get:956 dev : 0 : port : 27/2 (d_p=166) added to bf_pm_port_map_db
2025-04-10 03:28:59.680700 DEBUG BF_PM pm_pltfm_port_info_get:882 pltfm_interface.pltfm_front_panel_port_get_next: 27/2
2025-04-10 03:28:59.680711 DEBUG BF_PM pm_pltfm_port_info_get:956 dev : 0 : port : 27/3 (d_p=167) added to bf_pm_port_map_db
2025-04-10 03:28:59.680715 DEBUG BF_PM pm_pltfm_port_info_get:882 pltfm_interface.pltfm_front_panel_port_get_next: 27/3
2025-04-10 03:28:59.680729 DEBUG BF_PM pm_pltfm_port_info_get:956 dev : 0 : port : 28/0 (d_p=172) added to bf_pm_port_map_db
2025-04-10 03:28:59.680735 DEBUG BF_PM pm_pltfm_port_info_get:882 pltfm_interface.pltfm_front_panel_port_get_next: 28/0
2025-04-10 03:28:59.680746 DEBUG BF_PM pm_pltfm_port_info_get:956 dev : 0 : port : 28/1 (d_p=173) added to bf_pm_port_map_db
2025-04-10 03:28:59.680750 DEBUG BF_PM pm_pltfm_port_info_get:882 pltfm_interface.pltfm_front_panel_port_get_next: 28/1
2025-04-10 03:28:59.680763 DEBUG BF_PM pm_pltfm_port_info_get:956 dev : 0 : port : 28/2 (d_p=174) added to bf_pm_port_map_db
2025-04-10 03:28:59.680768 DEBUG BF_PM pm_pltfm_port_info_get:882 pltfm_interface.pltfm_front_panel_port_get_next: 28/2
2025-04-10 03:28:59.680779 DEBUG BF_PM pm_pltfm_port_info_get:956 dev : 0 : port : 28/3 (d_p=175) added to bf_pm_port_map_db
2025-04-10 03:28:59.680784 DEBUG BF_PM pm_pltfm_port_info_get:882 pltfm_interface.pltfm_front_panel_port_get_next: 28/3
2025-04-10 03:28:59.680795 DEBUG BF_PM pm_pltfm_port_info_get:956 dev : 0 : port : 29/0 (d_p=156) added to bf_pm_port_map_db
2025-04-10 03:28:59.680801 DEBUG BF_PM pm_pltfm_port_info_get:882 pltfm_interface.pltfm_front_panel_port_get_next: 29/0
2025-04-10 03:28:59.680813 DEBUG BF_PM pm_pltfm_port_info_get:956 dev : 0 : port : 29/1 (d_p=157) added to bf_pm_port_map_db
2025-04-10 03:28:59.680817 DEBUG BF_PM pm_pltfm_port_info_get:882 pltfm_interface.pltfm_front_panel_port_get_next: 29/1
2025-04-10 03:28:59.680827 DEBUG BF_PM pm_pltfm_port_info_get:956 dev : 0 : port : 29/2 (d_p=158) added to bf_pm_port_map_db
2025-04-10 03:28:59.680833 DEBUG BF_PM pm_pltfm_port_info_get:882 pltfm_interface.pltfm_front_panel_port_get_next: 29/2
2025-04-10 03:28:59.680844 DEBUG BF_PM pm_pltfm_port_info_get:956 dev : 0 : port : 29/3 (d_p=159) added to bf_pm_port_map_db
2025-04-10 03:28:59.680848 DEBUG BF_PM pm_pltfm_port_info_get:882 pltfm_interface.pltfm_front_panel_port_get_next: 29/3
2025-04-10 03:28:59.680858 DEBUG BF_PM pm_pltfm_port_info_get:956 dev : 0 : port : 30/0 (d_p=148) added to bf_pm_port_map_db
2025-04-10 03:28:59.680864 DEBUG BF_PM pm_pltfm_port_info_get:882 pltfm_interface.pltfm_front_panel_port_get_next: 30/0
2025-04-10 03:28:59.680876 DEBUG BF_PM pm_pltfm_port_info_get:956 dev : 0 : port : 30/1 (d_p=149) added to bf_pm_port_map_db
2025-04-10 03:28:59.680880 DEBUG BF_PM pm_pltfm_port_info_get:882 pltfm_interface.pltfm_front_panel_port_get_next: 30/1
2025-04-10 03:28:59.680890 DEBUG BF_PM pm_pltfm_port_info_get:956 dev : 0 : port : 30/2 (d_p=150) added to bf_pm_port_map_db
2025-04-10 03:28:59.680896 DEBUG BF_PM pm_pltfm_port_info_get:882 pltfm_interface.pltfm_front_panel_port_get_next: 30/2
2025-04-10 03:28:59.680907 DEBUG BF_PM pm_pltfm_port_info_get:956 dev : 0 : port : 30/3 (d_p=151) added to bf_pm_port_map_db
2025-04-10 03:28:59.680911 DEBUG BF_PM pm_pltfm_port_info_get:882 pltfm_interface.pltfm_front_panel_port_get_next: 30/3
2025-04-10 03:28:59.680923 DEBUG BF_PM pm_pltfm_port_info_get:956 dev : 0 : port : 31/0 (d_p=140) added to bf_pm_port_map_db
2025-04-10 03:28:59.680928 DEBUG BF_PM pm_pltfm_port_info_get:882 pltfm_interface.pltfm_front_panel_port_get_next: 31/0
2025-04-10 03:28:59.680939 DEBUG BF_PM pm_pltfm_port_info_get:956 dev : 0 : port : 31/1 (d_p=141) added to bf_pm_port_map_db
2025-04-10 03:28:59.680943 DEBUG BF_PM pm_pltfm_port_info_get:882 pltfm_interface.pltfm_front_panel_port_get_next: 31/1
2025-04-10 03:28:59.680954 DEBUG BF_PM pm_pltfm_port_info_get:956 dev : 0 : port : 31/2 (d_p=142) added to bf_pm_port_map_db
2025-04-10 03:28:59.680960 DEBUG BF_PM pm_pltfm_port_info_get:882 pltfm_interface.pltfm_front_panel_port_get_next: 31/2
2025-04-10 03:28:59.680974 DEBUG BF_PM pm_pltfm_port_info_get:956 dev : 0 : port : 31/3 (d_p=143) added to bf_pm_port_map_db
2025-04-10 03:28:59.680978 DEBUG BF_PM pm_pltfm_port_info_get:882 pltfm_interface.pltfm_front_panel_port_get_next: 31/3
2025-04-10 03:28:59.680989 DEBUG BF_PM pm_pltfm_port_info_get:956 dev : 0 : port : 32/0 (d_p=132) added to bf_pm_port_map_db
2025-04-10 03:28:59.680995 DEBUG BF_PM pm_pltfm_port_info_get:882 pltfm_interface.pltfm_front_panel_port_get_next: 32/0
2025-04-10 03:28:59.681006 DEBUG BF_PM pm_pltfm_port_info_get:956 dev : 0 : port : 32/1 (d_p=133) added to bf_pm_port_map_db
2025-04-10 03:28:59.681010 DEBUG BF_PM pm_pltfm_port_info_get:882 pltfm_interface.pltfm_front_panel_port_get_next: 32/1
2025-04-10 03:28:59.681036 DEBUG BF_PM pm_pltfm_port_info_get:956 dev : 0 : port : 32/2 (d_p=134) added to bf_pm_port_map_db
2025-04-10 03:28:59.681041 DEBUG BF_PM pm_pltfm_port_info_get:882 pltfm_interface.pltfm_front_panel_port_get_next: 32/2
2025-04-10 03:28:59.681054 DEBUG BF_PM pm_pltfm_port_info_get:956 dev : 0 : port : 32/3 (d_p=135) added to bf_pm_port_map_db
2025-04-10 03:28:59.681058 DEBUG BF_PM pm_pltfm_port_info_get:882 pltfm_interface.pltfm_front_panel_port_get_next: 32/3
2025-04-10 03:28:59.681071 DEBUG BF_PM pm_pltfm_port_info_get:956 dev : 0 : port : 33/0 (d_p=64) added to bf_pm_port_map_db
2025-04-10 03:28:59.681076 DEBUG BF_PM pm_pltfm_port_info_get:882 pltfm_interface.pltfm_front_panel_port_get_next: 33/0
2025-04-10 03:28:59.681112 DEBUG BF_PM pm_pltfm_port_info_get:956 dev : 0 : port : 33/1 (d_p=65) added to bf_pm_port_map_db
2025-04-10 03:28:59.681117 DEBUG BF_PM pm_pltfm_port_info_get:882 pltfm_interface.pltfm_front_panel_port_get_next: 33/1
2025-04-10 03:28:59.681128 DEBUG BF_PM pm_pltfm_port_info_get:956 dev : 0 : port : 33/2 (d_p=66) added to bf_pm_port_map_db
2025-04-10 03:28:59.681134 DEBUG BF_PM pm_pltfm_port_info_get:882 pltfm_interface.pltfm_front_panel_port_get_next: 33/2
2025-04-10 03:28:59.681146 DEBUG BF_PM pm_pltfm_port_info_get:956 dev : 0 : port : 33/3 (d_p=67) added to bf_pm_port_map_db
2025-04-10 03:28:59.681150 DEBUG BF_PM pm_pltfm_port_info_get:882 pltfm_interface.pltfm_front_panel_port_get_next: 33/3
2025-04-10 03:28:59.681272 DEBUG BF_PORT SDS : 23/ 0 : 0: 38:-: Lane map: Rx: <0, 1, 2, 3> : Tx: <0, 1, 2, 3>
2025-04-10 03:28:59.681310 DEBUG BF_PORT SDS : 24/ 0 : 0: 30:-: Lane map: Rx: <0, 1, 2, 3> : Tx: <0, 1, 2, 3>
2025-04-10 03:28:59.681326 DEBUG BF_PORT SDS : 21/ 0 : 0: 28:-: Lane map: Rx: <0, 1, 2, 3> : Tx: <0, 1, 2, 3>
2025-04-10 03:28:59.681342 DEBUG BF_PORT SDS : 22/ 0 : 0: 20:-: Lane map: Rx: <0, 1, 2, 3> : Tx: <0, 1, 2, 3>
2025-04-10 03:28:59.681357 DEBUG BF_PORT SDS : 19/ 0 : 0: 18:-: Lane map: Rx: <0, 1, 2, 3> : Tx: <0, 1, 2, 3>
2025-04-10 03:28:59.681375 DEBUG BF_PORT SDS : 20/ 0 : 0: 10:-: Lane map: Rx: <0, 1, 2, 3> : Tx: <0, 1, 2, 3>
2025-04-10 03:28:59.681389 DEBUG BF_PORT SDS : 18/ 0 : 0:  8:-: Lane map: Rx: <0, 1, 2, 3> : Tx: <0, 1, 2, 3>
2025-04-10 03:28:59.681404 DEBUG BF_PORT SDS : 17/ 0 : 0:  0:-: Lane map: Rx: <0, 1, 2, 3> : Tx: <0, 1, 2, 3>
2025-04-10 03:28:59.681418 DEBUG BF_PORT SDS : 16/ 0 : 0:  4:-: Lane map: Rx: <0, 1, 2, 3> : Tx: <0, 1, 2, 3>
2025-04-10 03:28:59.681435 DEBUG BF_PORT SDS : 15/ 0 : 0:  c:-: Lane map: Rx: <0, 1, 2, 3> : Tx: <0, 1, 2, 3>
2025-04-10 03:28:59.681448 DEBUG BF_PORT SDS : 14/ 0 : 0: 14:-: Lane map: Rx: <0, 1, 2, 3> : Tx: <0, 1, 2, 3>
2025-04-10 03:28:59.681462 DEBUG BF_PORT SDS : 13/ 0 : 0: 1c:-: Lane map: Rx: <0, 1, 2, 3> : Tx: <0, 1, 2, 3>
2025-04-10 03:28:59.681475 DEBUG BF_PORT SDS : 12/ 0 : 0: 24:-: Lane map: Rx: <0, 1, 2, 3> : Tx: <0, 1, 2, 3>
2025-04-10 03:28:59.681507 DEBUG BF_PORT SDS : 11/ 0 : 0: 2c:-: Lane map: Rx: <0, 1, 2, 3> : Tx: <0, 1, 2, 3>
2025-04-10 03:28:59.681536 DEBUG BF_PORT SDS : 10/ 0 : 0: 34:-: Lane map: Rx: <0, 1, 2, 3> : Tx: <0, 1, 2, 3>
2025-04-10 03:28:59.681548 DEBUG BF_PORT SDS : 9/ 0 : 0: 3c:-: Lane map: Rx: <0, 1, 2, 3> : Tx: <0, 1, 2, 3>
2025-04-10 03:28:59.681561 DEBUG BF_PORT SDS : 8/ 0 : 0: b8:-: Lane map: Rx: <0, 1, 2, 3> : Tx: <0, 1, 2, 3>
2025-04-10 03:28:59.681576 DEBUG BF_PORT SDS : 7/ 0 : 0: b0:-: Lane map: Rx: <0, 1, 2, 3> : Tx: <0, 1, 2, 3>
2025-04-10 03:28:59.681588 DEBUG BF_PORT SDS : 6/ 0 : 0: a8:-: Lane map: Rx: <0, 1, 2, 3> : Tx: <0, 1, 2, 3>
2025-04-10 03:28:59.681600 DEBUG BF_PORT SDS : 5/ 0 : 0: a0:-: Lane map: Rx: <0, 1, 2, 3> : Tx: <0, 1, 2, 3>
2025-04-10 03:28:59.681611 DEBUG BF_PORT SDS : 4/ 0 : 0: 98:-: Lane map: Rx: <0, 1, 2, 3> : Tx: <0, 1, 2, 3>
2025-04-10 03:28:59.681625 DEBUG BF_PORT SDS : 3/ 0 : 0: 90:-: Lane map: Rx: <0, 1, 2, 3> : Tx: <0, 1, 2, 3>
2025-04-10 03:28:59.681635 DEBUG BF_PORT SDS : 2/ 0 : 0: 88:-: Lane map: Rx: <0, 1, 2, 3> : Tx: <0, 1, 2, 3>
2025-04-10 03:28:59.681646 DEBUG BF_PORT SDS : 1/ 0 : 0: 80:-: Lane map: Rx: <0, 1, 2, 3> : Tx: <0, 1, 2, 3>
2025-04-10 03:28:59.681663 DEBUG BF_PORT SDS : 32/ 0 : 0: 84:-: Lane map: Rx: <0, 1, 2, 3> : Tx: <0, 1, 2, 3>
2025-04-10 03:28:59.681683 DEBUG BF_PORT SDS : 31/ 0 : 0: 8c:-: Lane map: Rx: <0, 1, 2, 3> : Tx: <0, 1, 2, 3>
2025-04-10 03:28:59.681703 DEBUG BF_PORT SDS : 30/ 0 : 0: 94:-: Lane map: Rx: <0, 1, 2, 3> : Tx: <0, 1, 2, 3>
2025-04-10 03:28:59.681720 DEBUG BF_PORT SDS : 29/ 0 : 0: 9c:-: Lane map: Rx: <0, 1, 2, 3> : Tx: <0, 1, 2, 3>
2025-04-10 03:28:59.681737 DEBUG BF_PORT SDS : 27/ 0 : 0: a4:-: Lane map: Rx: <0, 1, 2, 3> : Tx: <0, 1, 2, 3>
2025-04-10 03:28:59.681756 DEBUG BF_PORT SDS : 28/ 0 : 0: ac:-: Lane map: Rx: <0, 1, 2, 3> : Tx: <0, 1, 2, 3>
2025-04-10 03:28:59.681772 DEBUG BF_PORT SDS : 25/ 0 : 0: b4:-: Lane map: Rx: <0, 1, 2, 3> : Tx: <0, 1, 2, 3>
2025-04-10 03:28:59.681788 DEBUG BF_PORT SDS : 26/ 0 : 0: bc:-: Lane map: Rx: <0, 1, 2, 3> : Tx: <0, 1, 2, 3>
2025-04-10 03:28:59.681806 DEBUG BF_PORT SDS : 33/ 0 : 0: 40:-: Lane map: Rx: <0, 1, 2, 3> : Tx: <0, 1, 2, 3>
2025-04-10 03:28:59.961575 DEBUG BF_PLTFM QSFP:  4 : curr-pres-st : 0 prev-pres-st : 1
2025-04-10 03:28:59.963703 DEBUG BF_PLTFM QSFP     4 : PRESENT
2025-04-10 03:28:59.967702 INFO  BF_PLTFM module 4 IDENTIFIER = 13
2025-04-10 03:28:59.971701 DEBUG BF_PLTFM QSFP     4 : QSFP
2025-04-10 03:28:59.971747 DEBUG BF_PLTFM QSFP     4 : Paged
2025-04-10 03:28:59.971758 DEBUG BF_PLTFM QSFP     4 : Lane count = 4
2025-04-10 03:29:00.081885 DEBUG BF_PLTFM QSFP     4 : Active/Optical
2025-04-10 03:29:00.081943 DEBUG BF_PLTFM QSFP     4 : Update cache complete
2025-04-10 03:29:00.081958 DEBUG BF_PLTFM QSFP:  4 : detect-st : 0 is-present : 1

2025-04-10 03:29:00.081994 DEBUG BF_PLTFM QSFPMSM  4 : QSFP_FSM_ST_IDLE             --> QSFP_FSM_ST_INSERTED
2025-04-10 03:29:00.082008 DEBUG BF_PLTFM QSFP:  7 : curr-pres-st : 0 prev-pres-st : 1
2025-04-10 03:29:00.084155 DEBUG BF_PLTFM QSFP     7 : PRESENT
2025-04-10 03:29:00.088135 INFO  BF_PLTFM module 7 IDENTIFIER = 13
2025-04-10 03:29:00.092093 DEBUG BF_PLTFM QSFP     7 : QSFP
2025-04-10 03:29:00.092144 DEBUG BF_PLTFM QSFP     7 : Paged
2025-04-10 03:29:00.092157 DEBUG BF_PLTFM QSFP     7 : Lane count = 4
2025-04-10 03:29:00.198506 DEBUG BF_PLTFM QSFP     7 : Active/Optical
2025-04-10 03:29:00.198540 DEBUG BF_PLTFM QSFP     7 : Update cache complete
2025-04-10 03:29:00.198552 DEBUG BF_PLTFM QSFP:  7 : detect-st : 0 is-present : 1

2025-04-10 03:29:00.198577 DEBUG BF_PLTFM QSFPMSM  7 : QSFP_FSM_ST_IDLE             --> QSFP_FSM_ST_INSERTED
2025-04-10 03:29:00.198596 DEBUG BF_PLTFM QSFP:  8 : curr-pres-st : 0 prev-pres-st : 1
2025-04-10 03:29:00.200169 DEBUG BF_PLTFM QSFP     8 : PRESENT
2025-04-10 03:29:00.204179 INFO  BF_PLTFM module 8 IDENTIFIER = 13
2025-04-10 03:29:00.208289 DEBUG BF_PLTFM QSFP     8 : QSFP
2025-04-10 03:29:00.208334 DEBUG BF_PLTFM QSFP     8 : Paged
2025-04-10 03:29:00.208345 DEBUG BF_PLTFM QSFP     8 : Lane count = 4
2025-04-10 03:29:00.299288 DEBUG BF_PLTFM QSFP     8 : Active/Optical
2025-04-10 03:29:00.299328 DEBUG BF_PLTFM QSFP     8 : Update cache complete
2025-04-10 03:29:00.299347 DEBUG BF_PLTFM QSFP:  8 : detect-st : 0 is-present : 1

2025-04-10 03:29:00.299362 DEBUG BF_PLTFM QSFPMSM  8 : QSFP_FSM_ST_IDLE             --> QSFP_FSM_ST_INSERTED
2025-04-10 03:29:00.299374 DEBUG BF_PLTFM Enable KR port 1 on 33/2
2025-04-10 03:29:00.299392 INFO  BF_PM bf_pm_pltfm_front_port_eligible_for_autoneg:4161 0:33/2:1(an_eligibility)
2025-04-10 03:29:00.299417 INFO  BF_PM bf_pm_pltfm_front_port_ready_for_bringup:4058 0:33/2:1(ready)
2025-04-10 03:29:00.299431 DEBUG BF_PLTFM krPortEn = 0x2
2025-04-10 03:29:00.299442 DEBUG BF_PLTFM Enable KR port 2 on 33/3
2025-04-10 03:29:00.299454 INFO  BF_PM bf_pm_pltfm_front_port_eligible_for_autoneg:4161 0:33/3:1(an_eligibility)
2025-04-10 03:29:00.299468 INFO  BF_PM bf_pm_pltfm_front_port_ready_for_bringup:4058 0:33/3:1(ready)
2025-04-10 03:29:00.299480 DEBUG BF_PLTFM krPortEn = 0x6
2025-04-10 03:29:00.299497 DEBUG BF_PLTFM bf_pm_cold_init:788 Bind QSFP Mgmt cb to BF_FSM_ST_CFG_SERDES in default FSM
2025-04-10 03:29:00.299522 DEBUG BF_PLTFM bf_pm_cold_init:810 Bind QSFP Mgmt cb to BF_FSM_ST_CFG_SERDES in tx-mode FSM
2025-04-10 03:29:00.299640 DEBUG BF_PLTFM pltfm_pm: port led blink thread initialized
2025-04-10 03:29:00.299630 DEBUG BF_PLTFM QSFP     4 : RESETL = true
2025-04-10 03:29:00.299672 DEBUG BF_PLTFM QSFP     4 : True
2025-04-10 03:29:00.299746 DEBUG BF_PLTFM port_led_blink_run start..
2025-04-10 03:29:00.300631 DEBUG BF_PLTFM QSFP     4 : LPMODE = true
2025-04-10 03:29:00.304311 DEBUG BF_PLTFM QSFPMSM  4 : QSFP_FSM_ST_INSERTED         --> QSFP_FSM_ST_WAIT_T_RESET     (1ms)
2025-04-10 03:29:00.304332 DEBUG BF_PLTFM QSFP     7 : RESETL = true
2025-04-10 03:29:00.304344 DEBUG BF_PLTFM QSFP     7 : True
2025-04-10 03:29:00.307899 DEBUG BF_PLTFM QSFP     7 : LPMODE = true
2025-04-10 03:29:00.311576 DEBUG BF_PLTFM QSFPMSM  7 : QSFP_FSM_ST_INSERTED         --> QSFP_FSM_ST_WAIT_T_RESET     (1ms)
2025-04-10 03:29:00.311603 DEBUG BF_PLTFM QSFP     8 : RESETL = true
2025-04-10 03:29:00.311610 DEBUG BF_PLTFM QSFP     8 : True
2025-04-10 03:29:00.314617 INFO  BF_MC Allocated RDM addresses 0x1 - 0x1
2025-04-10 03:29:00.314636 INFO  BF_MC Allocated RDM addresses 0x11ff - 0x11ff
2025-04-10 03:29:00.314641 INFO  BF_MC Allocated RDM addresses 0x21ff - 0x21ff
2025-04-10 03:29:00.314645 INFO  BF_MC Allocated RDM addresses 0x31ff - 0x31ff
2025-04-10 03:29:00.314659 INFO  BF_MC Write L1End node at addr 0x1, rid 0xdead, l2 0
2025-04-10 03:29:00.314664 INFO  BF_MC Write L1End node at addr 0x11ff, rid 0xdead, l2 0
2025-04-10 03:29:00.314668 INFO  BF_MC Write L1End node at addr 0x21ff, rid 0xdead, l2 0
2025-04-10 03:29:00.314672 INFO  BF_MC Write L1End node at addr 0x31ff, rid 0xdead, l2 0
2025-04-10 03:29:00.314678 INFO  BF_MC Allocated RDM addresses 0x4000 - 0x4103
2025-04-10 03:29:00.314683 INFO  BF_MC Write LAG node at addr 0x4000 with id 255 and next node 0x4001 0x0000_00000000ff04001c
2025-04-10 03:29:00.314689 INFO  BF_MC Write LAG node at addr 0x4001 with id 255 and next node 0x4002 0x00ff_04002c00ff04001c
2025-04-10 03:29:00.314693 INFO  BF_MC Write LAG node at addr 0x4002 with id 255 and next node 0x4003 0x0000_00000000ff04003c
2025-04-10 03:29:00.314698 INFO  BF_MC Write LAG node at addr 0x4003 with id 255 and next node 0x4004 0x00ff_04004c00ff04003c
2025-04-10 03:29:00.314701 INFO  BF_MC Write LAG node at addr 0x4004 with id 255 and next node 0x4005 0x0000_00000000ff04005c
2025-04-10 03:29:00.314705 INFO  BF_MC Write LAG node at addr 0x4005 with id 255 and next node 0x4006 0x00ff_04006c00ff04005c
2025-04-10 03:29:00.314709 INFO  BF_MC Write LAG node at addr 0x4006 with id 255 and next node 0x4007 0x0000_00000000ff04007c
2025-04-10 03:29:00.314714 INFO  BF_MC Write LAG node at addr 0x4007 with id 255 and next node 0x4008 0x00ff_04008c00ff04007c
2025-04-10 03:29:00.314718 INFO  BF_MC Write LAG node at addr 0x4008 with id 255 and next node 0x4009 0x0000_00000000ff04009c
2025-04-10 03:29:00.314722 INFO  BF_MC Write LAG node at addr 0x4009 with id 255 and next node 0x400a 0x00ff_0400ac00ff04009c
2025-04-10 03:29:00.314725 INFO  BF_MC Write LAG node at addr 0x400a with id 255 and next node 0x400b 0x0000_00000000ff0400bc
2025-04-10 03:29:00.314730 INFO  BF_MC Write LAG node at addr 0x400b with id 255 and next node 0x400c 0x00ff_0400cc00ff0400bc
2025-04-10 03:29:00.314734 INFO  BF_MC Write LAG node at addr 0x400c with id 255 and next node 0x400d 0x0000_00000000ff0400dc
2025-04-10 03:29:00.314738 INFO  BF_MC Write LAG node at addr 0x400d with id 255 and next node 0x400e 0x00ff_0400ec00ff0400dc
2025-04-10 03:29:00.314742 INFO  BF_MC Write LAG node at addr 0x400e with id 255 and next node 0x400f 0x0000_00000000ff0400fc
2025-04-10 03:29:00.314746 INFO  BF_MC Write LAG node at addr 0x400f with id 255 and next node 0x4010 0x00ff_04010c00ff0400fc
2025-04-10 03:29:00.314750 INFO  BF_MC Write LAG node at addr 0x4010 with id 255 and next node 0x4011 0x0000_00000000ff04011c
2025-04-10 03:29:00.314754 INFO  BF_MC Write LAG node at addr 0x4011 with id 255 and next node 0x4012 0x00ff_04012c00ff04011c
2025-04-10 03:29:00.314758 INFO  BF_MC Write LAG node at addr 0x4012 with id 255 and next node 0x4013 0x0000_00000000ff04013c
2025-04-10 03:29:00.314763 INFO  BF_MC Write LAG node at addr 0x4013 with id 255 and next node 0x4014 0x00ff_04014c00ff04013c
2025-04-10 03:29:00.314767 INFO  BF_MC Write LAG node at addr 0x4014 with id 255 and next node 0x4015 0x0000_00000000ff04015c
2025-04-10 03:29:00.314779 INFO  BF_MC Write LAG node at addr 0x4015 with id 255 and next node 0x4016 0x00ff_04016c00ff04015c
2025-04-10 03:29:00.314783 INFO  BF_MC Write LAG node at addr 0x4016 with id 255 and next node 0x4017 0x0000_00000000ff04017c
2025-04-10 03:29:00.314788 INFO  BF_MC Write LAG node at addr 0x4017 with id 255 and next node 0x4018 0x00ff_04018c00ff04017c
2025-04-10 03:29:00.314792 INFO  BF_MC Write LAG node at addr 0x4018 with id 255 and next node 0x4019 0x0000_00000000ff04019c
2025-04-10 03:29:00.314795 INFO  BF_MC Write LAG node at addr 0x4019 with id 255 and next node 0x401a 0x00ff_0401ac00ff04019c
2025-04-10 03:29:00.314799 INFO  BF_MC Write LAG node at addr 0x401a with id 255 and next node 0x401b 0x0000_00000000ff0401bc
2025-04-10 03:29:00.314804 INFO  BF_MC Write LAG node at addr 0x401b with id 255 and next node 0x401c 0x00ff_0401cc00ff0401bc
2025-04-10 03:29:00.314808 INFO  BF_MC Write LAG node at addr 0x401c with id 255 and next node 0x401d 0x0000_00000000ff0401dc
2025-04-10 03:29:00.314812 INFO  BF_MC Write LAG node at addr 0x401d with id 255 and next node 0x401e 0x00ff_0401ec00ff0401dc
2025-04-10 03:29:00.314816 INFO  BF_MC Write LAG node at addr 0x401e with id 255 and next node 0x401f 0x0000_00000000ff0401fc
2025-04-10 03:29:00.314820 INFO  BF_MC Write LAG node at addr 0x401f with id 255 and next node 0x4020 0x00ff_04020c00ff0401fc
2025-04-10 03:29:00.314824 INFO  BF_MC Write LAG node at addr 0x4020 with id 255 and next node 0x4021 0x0000_00000000ff04021c
2025-04-10 03:29:00.314828 INFO  BF_MC Write LAG node at addr 0x4021 with id 255 and next node 0x4022 0x00ff_04022c00ff04021c
2025-04-10 03:29:00.314832 INFO  BF_MC Write LAG node at addr 0x4022 with id 255 and next node 0x4023 0x0000_00000000ff04023c
2025-04-10 03:29:00.314836 INFO  BF_MC Write LAG node at addr 0x4023 with id 255 and next node 0x4024 0x00ff_04024c00ff04023c
2025-04-10 03:29:00.314840 INFO  BF_MC Write LAG node at addr 0x4024 with id 255 and next node 0x4025 0x0000_00000000ff04025c
2025-04-10 03:29:00.314844 INFO  BF_MC Write LAG node at addr 0x4025 with id 255 and next node 0x4026 0x00ff_04026c00ff04025c
2025-04-10 03:29:00.314848 INFO  BF_MC Write LAG node at addr 0x4026 with id 255 and next node 0x4027 0x0000_00000000ff04027c
2025-04-10 03:29:00.314853 INFO  BF_MC Write LAG node at addr 0x4027 with id 255 and next node 0x4028 0x00ff_04028c00ff04027c
2025-04-10 03:29:00.314856 INFO  BF_MC Write LAG node at addr 0x4028 with id 255 and next node 0x4029 0x0000_00000000ff04029c
2025-04-10 03:29:00.314860 INFO  BF_MC Write LAG node at addr 0x4029 with id 255 and next node 0x402a 0x00ff_0402ac00ff04029c
2025-04-10 03:29:00.314864 INFO  BF_MC Write LAG node at addr 0x402a with id 255 and next node 0x402b 0x0000_00000000ff0402bc
2025-04-10 03:29:00.314869 INFO  BF_MC Write LAG node at addr 0x402b with id 255 and next node 0x402c 0x00ff_0402cc00ff0402bc
2025-04-10 03:29:00.314873 INFO  BF_MC Write LAG node at addr 0x402c with id 255 and next node 0x402d 0x0000_00000000ff0402dc
2025-04-10 03:29:00.314876 INFO  BF_MC Write LAG node at addr 0x402d with id 255 and next node 0x402e 0x00ff_0402ec00ff0402dc
2025-04-10 03:29:00.314880 INFO  BF_MC Write LAG node at addr 0x402e with id 255 and next node 0x402f 0x0000_00000000ff0402fc
2025-04-10 03:29:00.314885 INFO  BF_MC Write LAG node at addr 0x402f with id 255 and next node 0x4030 0x00ff_04030c00ff0402fc
2025-04-10 03:29:00.314889 INFO  BF_MC Write LAG node at addr 0x4030 with id 255 and next node 0x4031 0x0000_00000000ff04031c
2025-04-10 03:29:00.314893 INFO  BF_MC Write LAG node at addr 0x4031 with id 255 and next node 0x4032 0x00ff_04032c00ff04031c
2025-04-10 03:29:00.314897 INFO  BF_MC Write LAG node at addr 0x4032 with id 255 and next node 0x4033 0x0000_00000000ff04033c
2025-04-10 03:29:00.314902 INFO  BF_MC Write LAG node at addr 0x4033 with id 255 and next node 0x4034 0x00ff_04034c00ff04033c
2025-04-10 03:29:00.314905 INFO  BF_MC Write LAG node at addr 0x4034 with id 255 and next node 0x4035 0x0000_00000000ff04035c
2025-04-10 03:29:00.314913 INFO  BF_MC Write LAG node at addr 0x4035 with id 255 and next node 0x4036 0x00ff_04036c00ff04035c
2025-04-10 03:29:00.314917 INFO  BF_MC Write LAG node at addr 0x4036 with id 255 and next node 0x4037 0x0000_00000000ff04037c
2025-04-10 03:29:00.314921 INFO  BF_MC Write LAG node at addr 0x4037 with id 255 and next node 0x4038 0x00ff_04038c00ff04037c
2025-04-10 03:29:00.314925 INFO  BF_MC Write LAG node at addr 0x4038 with id 255 and next node 0x4039 0x0000_00000000ff04039c
2025-04-10 03:29:00.314929 INFO  BF_MC Write LAG node at addr 0x4039 with id 255 and next node 0x403a 0x00ff_0403ac00ff04039c
2025-04-10 03:29:00.314933 INFO  BF_MC Write LAG node at addr 0x403a with id 255 and next node 0x403b 0x0000_00000000ff0403bc
2025-04-10 03:29:00.314937 INFO  BF_MC Write LAG node at addr 0x403b with id 255 and next node 0x403c 0x00ff_0403cc00ff0403bc
2025-04-10 03:29:00.314941 INFO  BF_MC Write LAG node at addr 0x403c with id 255 and next node 0x403d 0x0000_00000000ff0403dc
2025-04-10 03:29:00.314945 INFO  BF_MC Write LAG node at addr 0x403d with id 255 and next node 0x403e 0x00ff_0403ec00ff0403dc
2025-04-10 03:29:00.314949 INFO  BF_MC Write LAG node at addr 0x403e with id 255 and next node 0x403f 0x0000_00000000ff0403fc
2025-04-10 03:29:00.314954 INFO  BF_MC Write LAG node at addr 0x403f with id 255 and next node 0x4040 0x00ff_04040c00ff0403fc
2025-04-10 03:29:00.314957 INFO  BF_MC Write LAG node at addr 0x4040 with id 255 and next node 0x4041 0x0000_00000000ff04041c
2025-04-10 03:29:00.314961 INFO  BF_MC Write LAG node at addr 0x4041 with id 255 and next node 0x4042 0x00ff_04042c00ff04041c
2025-04-10 03:29:00.314965 INFO  BF_MC Write LAG node at addr 0x4042 with id 255 and next node 0x4043 0x0000_00000000ff04043c
2025-04-10 03:29:00.314970 INFO  BF_MC Write LAG node at addr 0x4043 with id 255 and next node 0x4044 0x00ff_04044c00ff04043c
2025-04-10 03:29:00.314974 INFO  BF_MC Write LAG node at addr 0x4044 with id 255 and next node 0x4045 0x0000_00000000ff04045c
2025-04-10 03:29:00.314978 INFO  BF_MC Write LAG node at addr 0x4045 with id 255 and next node 0x4046 0x00ff_04046c00ff04045c
2025-04-10 03:29:00.314981 INFO  BF_MC Write LAG node at addr 0x4046 with id 255 and next node 0x4047 0x0000_00000000ff04047c
2025-04-10 03:29:00.314986 INFO  BF_MC Write LAG node at addr 0x4047 with id 255 and next node 0x4048 0x00ff_04048c00ff04047c
2025-04-10 03:29:00.314990 INFO  BF_MC Write LAG node at addr 0x4048 with id 255 and next node 0x4049 0x0000_00000000ff04049c
2025-04-10 03:29:00.314994 INFO  BF_MC Write LAG node at addr 0x4049 with id 255 and next node 0x404a 0x00ff_0404ac00ff04049c
2025-04-10 03:29:00.314998 INFO  BF_MC Write LAG node at addr 0x404a with id 255 and next node 0x404b 0x0000_00000000ff0404bc
2025-04-10 03:29:00.315002 INFO  BF_MC Write LAG node at addr 0x404b with id 255 and next node 0x404c 0x00ff_0404cc00ff0404bc
2025-04-10 03:29:00.315006 INFO  BF_MC Write LAG node at addr 0x404c with id 255 and next node 0x404d 0x0000_00000000ff0404dc
2025-04-10 03:29:00.315010 INFO  BF_MC Write LAG node at addr 0x404d with id 255 and next node 0x404e 0x00ff_0404ec00ff0404dc
2025-04-10 03:29:00.315014 INFO  BF_MC Write LAG node at addr 0x404e with id 255 and next node 0x404f 0x0000_00000000ff0404fc
2025-04-10 03:29:00.315019 INFO  BF_MC Write LAG node at addr 0x404f with id 255 and next node 0x4050 0x00ff_04050c00ff0404fc
2025-04-10 03:29:00.315023 INFO  BF_MC Write LAG node at addr 0x4050 with id 255 and next node 0x4051 0x0000_00000000ff04051c
2025-04-10 03:29:00.315027 INFO  BF_MC Write LAG node at addr 0x4051 with id 255 and next node 0x4052 0x00ff_04052c00ff04051c
2025-04-10 03:29:00.315031 INFO  BF_MC Write LAG node at addr 0x4052 with id 255 and next node 0x4053 0x0000_00000000ff04053c
2025-04-10 03:29:00.315035 INFO  BF_MC Write LAG node at addr 0x4053 with id 255 and next node 0x4054 0x00ff_04054c00ff04053c
2025-04-10 03:29:00.315039 INFO  BF_MC Write LAG node at addr 0x4054 with id 255 and next node 0x4055 0x0000_00000000ff04055c
2025-04-10 03:29:00.315043 INFO  BF_MC Write LAG node at addr 0x4055 with id 255 and next node 0x4056 0x00ff_04056c00ff04055c
2025-04-10 03:29:00.315049 INFO  BF_MC Write LAG node at addr 0x4056 with id 255 and next node 0x4057 0x0000_00000000ff04057c
2025-04-10 03:29:00.315054 INFO  BF_MC Write LAG node at addr 0x4057 with id 255 and next node 0x4058 0x00ff_04058c00ff04057c
2025-04-10 03:29:00.315057 INFO  BF_MC Write LAG node at addr 0x4058 with id 255 and next node 0x4059 0x0000_00000000ff04059c
2025-04-10 03:29:00.315061 INFO  BF_MC Write LAG node at addr 0x4059 with id 255 and next node 0x405a 0x00ff_0405ac00ff04059c
2025-04-10 03:29:00.315065 INFO  BF_MC Write LAG node at addr 0x405a with id 255 and next node 0x405b 0x0000_00000000ff0405bc
2025-04-10 03:29:00.315070 INFO  BF_MC Write LAG node at addr 0x405b with id 255 and next node 0x405c 0x00ff_0405cc00ff0405bc
2025-04-10 03:29:00.315074 INFO  BF_MC Write LAG node at addr 0x405c with id 255 and next node 0x405d 0x0000_00000000ff0405dc
2025-04-10 03:29:00.315077 INFO  BF_MC Write LAG node at addr 0x405d with id 255 and next node 0x405e 0x00ff_0405ec00ff0405dc
2025-04-10 03:29:00.315081 INFO  BF_MC Write LAG node at addr 0x405e with id 255 and next node 0x405f 0x0000_00000000ff0405fc
2025-04-10 03:29:00.315086 INFO  BF_MC Write LAG node at addr 0x405f with id 255 and next node 0x4060 0x00ff_04060c00ff0405fc
2025-04-10 03:29:00.315090 INFO  BF_MC Write LAG node at addr 0x4060 with id 255 and next node 0x4061 0x0000_00000000ff04061c
2025-04-10 03:29:00.315094 INFO  BF_MC Write LAG node at addr 0x4061 with id 255 and next node 0x4062 0x00ff_04062c00ff04061c
2025-04-10 03:29:00.315102 INFO  BF_MC Write LAG node at addr 0x4062 with id 255 and next node 0x4063 0x0000_00000000ff04063c
2025-04-10 03:29:00.315107 INFO  BF_MC Write LAG node at addr 0x4063 with id 255 and next node 0x4064 0x00ff_04064c00ff04063c
2025-04-10 03:29:00.315111 INFO  BF_MC Write LAG node at addr 0x4064 with id 255 and next node 0x4065 0x0000_00000000ff04065c
2025-04-10 03:29:00.315115 INFO  BF_MC Write LAG node at addr 0x4065 with id 255 and next node 0x4066 0x00ff_04066c00ff04065c
2025-04-10 03:29:00.315119 INFO  BF_MC Write LAG node at addr 0x4066 with id 255 and next node 0x4067 0x0000_00000000ff04067c
2025-04-10 03:29:00.315123 INFO  BF_MC Write LAG node at addr 0x4067 with id 255 and next node 0x4068 0x00ff_04068c00ff04067c
2025-04-10 03:29:00.315127 INFO  BF_MC Write LAG node at addr 0x4068 with id 255 and next node 0x4069 0x0000_00000000ff04069c
2025-04-10 03:29:00.315131 INFO  BF_MC Write LAG node at addr 0x4069 with id 255 and next node 0x406a 0x00ff_0406ac00ff04069c
2025-04-10 03:29:00.315135 INFO  BF_MC Write LAG node at addr 0x406a with id 255 and next node 0x406b 0x0000_00000000ff0406bc
2025-04-10 03:29:00.315140 INFO  BF_MC Write LAG node at addr 0x406b with id 255 and next node 0x406c 0x00ff_0406cc00ff0406bc
2025-04-10 03:29:00.315143 INFO  BF_MC Write LAG node at addr 0x406c with id 255 and next node 0x406d 0x0000_00000000ff0406dc
2025-04-10 03:29:00.315147 INFO  BF_MC Write LAG node at addr 0x406d with id 255 and next node 0x406e 0x00ff_0406ec00ff0406dc
2025-04-10 03:29:00.315151 INFO  BF_MC Write LAG node at addr 0x406e with id 255 and next node 0x406f 0x0000_00000000ff0406fc
2025-04-10 03:29:00.315156 INFO  BF_MC Write LAG node at addr 0x406f with id 255 and next node 0x4070 0x00ff_04070c00ff0406fc
2025-04-10 03:29:00.315160 INFO  BF_MC Write LAG node at addr 0x4070 with id 255 and next node 0x4071 0x0000_00000000ff04071c
2025-04-10 03:29:00.315158 DEBUG BF_PLTFM QSFP     8 : LPMODE = true
2025-04-10 03:29:00.315164 INFO  BF_MC Write LAG node at addr 0x4071 with id 255 and next node 0x4072 0x00ff_04072c00ff04071c
2025-04-10 03:29:00.315170 INFO  BF_MC Write LAG node at addr 0x4072 with id 255 and next node 0x4073 0x0000_00000000ff04073c
2025-04-10 03:29:00.315174 INFO  BF_MC Write LAG node at addr 0x4073 with id 255 and next node 0x4074 0x00ff_04074c00ff04073c
2025-04-10 03:29:00.315178 INFO  BF_MC Write LAG node at addr 0x4074 with id 255 and next node 0x4075 0x0000_00000000ff04075c
2025-04-10 03:29:00.315182 INFO  BF_MC Write LAG node at addr 0x4075 with id 255 and next node 0x4076 0x00ff_04076c00ff04075c
2025-04-10 03:29:00.315188 INFO  BF_MC Write LAG node at addr 0x4076 with id 255 and next node 0x4077 0x0000_00000000ff04077c
2025-04-10 03:29:00.315192 INFO  BF_MC Write LAG node at addr 0x4077 with id 255 and next node 0x4078 0x00ff_04078c00ff04077c
2025-04-10 03:29:00.315196 INFO  BF_MC Write LAG node at addr 0x4078 with id 255 and next node 0x4079 0x0000_00000000ff04079c
2025-04-10 03:29:00.315200 INFO  BF_MC Write LAG node at addr 0x4079 with id 255 and next node 0x407a 0x00ff_0407ac00ff04079c
2025-04-10 03:29:00.315205 INFO  BF_MC Write LAG node at addr 0x407a with id 255 and next node 0x407b 0x0000_00000000ff0407bc
2025-04-10 03:29:00.315209 INFO  BF_MC Write LAG node at addr 0x407b with id 255 and next node 0x407c 0x00ff_0407cc00ff0407bc
2025-04-10 03:29:00.315212 INFO  BF_MC Write LAG node at addr 0x407c with id 255 and next node 0x407d 0x0000_00000000ff0407dc
2025-04-10 03:29:00.315216 INFO  BF_MC Write LAG node at addr 0x407d with id 255 and next node 0x407e 0x00ff_0407ec00ff0407dc
2025-04-10 03:29:00.315221 INFO  BF_MC Write LAG node at addr 0x407e with id 255 and next node 0x407f 0x0000_00000000ff0407fc
2025-04-10 03:29:00.315225 INFO  BF_MC Write LAG node at addr 0x407f with id 255 and next node 0x4080 0x00ff_04080c00ff0407fc
2025-04-10 03:29:00.315229 INFO  BF_MC Write LAG node at addr 0x4080 with id 255 and next node 0x4081 0x0000_00000000ff04081c
2025-04-10 03:29:00.315233 INFO  BF_MC Write LAG node at addr 0x4081 with id 255 and next node 0x4082 0x00ff_04082c00ff04081c
2025-04-10 03:29:00.315238 INFO  BF_MC Write LAG node at addr 0x4082 with id 255 and next node 0x4083 0x0000_00000000ff04083c
2025-04-10 03:29:00.315242 INFO  BF_MC Write LAG node at addr 0x4083 with id 255 and next node 0x4084 0x00ff_04084c00ff04083c
2025-04-10 03:29:00.315245 INFO  BF_MC Write LAG node at addr 0x4084 with id 255 and next node 0x4085 0x0000_00000000ff04085c
2025-04-10 03:29:00.315249 INFO  BF_MC Write LAG node at addr 0x4085 with id 255 and next node 0x4086 0x00ff_04086c00ff04085c
2025-04-10 03:29:00.315254 INFO  BF_MC Write LAG node at addr 0x4086 with id 255 and next node 0x4087 0x0000_00000000ff04087c
2025-04-10 03:29:00.315258 INFO  BF_MC Write LAG node at addr 0x4087 with id 255 and next node 0x4088 0x00ff_04088c00ff04087c
2025-04-10 03:29:00.315261 INFO  BF_MC Write LAG node at addr 0x4088 with id 255 and next node 0x4089 0x0000_00000000ff04089c
2025-04-10 03:29:00.315265 INFO  BF_MC Write LAG node at addr 0x4089 with id 255 and next node 0x408a 0x00ff_0408ac00ff04089c
2025-04-10 03:29:00.315270 INFO  BF_MC Write LAG node at addr 0x408a with id 255 and next node 0x408b 0x0000_00000000ff0408bc
2025-04-10 03:29:00.315274 INFO  BF_MC Write LAG node at addr 0x408b with id 255 and next node 0x408c 0x00ff_0408cc00ff0408bc
2025-04-10 03:29:00.315277 INFO  BF_MC Write LAG node at addr 0x408c with id 255 and next node 0x408d 0x0000_00000000ff0408dc
2025-04-10 03:29:00.315281 INFO  BF_MC Write LAG node at addr 0x408d with id 255 and next node 0x408e 0x00ff_0408ec00ff0408dc
2025-04-10 03:29:00.315286 INFO  BF_MC Write LAG node at addr 0x408e with id 255 and next node 0x408f 0x0000_00000000ff0408fc
2025-04-10 03:29:00.315290 INFO  BF_MC Write LAG node at addr 0x408f with id 255 and next node 0x4090 0x00ff_04090c00ff0408fc
2025-04-10 03:29:00.315294 INFO  BF_MC Write LAG node at addr 0x4090 with id 255 and next node 0x4091 0x0000_00000000ff04091c
2025-04-10 03:29:00.315297 INFO  BF_MC Write LAG node at addr 0x4091 with id 255 and next node 0x4092 0x00ff_04092c00ff04091c
2025-04-10 03:29:00.315302 INFO  BF_MC Write LAG node at addr 0x4092 with id 255 and next node 0x4093 0x0000_00000000ff04093c
2025-04-10 03:29:00.315306 INFO  BF_MC Write LAG node at addr 0x4093 with id 255 and next node 0x4094 0x00ff_04094c00ff04093c
2025-04-10 03:29:00.315310 INFO  BF_MC Write LAG node at addr 0x4094 with id 255 and next node 0x4095 0x0000_00000000ff04095c
2025-04-10 03:29:00.315314 INFO  BF_MC Write LAG node at addr 0x4095 with id 255 and next node 0x4096 0x00ff_04096c00ff04095c
2025-04-10 03:29:00.315320 INFO  BF_MC Write LAG node at addr 0x4096 with id 255 and next node 0x4097 0x0000_00000000ff04097c
2025-04-10 03:29:00.315324 INFO  BF_MC Write LAG node at addr 0x4097 with id 255 and next node 0x4098 0x00ff_04098c00ff04097c
2025-04-10 03:29:00.315328 INFO  BF_MC Write LAG node at addr 0x4098 with id 255 and next node 0x4099 0x0000_00000000ff04099c
2025-04-10 03:29:00.315332 INFO  BF_MC Write LAG node at addr 0x4099 with id 255 and next node 0x409a 0x00ff_0409ac00ff04099c
2025-04-10 03:29:00.315336 INFO  BF_MC Write LAG node at addr 0x409a with id 255 and next node 0x409b 0x0000_00000000ff0409bc
2025-04-10 03:29:00.315340 INFO  BF_MC Write LAG node at addr 0x409b with id 255 and next node 0x409c 0x00ff_0409cc00ff0409bc
2025-04-10 03:29:00.315344 INFO  BF_MC Write LAG node at addr 0x409c with id 255 and next node 0x409d 0x0000_00000000ff0409dc
2025-04-10 03:29:00.315348 INFO  BF_MC Write LAG node at addr 0x409d with id 255 and next node 0x409e 0x00ff_0409ec00ff0409dc
2025-04-10 03:29:00.315352 INFO  BF_MC Write LAG node at addr 0x409e with id 255 and next node 0x409f 0x0000_00000000ff0409fc
2025-04-10 03:29:00.315356 INFO  BF_MC Write LAG node at addr 0x409f with id 255 and next node 0x40a0 0x00ff_040a0c00ff0409fc
2025-04-10 03:29:00.315360 INFO  BF_MC Write LAG node at addr 0x40a0 with id 255 and next node 0x40a1 0x0000_00000000ff040a1c
2025-04-10 03:29:00.315365 INFO  BF_MC Write LAG node at addr 0x40a1 with id 255 and next node 0x40a2 0x00ff_040a2c00ff040a1c
2025-04-10 03:29:00.315369 INFO  BF_MC Write LAG node at addr 0x40a2 with id 255 and next node 0x40a3 0x0000_00000000ff040a3c
2025-04-10 03:29:00.315373 INFO  BF_MC Write LAG node at addr 0x40a3 with id 255 and next node 0x40a4 0x00ff_040a4c00ff040a3c
2025-04-10 03:29:00.315377 INFO  BF_MC Write LAG node at addr 0x40a4 with id 255 and next node 0x40a5 0x0000_00000000ff040a5c
2025-04-10 03:29:00.315381 INFO  BF_MC Write LAG node at addr 0x40a5 with id 255 and next node 0x40a6 0x00ff_040a6c00ff040a5c
2025-04-10 03:29:00.315386 INFO  BF_MC Write LAG node at addr 0x40a6 with id 255 and next node 0x40a7 0x0000_00000000ff040a7c
2025-04-10 03:29:00.315390 INFO  BF_MC Write LAG node at addr 0x40a7 with id 255 and next node 0x40a8 0x00ff_040a8c00ff040a7c
2025-04-10 03:29:00.315393 INFO  BF_MC Write LAG node at addr 0x40a8 with id 255 and next node 0x40a9 0x0000_00000000ff040a9c
2025-04-10 03:29:00.315397 INFO  BF_MC Write LAG node at addr 0x40a9 with id 255 and next node 0x40aa 0x00ff_040aac00ff040a9c
2025-04-10 03:29:00.315402 INFO  BF_MC Write LAG node at addr 0x40aa with id 255 and next node 0x40ab 0x0000_00000000ff040abc
2025-04-10 03:29:00.315406 INFO  BF_MC Write LAG node at addr 0x40ab with id 255 and next node 0x40ac 0x00ff_040acc00ff040abc
2025-04-10 03:29:00.315410 INFO  BF_MC Write LAG node at addr 0x40ac with id 255 and next node 0x40ad 0x0000_00000000ff040adc
2025-04-10 03:29:00.315413 INFO  BF_MC Write LAG node at addr 0x40ad with id 255 and next node 0x40ae 0x00ff_040aec00ff040adc
2025-04-10 03:29:00.315418 INFO  BF_MC Write LAG node at addr 0x40ae with id 255 and next node 0x40af 0x0000_00000000ff040afc
2025-04-10 03:29:00.315422 INFO  BF_MC Write LAG node at addr 0x40af with id 255 and next node 0x40b0 0x00ff_040b0c00ff040afc
2025-04-10 03:29:00.315426 INFO  BF_MC Write LAG node at addr 0x40b0 with id 255 and next node 0x40b1 0x0000_00000000ff040b1c
2025-04-10 03:29:00.315430 INFO  BF_MC Write LAG node at addr 0x40b1 with id 255 and next node 0x40b2 0x00ff_040b2c00ff040b1c
2025-04-10 03:29:00.315434 INFO  BF_MC Write LAG node at addr 0x40b2 with id 255 and next node 0x40b3 0x0000_00000000ff040b3c
2025-04-10 03:29:00.315438 INFO  BF_MC Write LAG node at addr 0x40b3 with id 255 and next node 0x40b4 0x00ff_040b4c00ff040b3c
2025-04-10 03:29:00.315442 INFO  BF_MC Write LAG node at addr 0x40b4 with id 255 and next node 0x40b5 0x0000_00000000ff040b5c
2025-04-10 03:29:00.315446 INFO  BF_MC Write LAG node at addr 0x40b5 with id 255 and next node 0x40b6 0x00ff_040b6c00ff040b5c
2025-04-10 03:29:00.315450 INFO  BF_MC Write LAG node at addr 0x40b6 with id 255 and next node 0x40b7 0x0000_00000000ff040b7c
2025-04-10 03:29:00.315456 INFO  BF_MC Write LAG node at addr 0x40b7 with id 255 and next node 0x40b8 0x00ff_040b8c00ff040b7c
2025-04-10 03:29:00.315460 INFO  BF_MC Write LAG node at addr 0x40b8 with id 255 and next node 0x40b9 0x0000_00000000ff040b9c
2025-04-10 03:29:00.315464 INFO  BF_MC Write LAG node at addr 0x40b9 with id 255 and next node 0x40ba 0x00ff_040bac00ff040b9c
2025-04-10 03:29:00.315469 INFO  BF_MC Write LAG node at addr 0x40ba with id 255 and next node 0x40bb 0x0000_00000000ff040bbc
2025-04-10 03:29:00.315473 INFO  BF_MC Write LAG node at addr 0x40bb with id 255 and next node 0x40bc 0x00ff_040bcc00ff040bbc
2025-04-10 03:29:00.315476 INFO  BF_MC Write LAG node at addr 0x40bc with id 255 and next node 0x40bd 0x0000_00000000ff040bdc
2025-04-10 03:29:00.315480 INFO  BF_MC Write LAG node at addr 0x40bd with id 255 and next node 0x40be 0x00ff_040bec00ff040bdc
2025-04-10 03:29:00.315485 INFO  BF_MC Write LAG node at addr 0x40be with id 255 and next node 0x40bf 0x0000_00000000ff040bfc
2025-04-10 03:29:00.315489 INFO  BF_MC Write LAG node at addr 0x40bf with id 255 and next node 0x40c0 0x00ff_040c0c00ff040bfc
2025-04-10 03:29:00.315492 INFO  BF_MC Write LAG node at addr 0x40c0 with id 255 and next node 0x40c1 0x0000_00000000ff040c1c
2025-04-10 03:29:00.315496 INFO  BF_MC Write LAG node at addr 0x40c1 with id 255 and next node 0x40c2 0x00ff_040c2c00ff040c1c
2025-04-10 03:29:00.315501 INFO  BF_MC Write LAG node at addr 0x40c2 with id 255 and next node 0x40c3 0x0000_00000000ff040c3c
2025-04-10 03:29:00.315505 INFO  BF_MC Write LAG node at addr 0x40c3 with id 255 and next node 0x40c4 0x00ff_040c4c00ff040c3c
2025-04-10 03:29:00.315508 INFO  BF_MC Write LAG node at addr 0x40c4 with id 255 and next node 0x40c5 0x0000_00000000ff040c5c
2025-04-10 03:29:00.315512 INFO  BF_MC Write LAG node at addr 0x40c5 with id 255 and next node 0x40c6 0x00ff_040c6c00ff040c5c
2025-04-10 03:29:00.315517 INFO  BF_MC Write LAG node at addr 0x40c6 with id 255 and next node 0x40c7 0x0000_00000000ff040c7c
2025-04-10 03:29:00.315521 INFO  BF_MC Write LAG node at addr 0x40c7 with id 255 and next node 0x40c8 0x00ff_040c8c00ff040c7c
2025-04-10 03:29:00.315524 INFO  BF_MC Write LAG node at addr 0x40c8 with id 255 and next node 0x40c9 0x0000_00000000ff040c9c
2025-04-10 03:29:00.315528 INFO  BF_MC Write LAG node at addr 0x40c9 with id 255 and next node 0x40ca 0x00ff_040cac00ff040c9c
2025-04-10 03:29:00.315533 INFO  BF_MC Write LAG node at addr 0x40ca with id 255 and next node 0x40cb 0x0000_00000000ff040cbc
2025-04-10 03:29:00.315537 INFO  BF_MC Write LAG node at addr 0x40cb with id 255 and next node 0x40cc 0x00ff_040ccc00ff040cbc
2025-04-10 03:29:00.315541 INFO  BF_MC Write LAG node at addr 0x40cc with id 255 and next node 0x40cd 0x0000_00000000ff040cdc
2025-04-10 03:29:00.315544 INFO  BF_MC Write LAG node at addr 0x40cd with id 255 and next node 0x40ce 0x00ff_040cec00ff040cdc
2025-04-10 03:29:00.315549 INFO  BF_MC Write LAG node at addr 0x40ce with id 255 and next node 0x40cf 0x0000_00000000ff040cfc
2025-04-10 03:29:00.315553 INFO  BF_MC Write LAG node at addr 0x40cf with id 255 and next node 0x40d0 0x00ff_040d0c00ff040cfc
2025-04-10 03:29:00.315557 INFO  BF_MC Write LAG node at addr 0x40d0 with id 255 and next node 0x40d1 0x0000_00000000ff040d1c
2025-04-10 03:29:00.315561 INFO  BF_MC Write LAG node at addr 0x40d1 with id 255 and next node 0x40d2 0x00ff_040d2c00ff040d1c
2025-04-10 03:29:00.315565 INFO  BF_MC Write LAG node at addr 0x40d2 with id 255 and next node 0x40d3 0x0000_00000000ff040d3c
2025-04-10 03:29:00.315569 INFO  BF_MC Write LAG node at addr 0x40d3 with id 255 and next node 0x40d4 0x00ff_040d4c00ff040d3c
2025-04-10 03:29:00.315573 INFO  BF_MC Write LAG node at addr 0x40d4 with id 255 and next node 0x40d5 0x0000_00000000ff040d5c
2025-04-10 03:29:00.315577 INFO  BF_MC Write LAG node at addr 0x40d5 with id 255 and next node 0x40d6 0x00ff_040d6c00ff040d5c
2025-04-10 03:29:00.315582 INFO  BF_MC Write LAG node at addr 0x40d6 with id 255 and next node 0x40d7 0x0000_00000000ff040d7c
2025-04-10 03:29:00.315587 INFO  BF_MC Write LAG node at addr 0x40d7 with id 255 and next node 0x40d8 0x00ff_040d8c00ff040d7c
2025-04-10 03:29:00.315591 INFO  BF_MC Write LAG node at addr 0x40d8 with id 255 and next node 0x40d9 0x0000_00000000ff040d9c
2025-04-10 03:29:00.315595 INFO  BF_MC Write LAG node at addr 0x40d9 with id 255 and next node 0x40da 0x00ff_040dac00ff040d9c
2025-04-10 03:29:00.315600 INFO  BF_MC Write LAG node at addr 0x40da with id 255 and next node 0x40db 0x0000_00000000ff040dbc
2025-04-10 03:29:00.315604 INFO  BF_MC Write LAG node at addr 0x40db with id 255 and next node 0x40dc 0x00ff_040dcc00ff040dbc
2025-04-10 03:29:00.315608 INFO  BF_MC Write LAG node at addr 0x40dc with id 255 and next node 0x40dd 0x0000_00000000ff040ddc
2025-04-10 03:29:00.315611 INFO  BF_MC Write LAG node at addr 0x40dd with id 255 and next node 0x40de 0x00ff_040dec00ff040ddc
2025-04-10 03:29:00.315616 INFO  BF_MC Write LAG node at addr 0x40de with id 255 and next node 0x40df 0x0000_00000000ff040dfc
2025-04-10 03:29:00.315620 INFO  BF_MC Write LAG node at addr 0x40df with id 255 and next node 0x40e0 0x00ff_040e0c00ff040dfc
2025-04-10 03:29:00.315623 INFO  BF_MC Write LAG node at addr 0x40e0 with id 255 and next node 0x40e1 0x0000_00000000ff040e1c
2025-04-10 03:29:00.315627 INFO  BF_MC Write LAG node at addr 0x40e1 with id 255 and next node 0x40e2 0x00ff_040e2c00ff040e1c
2025-04-10 03:29:00.315632 INFO  BF_MC Write LAG node at addr 0x40e2 with id 255 and next node 0x40e3 0x0000_00000000ff040e3c
2025-04-10 03:29:00.315636 INFO  BF_MC Write LAG node at addr 0x40e3 with id 255 and next node 0x40e4 0x00ff_040e4c00ff040e3c
2025-04-10 03:29:00.315640 INFO  BF_MC Write LAG node at addr 0x40e4 with id 255 and next node 0x40e5 0x0000_00000000ff040e5c
2025-04-10 03:29:00.315643 INFO  BF_MC Write LAG node at addr 0x40e5 with id 255 and next node 0x40e6 0x00ff_040e6c00ff040e5c
2025-04-10 03:29:00.315648 INFO  BF_MC Write LAG node at addr 0x40e6 with id 255 and next node 0x40e7 0x0000_00000000ff040e7c
2025-04-10 03:29:00.315652 INFO  BF_MC Write LAG node at addr 0x40e7 with id 255 and next node 0x40e8 0x00ff_040e8c00ff040e7c
2025-04-10 03:29:00.315656 INFO  BF_MC Write LAG node at addr 0x40e8 with id 255 and next node 0x40e9 0x0000_00000000ff040e9c
2025-04-10 03:29:00.315659 INFO  BF_MC Write LAG node at addr 0x40e9 with id 255 and next node 0x40ea 0x00ff_040eac00ff040e9c
2025-04-10 03:29:00.315664 INFO  BF_MC Write LAG node at addr 0x40ea with id 255 and next node 0x40eb 0x0000_00000000ff040ebc
2025-04-10 03:29:00.315668 INFO  BF_MC Write LAG node at addr 0x40eb with id 255 and next node 0x40ec 0x00ff_040ecc00ff040ebc
2025-04-10 03:29:00.315672 INFO  BF_MC Write LAG node at addr 0x40ec with id 255 and next node 0x40ed 0x0000_00000000ff040edc
2025-04-10 03:29:00.315676 INFO  BF_MC Write LAG node at addr 0x40ed with id 255 and next node 0x40ee 0x00ff_040eec00ff040edc
2025-04-10 03:29:00.315681 INFO  BF_MC Write LAG node at addr 0x40ee with id 255 and next node 0x40ef 0x0000_00000000ff040efc
2025-04-10 03:29:00.315685 INFO  BF_MC Write LAG node at addr 0x40ef with id 255 and next node 0x40f0 0x00ff_040f0c00ff040efc
2025-04-10 03:29:00.315689 INFO  BF_MC Write LAG node at addr 0x40f0 with id 255 and next node 0x40f1 0x0000_00000000ff040f1c
2025-04-10 03:29:00.315693 INFO  BF_MC Write LAG node at addr 0x40f1 with id 255 and next node 0x40f2 0x00ff_040f2c00ff040f1c
2025-04-10 03:29:00.315697 INFO  BF_MC Write LAG node at addr 0x40f2 with id 255 and next node 0x40f3 0x0000_00000000ff040f3c
2025-04-10 03:29:00.315701 INFO  BF_MC Write LAG node at addr 0x40f3 with id 255 and next node 0x40f4 0x00ff_040f4c00ff040f3c
2025-04-10 03:29:00.315705 INFO  BF_MC Write LAG node at addr 0x40f4 with id 255 and next node 0x40f5 0x0000_00000000ff040f5c
2025-04-10 03:29:00.315709 INFO  BF_MC Write LAG node at addr 0x40f5 with id 255 and next node 0x40f6 0x00ff_040f6c00ff040f5c
2025-04-10 03:29:00.315713 INFO  BF_MC Write LAG node at addr 0x40f6 with id 255 and next node 0x40f7 0x0000_00000000ff040f7c
2025-04-10 03:29:00.315717 INFO  BF_MC Write LAG node at addr 0x40f7 with id 255 and next node 0x40f8 0x00ff_040f8c00ff040f7c
2025-04-10 03:29:00.315723 INFO  BF_MC Write LAG node at addr 0x40f8 with id 255 and next node 0x40f9 0x0000_00000000ff040f9c
2025-04-10 03:29:00.315727 INFO  BF_MC Write LAG node at addr 0x40f9 with id 255 and next node 0x40fa 0x00ff_040fac00ff040f9c
2025-04-10 03:29:00.315731 INFO  BF_MC Write LAG node at addr 0x40fa with id 255 and next node 0x40fb 0x0000_00000000ff040fbc
2025-04-10 03:29:00.315735 INFO  BF_MC Write LAG node at addr 0x40fb with id 255 and next node 0x40fc 0x00ff_040fcc00ff040fbc
2025-04-10 03:29:00.315739 INFO  BF_MC Write LAG node at addr 0x40fc with id 255 and next node 0x40fd 0x0000_00000000ff040fdc
2025-04-10 03:29:00.315743 INFO  BF_MC Write LAG node at addr 0x40fd with id 255 and next node 0x40fe 0x00ff_040fec00ff040fdc
2025-04-10 03:29:00.315747 INFO  BF_MC Write LAG node at addr 0x40fe with id 255 and next node 0x40ff 0x0000_00000000ff040ffc
2025-04-10 03:29:00.315751 INFO  BF_MC Write LAG node at addr 0x40ff with id 255 and next node 0x4100 0x00ff_04100c00ff040ffc
2025-04-10 03:29:00.315755 INFO  BF_MC Write LAG node at addr 0x4100 with id 255 and next node 0x4101 0x0000_00000000ff04101c
2025-04-10 03:29:00.315759 INFO  BF_MC Write LAG node at addr 0x4101 with id 255 and next node 0x4102 0x00ff_04102c00ff04101c
2025-04-10 03:29:00.315763 INFO  BF_MC Write LAG node at addr 0x4102 with id 255 and next node 0x4103 0x0000_00000000ff04103c
2025-04-10 03:29:00.315767 INFO  BF_MC Write LAG node at addr 0x4103 with id 255 and next node 0 0x00ff_00000c00ff04103c
2025-04-10 03:29:00.315772 INFO  BF_MC Allocated RDM addresses 0x20 - 0x3f
2025-04-10 03:29:00.315776 INFO  BF_MC Write L1End node at addr 0x20, rid 0, l2 0x4101
2025-04-10 03:29:00.315781 INFO  BF_MC Write L1End node at addr 0x21, rid 0, l2 0x4100
2025-04-10 03:29:00.315785 INFO  BF_MC Write L1End node at addr 0x22, rid 0, l2 0x40ff
2025-04-10 03:29:00.315789 INFO  BF_MC Write L1End node at addr 0x23, rid 0, l2 0x40fe
2025-04-10 03:29:00.315793 INFO  BF_MC Write L1End node at addr 0x24, rid 0, l2 0x40fd
2025-04-10 03:29:00.315797 INFO  BF_MC Write L1End node at addr 0x25, rid 0, l2 0x40fc
2025-04-10 03:29:00.315801 INFO  BF_MC Write L1End node at addr 0x26, rid 0, l2 0x40fb
2025-04-10 03:29:00.315804 INFO  BF_MC Write L1End node at addr 0x27, rid 0, l2 0x40fa
2025-04-10 03:29:00.315808 INFO  BF_MC Write L1End node at addr 0x28, rid 0, l2 0x40f8
2025-04-10 03:29:00.315812 INFO  BF_MC Write L1End node at addr 0x29, rid 0, l2 0x40f6
2025-04-10 03:29:00.315816 INFO  BF_MC Write L1End node at addr 0x2a, rid 0, l2 0x40f4
2025-04-10 03:29:00.315820 INFO  BF_MC Write L1End node at addr 0x2b, rid 0, l2 0x40f2
2025-04-10 03:29:00.315824 INFO  BF_MC Write L1End node at addr 0x2c, rid 0, l2 0x40f0
2025-04-10 03:29:00.315828 INFO  BF_MC Write L1End node at addr 0x2d, rid 0, l2 0x40ee
2025-04-10 03:29:00.315832 INFO  BF_MC Write L1End node at addr 0x2e, rid 0, l2 0x40ec
2025-04-10 03:29:00.315835 INFO  BF_MC Write L1End node at addr 0x2f, rid 0, l2 0x40ea
2025-04-10 03:29:00.315839 INFO  BF_MC Write L1End node at addr 0x30, rid 0, l2 0x40e8
2025-04-10 03:29:00.315843 INFO  BF_MC Write L1End node at addr 0x31, rid 0, l2 0x40e6
2025-04-10 03:29:00.315847 INFO  BF_MC Write L1End node at addr 0x32, rid 0, l2 0x40e4
2025-04-10 03:29:00.315851 INFO  BF_MC Write L1End node at addr 0x33, rid 0, l2 0x40e0
2025-04-10 03:29:00.315854 INFO  BF_MC Write L1End node at addr 0x34, rid 0, l2 0x40dc
2025-04-10 03:29:00.315859 INFO  BF_MC Write L1End node at addr 0x35, rid 0, l2 0x40d8
2025-04-10 03:29:00.315862 INFO  BF_MC Write L1End node at addr 0x36, rid 0, l2 0x40d4
2025-04-10 03:29:00.315866 INFO  BF_MC Write L1End node at addr 0x37, rid 0, l2 0x40cc
2025-04-10 03:29:00.315870 INFO  BF_MC Write L1End node at addr 0x38, rid 0, l2 0x40c4
2025-04-10 03:29:00.315874 INFO  BF_MC Write L1End node at addr 0x39, rid 0, l2 0x40bc
2025-04-10 03:29:00.315878 INFO  BF_MC Write L1End node at addr 0x3a, rid 0, l2 0x40a0
2025-04-10 03:29:00.315881 INFO  BF_MC Write L1End node at addr 0x3b, rid 0, l2 0x4087
2025-04-10 03:29:00.315887 INFO  BF_MC Write L1End node at addr 0x3c, rid 0, l2 0x406e
2025-04-10 03:29:00.315892 INFO  BF_MC Write L1End node at addr 0x3d, rid 0, l2 0x4055
2025-04-10 03:29:00.315895 INFO  BF_MC Write L1End node at addr 0x3e, rid 0, l2 0x403c
2025-04-10 03:29:00.315899 INFO  BF_MC Write L1End node at addr 0x3f, rid 0, l2 0x4000
2025-04-10 03:29:00.315904 INFO  BF_MC Allocated RDM addresses 0x5000 - 0x5103
2025-04-10 03:29:00.315908 INFO  BF_MC Write LAG node at addr 0x5000 with id 255 and next node 0x5001 0x0000_00000000ff05001c
2025-04-10 03:29:00.315912 INFO  BF_MC Write LAG node at addr 0x5001 with id 255 and next node 0x5002 0x00ff_05002c00ff05001c
2025-04-10 03:29:00.315916 INFO  BF_MC Write LAG node at addr 0x5002 with id 255 and next node 0x5003 0x0000_00000000ff05003c
2025-04-10 03:29:00.315920 INFO  BF_MC Write LAG node at addr 0x5003 with id 255 and next node 0x5004 0x00ff_05004c00ff05003c
2025-04-10 03:29:00.315925 INFO  BF_MC Write LAG node at addr 0x5004 with id 255 and next node 0x5005 0x0000_00000000ff05005c
2025-04-10 03:29:00.315929 INFO  BF_MC Write LAG node at addr 0x5005 with id 255 and next node 0x5006 0x00ff_05006c00ff05005c
2025-04-10 03:29:00.315933 INFO  BF_MC Write LAG node at addr 0x5006 with id 255 and next node 0x5007 0x0000_00000000ff05007c
2025-04-10 03:29:00.315937 INFO  BF_MC Write LAG node at addr 0x5007 with id 255 and next node 0x5008 0x00ff_05008c00ff05007c
2025-04-10 03:29:00.315941 INFO  BF_MC Write LAG node at addr 0x5008 with id 255 and next node 0x5009 0x0000_00000000ff05009c
2025-04-10 03:29:00.315945 INFO  BF_MC Write LAG node at addr 0x5009 with id 255 and next node 0x500a 0x00ff_0500ac00ff05009c
2025-04-10 03:29:00.315949 INFO  BF_MC Write LAG node at addr 0x500a with id 255 and next node 0x500b 0x0000_00000000ff0500bc
2025-04-10 03:29:00.315953 INFO  BF_MC Write LAG node at addr 0x500b with id 255 and next node 0x500c 0x00ff_0500cc00ff0500bc
2025-04-10 03:29:00.315958 INFO  BF_MC Write LAG node at addr 0x500c with id 255 and next node 0x500d 0x0000_00000000ff0500dc
2025-04-10 03:29:00.315962 INFO  BF_MC Write LAG node at addr 0x500d with id 255 and next node 0x500e 0x00ff_0500ec00ff0500dc
2025-04-10 03:29:00.315965 INFO  BF_MC Write LAG node at addr 0x500e with id 255 and next node 0x500f 0x0000_00000000ff0500fc
2025-04-10 03:29:00.315969 INFO  BF_MC Write LAG node at addr 0x500f with id 255 and next node 0x5010 0x00ff_05010c00ff0500fc
2025-04-10 03:29:00.315974 INFO  BF_MC Write LAG node at addr 0x5010 with id 255 and next node 0x5011 0x0000_00000000ff05011c
2025-04-10 03:29:00.315978 INFO  BF_MC Write LAG node at addr 0x5011 with id 255 and next node 0x5012 0x00ff_05012c00ff05011c
2025-04-10 03:29:00.315982 INFO  BF_MC Write LAG node at addr 0x5012 with id 255 and next node 0x5013 0x0000_00000000ff05013c
2025-04-10 03:29:00.315986 INFO  BF_MC Write LAG node at addr 0x5013 with id 255 and next node 0x5014 0x00ff_05014c00ff05013c
2025-04-10 03:29:00.315990 INFO  BF_MC Write LAG node at addr 0x5014 with id 255 and next node 0x5015 0x0000_00000000ff05015c
2025-04-10 03:29:00.315994 INFO  BF_MC Write LAG node at addr 0x5015 with id 255 and next node 0x5016 0x00ff_05016c00ff05015c
2025-04-10 03:29:00.315998 INFO  BF_MC Write LAG node at addr 0x5016 with id 255 and next node 0x5017 0x0000_00000000ff05017c
2025-04-10 03:29:00.316002 INFO  BF_MC Write LAG node at addr 0x5017 with id 255 and next node 0x5018 0x00ff_05018c00ff05017c
2025-04-10 03:29:00.316006 INFO  BF_MC Write LAG node at addr 0x5018 with id 255 and next node 0x5019 0x0000_00000000ff05019c
2025-04-10 03:29:00.316010 INFO  BF_MC Write LAG node at addr 0x5019 with id 255 and next node 0x501a 0x00ff_0501ac00ff05019c
2025-04-10 03:29:00.316014 INFO  BF_MC Write LAG node at addr 0x501a with id 255 and next node 0x501b 0x0000_00000000ff0501bc
2025-04-10 03:29:00.316018 INFO  BF_MC Write LAG node at addr 0x501b with id 255 and next node 0x501c 0x00ff_0501cc00ff0501bc
2025-04-10 03:29:00.316023 INFO  BF_MC Write LAG node at addr 0x501c with id 255 and next node 0x501d 0x0000_00000000ff0501dc
2025-04-10 03:29:00.316028 INFO  BF_MC Write LAG node at addr 0x501d with id 255 and next node 0x501e 0x00ff_0501ec00ff0501dc
2025-04-10 03:29:00.316032 INFO  BF_MC Write LAG node at addr 0x501e with id 255 and next node 0x501f 0x0000_00000000ff0501fc
2025-04-10 03:29:00.316036 INFO  BF_MC Write LAG node at addr 0x501f with id 255 and next node 0x5020 0x00ff_05020c00ff0501fc
2025-04-10 03:29:00.316041 INFO  BF_MC Write LAG node at addr 0x5020 with id 255 and next node 0x5021 0x0000_00000000ff05021c
2025-04-10 03:29:00.316045 INFO  BF_MC Write LAG node at addr 0x5021 with id 255 and next node 0x5022 0x00ff_05022c00ff05021c
2025-04-10 03:29:00.316049 INFO  BF_MC Write LAG node at addr 0x5022 with id 255 and next node 0x5023 0x0000_00000000ff05023c
2025-04-10 03:29:00.316053 INFO  BF_MC Write LAG node at addr 0x5023 with id 255 and next node 0x5024 0x00ff_05024c00ff05023c
2025-04-10 03:29:00.316058 INFO  BF_MC Write LAG node at addr 0x5024 with id 255 and next node 0x5025 0x0000_00000000ff05025c
2025-04-10 03:29:00.316062 INFO  BF_MC Write LAG node at addr 0x5025 with id 255 and next node 0x5026 0x00ff_05026c00ff05025c
2025-04-10 03:29:00.316066 INFO  BF_MC Write LAG node at addr 0x5026 with id 255 and next node 0x5027 0x0000_00000000ff05027c
2025-04-10 03:29:00.316070 INFO  BF_MC Write LAG node at addr 0x5027 with id 255 and next node 0x5028 0x00ff_05028c00ff05027c
2025-04-10 03:29:00.316074 INFO  BF_MC Write LAG node at addr 0x5028 with id 255 and next node 0x5029 0x0000_00000000ff05029c
2025-04-10 03:29:00.316078 INFO  BF_MC Write LAG node at addr 0x5029 with id 255 and next node 0x502a 0x00ff_0502ac00ff05029c
2025-04-10 03:29:00.316082 INFO  BF_MC Write LAG node at addr 0x502a with id 255 and next node 0x502b 0x0000_00000000ff0502bc
2025-04-10 03:29:00.316086 INFO  BF_MC Write LAG node at addr 0x502b with id 255 and next node 0x502c 0x00ff_0502cc00ff0502bc
2025-04-10 03:29:00.316091 INFO  BF_MC Write LAG node at addr 0x502c with id 255 and next node 0x502d 0x0000_00000000ff0502dc
2025-04-10 03:29:00.316094 INFO  BF_MC Write LAG node at addr 0x502d with id 255 and next node 0x502e 0x00ff_0502ec00ff0502dc
2025-04-10 03:29:00.316101 INFO  BF_MC Write LAG node at addr 0x502e with id 255 and next node 0x502f 0x0000_00000000ff0502fc
2025-04-10 03:29:00.316106 INFO  BF_MC Write LAG node at addr 0x502f with id 255 and next node 0x5030 0x00ff_05030c00ff0502fc
2025-04-10 03:29:00.316111 INFO  BF_MC Write LAG node at addr 0x5030 with id 255 and next node 0x5031 0x0000_00000000ff05031c
2025-04-10 03:29:00.316114 INFO  BF_MC Write LAG node at addr 0x5031 with id 255 and next node 0x5032 0x00ff_05032c00ff05031c
2025-04-10 03:29:00.316118 INFO  BF_MC Write LAG node at addr 0x5032 with id 255 and next node 0x5033 0x0000_00000000ff05033c
2025-04-10 03:29:00.316122 INFO  BF_MC Write LAG node at addr 0x5033 with id 255 and next node 0x5034 0x00ff_05034c00ff05033c
2025-04-10 03:29:00.316127 INFO  BF_MC Write LAG node at addr 0x5034 with id 255 and next node 0x5035 0x0000_00000000ff05035c
2025-04-10 03:29:00.316131 INFO  BF_MC Write LAG node at addr 0x5035 with id 255 and next node 0x5036 0x00ff_05036c00ff05035c
2025-04-10 03:29:00.316135 INFO  BF_MC Write LAG node at addr 0x5036 with id 255 and next node 0x5037 0x0000_00000000ff05037c
2025-04-10 03:29:00.316139 INFO  BF_MC Write LAG node at addr 0x5037 with id 255 and next node 0x5038 0x00ff_05038c00ff05037c
2025-04-10 03:29:00.316143 INFO  BF_MC Write LAG node at addr 0x5038 with id 255 and next node 0x5039 0x0000_00000000ff05039c
2025-04-10 03:29:00.316147 INFO  BF_MC Write LAG node at addr 0x5039 with id 255 and next node 0x503a 0x00ff_0503ac00ff05039c
2025-04-10 03:29:00.316151 INFO  BF_MC Write LAG node at addr 0x503a with id 255 and next node 0x503b 0x0000_00000000ff0503bc
2025-04-10 03:29:00.316155 INFO  BF_MC Write LAG node at addr 0x503b with id 255 and next node 0x503c 0x00ff_0503cc00ff0503bc
2025-04-10 03:29:00.316160 INFO  BF_MC Write LAG node at addr 0x503c with id 255 and next node 0x503d 0x0000_00000000ff0503dc
2025-04-10 03:29:00.316164 INFO  BF_MC Write LAG node at addr 0x503d with id 255 and next node 0x503e 0x00ff_0503ec00ff0503dc
2025-04-10 03:29:00.316170 INFO  BF_MC Write LAG node at addr 0x503e with id 255 and next node 0x503f 0x0000_00000000ff0503fc
2025-04-10 03:29:00.316174 INFO  BF_MC Write LAG node at addr 0x503f with id 255 and next node 0x5040 0x00ff_05040c00ff0503fc
2025-04-10 03:29:00.316178 INFO  BF_MC Write LAG node at addr 0x5040 with id 255 and next node 0x5041 0x0000_00000000ff05041c
2025-04-10 03:29:00.316182 INFO  BF_MC Write LAG node at addr 0x5041 with id 255 and next node 0x5042 0x00ff_05042c00ff05041c
2025-04-10 03:29:00.316186 INFO  BF_MC Write LAG node at addr 0x5042 with id 255 and next node 0x5043 0x0000_00000000ff05043c
2025-04-10 03:29:00.316190 INFO  BF_MC Write LAG node at addr 0x5043 with id 255 and next node 0x5044 0x00ff_05044c00ff05043c
2025-04-10 03:29:00.316194 INFO  BF_MC Write LAG node at addr 0x5044 with id 255 and next node 0x5045 0x0000_00000000ff05045c
2025-04-10 03:29:00.316198 INFO  BF_MC Write LAG node at addr 0x5045 with id 255 and next node 0x5046 0x00ff_05046c00ff05045c
2025-04-10 03:29:00.316202 INFO  BF_MC Write LAG node at addr 0x5046 with id 255 and next node 0x5047 0x0000_00000000ff05047c
2025-04-10 03:29:00.316206 INFO  BF_MC Write LAG node at addr 0x5047 with id 255 and next node 0x5048 0x00ff_05048c00ff05047c
2025-04-10 03:29:00.316211 INFO  BF_MC Write LAG node at addr 0x5048 with id 255 and next node 0x5049 0x0000_00000000ff05049c
2025-04-10 03:29:00.316214 INFO  BF_MC Write LAG node at addr 0x5049 with id 255 and next node 0x504a 0x00ff_0504ac00ff05049c
2025-04-10 03:29:00.316219 INFO  BF_MC Write LAG node at addr 0x504a with id 255 and next node 0x504b 0x0000_00000000ff0504bc
2025-04-10 03:29:00.316223 INFO  BF_MC Write LAG node at addr 0x504b with id 255 and next node 0x504c 0x00ff_0504cc00ff0504bc
2025-04-10 03:29:00.316228 INFO  BF_MC Write LAG node at addr 0x504c with id 255 and next node 0x504d 0x0000_00000000ff0504dc
2025-04-10 03:29:00.316232 INFO  BF_MC Write LAG node at addr 0x504d with id 255 and next node 0x504e 0x00ff_0504ec00ff0504dc
2025-04-10 03:29:00.316236 INFO  BF_MC Write LAG node at addr 0x504e with id 255 and next node 0x504f 0x0000_00000000ff0504fc
2025-04-10 03:29:00.316239 INFO  BF_MC Write LAG node at addr 0x504f with id 255 and next node 0x5050 0x00ff_05050c00ff0504fc
2025-04-10 03:29:00.316244 INFO  BF_MC Write LAG node at addr 0x5050 with id 255 and next node 0x5051 0x0000_00000000ff05051c
2025-04-10 03:29:00.316248 INFO  BF_MC Write LAG node at addr 0x5051 with id 255 and next node 0x5052 0x00ff_05052c00ff05051c
2025-04-10 03:29:00.316252 INFO  BF_MC Write LAG node at addr 0x5052 with id 255 and next node 0x5053 0x0000_00000000ff05053c
2025-04-10 03:29:00.316256 INFO  BF_MC Write LAG node at addr 0x5053 with id 255 and next node 0x5054 0x00ff_05054c00ff05053c
2025-04-10 03:29:00.316260 INFO  BF_MC Write LAG node at addr 0x5054 with id 255 and next node 0x5055 0x0000_00000000ff05055c
2025-04-10 03:29:00.316264 INFO  BF_MC Write LAG node at addr 0x5055 with id 255 and next node 0x5056 0x00ff_05056c00ff05055c
2025-04-10 03:29:00.316268 INFO  BF_MC Write LAG node at addr 0x5056 with id 255 and next node 0x5057 0x0000_00000000ff05057c
2025-04-10 03:29:00.316272 INFO  BF_MC Write LAG node at addr 0x5057 with id 255 and next node 0x5058 0x00ff_05058c00ff05057c
2025-04-10 03:29:00.316276 INFO  BF_MC Write LAG node at addr 0x5058 with id 255 and next node 0x5059 0x0000_00000000ff05059c
2025-04-10 03:29:00.316280 INFO  BF_MC Write LAG node at addr 0x5059 with id 255 and next node 0x505a 0x00ff_0505ac00ff05059c
2025-04-10 03:29:00.316284 INFO  BF_MC Write LAG node at addr 0x505a with id 255 and next node 0x505b 0x0000_00000000ff0505bc
2025-04-10 03:29:00.316288 INFO  BF_MC Write LAG node at addr 0x505b with id 255 and next node 0x505c 0x00ff_0505cc00ff0505bc
2025-04-10 03:29:00.316293 INFO  BF_MC Write LAG node at addr 0x505c with id 255 and next node 0x505d 0x0000_00000000ff0505dc
2025-04-10 03:29:00.316297 INFO  BF_MC Write LAG node at addr 0x505d with id 255 and next node 0x505e 0x00ff_0505ec00ff0505dc
2025-04-10 03:29:00.316300 INFO  BF_MC Write LAG node at addr 0x505e with id 255 and next node 0x505f 0x0000_00000000ff0505fc
2025-04-10 03:29:00.316306 INFO  BF_MC Write LAG node at addr 0x505f with id 255 and next node 0x5060 0x00ff_05060c00ff0505fc
2025-04-10 03:29:00.316311 INFO  BF_MC Write LAG node at addr 0x5060 with id 255 and next node 0x5061 0x0000_00000000ff05061c
2025-04-10 03:29:00.316314 INFO  BF_MC Write LAG node at addr 0x5061 with id 255 and next node 0x5062 0x00ff_05062c00ff05061c
2025-04-10 03:29:00.316318 INFO  BF_MC Write LAG node at addr 0x5062 with id 255 and next node 0x5063 0x0000_00000000ff05063c
2025-04-10 03:29:00.316322 INFO  BF_MC Write LAG node at addr 0x5063 with id 255 and next node 0x5064 0x00ff_05064c00ff05063c
2025-04-10 03:29:00.316327 INFO  BF_MC Write LAG node at addr 0x5064 with id 255 and next node 0x5065 0x0000_00000000ff05065c
2025-04-10 03:29:00.316331 INFO  BF_MC Write LAG node at addr 0x5065 with id 255 and next node 0x5066 0x00ff_05066c00ff05065c
2025-04-10 03:29:00.316335 INFO  BF_MC Write LAG node at addr 0x5066 with id 255 and next node 0x5067 0x0000_00000000ff05067c
2025-04-10 03:29:00.316339 INFO  BF_MC Write LAG node at addr 0x5067 with id 255 and next node 0x5068 0x00ff_05068c00ff05067c
2025-04-10 03:29:00.316344 INFO  BF_MC Write LAG node at addr 0x5068 with id 255 and next node 0x5069 0x0000_00000000ff05069c
2025-04-10 03:29:00.316347 INFO  BF_MC Write LAG node at addr 0x5069 with id 255 and next node 0x506a 0x00ff_0506ac00ff05069c
2025-04-10 03:29:00.316351 INFO  BF_MC Write LAG node at addr 0x506a with id 255 and next node 0x506b 0x0000_00000000ff0506bc
2025-04-10 03:29:00.316355 INFO  BF_MC Write LAG node at addr 0x506b with id 255 and next node 0x506c 0x00ff_0506cc00ff0506bc
2025-04-10 03:29:00.316360 INFO  BF_MC Write LAG node at addr 0x506c with id 255 and next node 0x506d 0x0000_00000000ff0506dc
2025-04-10 03:29:00.316364 INFO  BF_MC Write LAG node at addr 0x506d with id 255 and next node 0x506e 0x00ff_0506ec00ff0506dc
2025-04-10 03:29:00.316368 INFO  BF_MC Write LAG node at addr 0x506e with id 255 and next node 0x506f 0x0000_00000000ff0506fc
2025-04-10 03:29:00.316372 INFO  BF_MC Write LAG node at addr 0x506f with id 255 and next node 0x5070 0x00ff_05070c00ff0506fc
2025-04-10 03:29:00.316377 INFO  BF_MC Write LAG node at addr 0x5070 with id 255 and next node 0x5071 0x0000_00000000ff05071c
2025-04-10 03:29:00.316380 INFO  BF_MC Write LAG node at addr 0x5071 with id 255 and next node 0x5072 0x00ff_05072c00ff05071c
2025-04-10 03:29:00.316384 INFO  BF_MC Write LAG node at addr 0x5072 with id 255 and next node 0x5073 0x0000_00000000ff05073c
2025-04-10 03:29:00.316388 INFO  BF_MC Write LAG node at addr 0x5073 with id 255 and next node 0x5074 0x00ff_05074c00ff05073c
2025-04-10 03:29:00.316393 INFO  BF_MC Write LAG node at addr 0x5074 with id 255 and next node 0x5075 0x0000_00000000ff05075c
2025-04-10 03:29:00.316397 INFO  BF_MC Write LAG node at addr 0x5075 with id 255 and next node 0x5076 0x00ff_05076c00ff05075c
2025-04-10 03:29:00.316400 INFO  BF_MC Write LAG node at addr 0x5076 with id 255 and next node 0x5077 0x0000_00000000ff05077c
2025-04-10 03:29:00.316404 INFO  BF_MC Write LAG node at addr 0x5077 with id 255 and next node 0x5078 0x00ff_05078c00ff05077c
2025-04-10 03:29:00.316409 INFO  BF_MC Write LAG node at addr 0x5078 with id 255 and next node 0x5079 0x0000_00000000ff05079c
2025-04-10 03:29:00.316413 INFO  BF_MC Write LAG node at addr 0x5079 with id 255 and next node 0x507a 0x00ff_0507ac00ff05079c
2025-04-10 03:29:00.316417 INFO  BF_MC Write LAG node at addr 0x507a with id 255 and next node 0x507b 0x0000_00000000ff0507bc
2025-04-10 03:29:00.316421 INFO  BF_MC Write LAG node at addr 0x507b with id 255 and next node 0x507c 0x00ff_0507cc00ff0507bc
2025-04-10 03:29:00.316425 INFO  BF_MC Write LAG node at addr 0x507c with id 255 and next node 0x507d 0x0000_00000000ff0507dc
2025-04-10 03:29:00.316429 INFO  BF_MC Write LAG node at addr 0x507d with id 255 and next node 0x507e 0x00ff_0507ec00ff0507dc
2025-04-10 03:29:00.316433 INFO  BF_MC Write LAG node at addr 0x507e with id 255 and next node 0x507f 0x0000_00000000ff0507fc
2025-04-10 03:29:00.316438 INFO  BF_MC Write LAG node at addr 0x507f with id 255 and next node 0x5080 0x00ff_05080c00ff0507fc
2025-04-10 03:29:00.316443 INFO  BF_MC Write LAG node at addr 0x5080 with id 255 and next node 0x5081 0x0000_00000000ff05081c
2025-04-10 03:29:00.316447 INFO  BF_MC Write LAG node at addr 0x5081 with id 255 and next node 0x5082 0x00ff_05082c00ff05081c
2025-04-10 03:29:00.316451 INFO  BF_MC Write LAG node at addr 0x5082 with id 255 and next node 0x5083 0x0000_00000000ff05083c
2025-04-10 03:29:00.316455 INFO  BF_MC Write LAG node at addr 0x5083 with id 255 and next node 0x5084 0x00ff_05084c00ff05083c
2025-04-10 03:29:00.316460 INFO  BF_MC Write LAG node at addr 0x5084 with id 255 and next node 0x5085 0x0000_00000000ff05085c
2025-04-10 03:29:00.316463 INFO  BF_MC Write LAG node at addr 0x5085 with id 255 and next node 0x5086 0x00ff_05086c00ff05085c
2025-04-10 03:29:00.316467 INFO  BF_MC Write LAG node at addr 0x5086 with id 255 and next node 0x5087 0x0000_00000000ff05087c
2025-04-10 03:29:00.316471 INFO  BF_MC Write LAG node at addr 0x5087 with id 255 and next node 0x5088 0x00ff_05088c00ff05087c
2025-04-10 03:29:00.316476 INFO  BF_MC Write LAG node at addr 0x5088 with id 255 and next node 0x5089 0x0000_00000000ff05089c
2025-04-10 03:29:00.316480 INFO  BF_MC Write LAG node at addr 0x5089 with id 255 and next node 0x508a 0x00ff_0508ac00ff05089c
2025-04-10 03:29:00.316484 INFO  BF_MC Write LAG node at addr 0x508a with id 255 and next node 0x508b 0x0000_00000000ff0508bc
2025-04-10 03:29:00.316487 INFO  BF_MC Write LAG node at addr 0x508b with id 255 and next node 0x508c 0x00ff_0508cc00ff0508bc
2025-04-10 03:29:00.316492 INFO  BF_MC Write LAG node at addr 0x508c with id 255 and next node 0x508d 0x0000_00000000ff0508dc
2025-04-10 03:29:00.316496 INFO  BF_MC Write LAG node at addr 0x508d with id 255 and next node 0x508e 0x00ff_0508ec00ff0508dc
2025-04-10 03:29:00.316500 INFO  BF_MC Write LAG node at addr 0x508e with id 255 and next node 0x508f 0x0000_00000000ff0508fc
2025-04-10 03:29:00.316504 INFO  BF_MC Write LAG node at addr 0x508f with id 255 and next node 0x5090 0x00ff_05090c00ff0508fc
2025-04-10 03:29:00.316508 INFO  BF_MC Write LAG node at addr 0x5090 with id 255 and next node 0x5091 0x0000_00000000ff05091c
2025-04-10 03:29:00.316512 INFO  BF_MC Write LAG node at addr 0x5091 with id 255 and next node 0x5092 0x00ff_05092c00ff05091c
2025-04-10 03:29:00.316516 INFO  BF_MC Write LAG node at addr 0x5092 with id 255 and next node 0x5093 0x0000_00000000ff05093c
2025-04-10 03:29:00.316520 INFO  BF_MC Write LAG node at addr 0x5093 with id 255 and next node 0x5094 0x00ff_05094c00ff05093c
2025-04-10 03:29:00.316524 INFO  BF_MC Write LAG node at addr 0x5094 with id 255 and next node 0x5095 0x0000_00000000ff05095c
2025-04-10 03:29:00.316528 INFO  BF_MC Write LAG node at addr 0x5095 with id 255 and next node 0x5096 0x00ff_05096c00ff05095c
2025-04-10 03:29:00.316532 INFO  BF_MC Write LAG node at addr 0x5096 with id 255 and next node 0x5097 0x0000_00000000ff05097c
2025-04-10 03:29:00.316536 INFO  BF_MC Write LAG node at addr 0x5097 with id 255 and next node 0x5098 0x00ff_05098c00ff05097c
2025-04-10 03:29:00.316540 INFO  BF_MC Write LAG node at addr 0x5098 with id 255 and next node 0x5099 0x0000_00000000ff05099c
2025-04-10 03:29:00.316544 INFO  BF_MC Write LAG node at addr 0x5099 with id 255 and next node 0x509a 0x00ff_0509ac00ff05099c
2025-04-10 03:29:00.316548 INFO  BF_MC Write LAG node at addr 0x509a with id 255 and next node 0x509b 0x0000_00000000ff0509bc
2025-04-10 03:29:00.316552 INFO  BF_MC Write LAG node at addr 0x509b with id 255 and next node 0x509c 0x00ff_0509cc00ff0509bc
2025-04-10 03:29:00.316557 INFO  BF_MC Write LAG node at addr 0x509c with id 255 and next node 0x509d 0x0000_00000000ff0509dc
2025-04-10 03:29:00.316560 INFO  BF_MC Write LAG node at addr 0x509d with id 255 and next node 0x509e 0x00ff_0509ec00ff0509dc
2025-04-10 03:29:00.316564 INFO  BF_MC Write LAG node at addr 0x509e with id 255 and next node 0x509f 0x0000_00000000ff0509fc
2025-04-10 03:29:00.316568 INFO  BF_MC Write LAG node at addr 0x509f with id 255 and next node 0x50a0 0x00ff_050a0c00ff0509fc
2025-04-10 03:29:00.316575 INFO  BF_MC Write LAG node at addr 0x50a0 with id 255 and next node 0x50a1 0x0000_00000000ff050a1c
2025-04-10 03:29:00.316579 INFO  BF_MC Write LAG node at addr 0x50a1 with id 255 and next node 0x50a2 0x00ff_050a2c00ff050a1c
2025-04-10 03:29:00.316583 INFO  BF_MC Write LAG node at addr 0x50a2 with id 255 and next node 0x50a3 0x0000_00000000ff050a3c
2025-04-10 03:29:00.316587 INFO  BF_MC Write LAG node at addr 0x50a3 with id 255 and next node 0x50a4 0x00ff_050a4c00ff050a3c
2025-04-10 03:29:00.316591 INFO  BF_MC Write LAG node at addr 0x50a4 with id 255 and next node 0x50a5 0x0000_00000000ff050a5c
2025-04-10 03:29:00.316595 INFO  BF_MC Write LAG node at addr 0x50a5 with id 255 and next node 0x50a6 0x00ff_050a6c00ff050a5c
2025-04-10 03:29:00.316599 INFO  BF_MC Write LAG node at addr 0x50a6 with id 255 and next node 0x50a7 0x0000_00000000ff050a7c
2025-04-10 03:29:00.316603 INFO  BF_MC Write LAG node at addr 0x50a7 with id 255 and next node 0x50a8 0x00ff_050a8c00ff050a7c
2025-04-10 03:29:00.316608 INFO  BF_MC Write LAG node at addr 0x50a8 with id 255 and next node 0x50a9 0x0000_00000000ff050a9c
2025-04-10 03:29:00.316611 INFO  BF_MC Write LAG node at addr 0x50a9 with id 255 and next node 0x50aa 0x00ff_050aac00ff050a9c
2025-04-10 03:29:00.316615 INFO  BF_MC Write LAG node at addr 0x50aa with id 255 and next node 0x50ab 0x0000_00000000ff050abc
2025-04-10 03:29:00.316619 INFO  BF_MC Write LAG node at addr 0x50ab with id 255 and next node 0x50ac 0x00ff_050acc00ff050abc
2025-04-10 03:29:00.316624 INFO  BF_MC Write LAG node at addr 0x50ac with id 255 and next node 0x50ad 0x0000_00000000ff050adc
2025-04-10 03:29:00.316628 INFO  BF_MC Write LAG node at addr 0x50ad with id 255 and next node 0x50ae 0x00ff_050aec00ff050adc
2025-04-10 03:29:00.316632 INFO  BF_MC Write LAG node at addr 0x50ae with id 255 and next node 0x50af 0x0000_00000000ff050afc
2025-04-10 03:29:00.316635 INFO  BF_MC Write LAG node at addr 0x50af with id 255 and next node 0x50b0 0x00ff_050b0c00ff050afc
2025-04-10 03:29:00.316640 INFO  BF_MC Write LAG node at addr 0x50b0 with id 255 and next node 0x50b1 0x0000_00000000ff050b1c
2025-04-10 03:29:00.316644 INFO  BF_MC Write LAG node at addr 0x50b1 with id 255 and next node 0x50b2 0x00ff_050b2c00ff050b1c
2025-04-10 03:29:00.316648 INFO  BF_MC Write LAG node at addr 0x50b2 with id 255 and next node 0x50b3 0x0000_00000000ff050b3c
2025-04-10 03:29:00.316652 INFO  BF_MC Write LAG node at addr 0x50b3 with id 255 and next node 0x50b4 0x00ff_050b4c00ff050b3c
2025-04-10 03:29:00.316656 INFO  BF_MC Write LAG node at addr 0x50b4 with id 255 and next node 0x50b5 0x0000_00000000ff050b5c
2025-04-10 03:29:00.316660 INFO  BF_MC Write LAG node at addr 0x50b5 with id 255 and next node 0x50b6 0x00ff_050b6c00ff050b5c
2025-04-10 03:29:00.316664 INFO  BF_MC Write LAG node at addr 0x50b6 with id 255 and next node 0x50b7 0x0000_00000000ff050b7c
2025-04-10 03:29:00.316668 INFO  BF_MC Write LAG node at addr 0x50b7 with id 255 and next node 0x50b8 0x00ff_050b8c00ff050b7c
2025-04-10 03:29:00.316673 INFO  BF_MC Write LAG node at addr 0x50b8 with id 255 and next node 0x50b9 0x0000_00000000ff050b9c
2025-04-10 03:29:00.316677 INFO  BF_MC Write LAG node at addr 0x50b9 with id 255 and next node 0x50ba 0x00ff_050bac00ff050b9c
2025-04-10 03:29:00.316681 INFO  BF_MC Write LAG node at addr 0x50ba with id 255 and next node 0x50bb 0x0000_00000000ff050bbc
2025-04-10 03:29:00.316685 INFO  BF_MC Write LAG node at addr 0x50bb with id 255 and next node 0x50bc 0x00ff_050bcc00ff050bbc
2025-04-10 03:29:00.316689 INFO  BF_MC Write LAG node at addr 0x50bc with id 255 and next node 0x50bd 0x0000_00000000ff050bdc
2025-04-10 03:29:00.316693 INFO  BF_MC Write LAG node at addr 0x50bd with id 255 and next node 0x50be 0x00ff_050bec00ff050bdc
2025-04-10 03:29:00.316697 INFO  BF_MC Write LAG node at addr 0x50be with id 255 and next node 0x50bf 0x0000_00000000ff050bfc
2025-04-10 03:29:00.316701 INFO  BF_MC Write LAG node at addr 0x50bf with id 255 and next node 0x50c0 0x00ff_050c0c00ff050bfc
2025-04-10 03:29:00.316707 INFO  BF_MC Write LAG node at addr 0x50c0 with id 255 and next node 0x50c1 0x0000_00000000ff050c1c
2025-04-10 03:29:00.316711 INFO  BF_MC Write LAG node at addr 0x50c1 with id 255 and next node 0x50c2 0x00ff_050c2c00ff050c1c
2025-04-10 03:29:00.316715 INFO  BF_MC Write LAG node at addr 0x50c2 with id 255 and next node 0x50c3 0x0000_00000000ff050c3c
2025-04-10 03:29:00.316719 INFO  BF_MC Write LAG node at addr 0x50c3 with id 255 and next node 0x50c4 0x00ff_050c4c00ff050c3c
2025-04-10 03:29:00.316723 INFO  BF_MC Write LAG node at addr 0x50c4 with id 255 and next node 0x50c5 0x0000_00000000ff050c5c
2025-04-10 03:29:00.318914 DEBUG BF_PLTFM QSFPMSM  8 : QSFP_FSM_ST_INSERTED         --> QSFP_FSM_ST_WAIT_T_RESET     (1ms)
2025-04-10 03:29:00.319782 INFO  BF_MC Write LAG node at addr 0x50c5 with id 255 and next node 0x50c6 0x00ff_050c6c00ff050c5c
2025-04-10 03:29:00.319797 INFO  BF_MC Write LAG node at addr 0x50c6 with id 255 and next node 0x50c7 0x0000_00000000ff050c7c
2025-04-10 03:29:00.319803 INFO  BF_MC Write LAG node at addr 0x50c7 with id 255 and next node 0x50c8 0x00ff_050c8c00ff050c7c
2025-04-10 03:29:00.319807 INFO  BF_MC Write LAG node at addr 0x50c8 with id 255 and next node 0x50c9 0x0000_00000000ff050c9c
2025-04-10 03:29:00.319811 INFO  BF_MC Write LAG node at addr 0x50c9 with id 255 and next node 0x50ca 0x00ff_050cac00ff050c9c
2025-04-10 03:29:00.319816 INFO  BF_MC Write LAG node at addr 0x50ca with id 255 and next node 0x50cb 0x0000_00000000ff050cbc
2025-04-10 03:29:00.319820 INFO  BF_MC Write LAG node at addr 0x50cb with id 255 and next node 0x50cc 0x00ff_050ccc00ff050cbc
2025-04-10 03:29:00.319824 INFO  BF_MC Write LAG node at addr 0x50cc with id 255 and next node 0x50cd 0x0000_00000000ff050cdc
2025-04-10 03:29:00.319829 INFO  BF_MC Write LAG node at addr 0x50cd with id 255 and next node 0x50ce 0x00ff_050cec00ff050cdc
2025-04-10 03:29:00.319833 INFO  BF_MC Write LAG node at addr 0x50ce with id 255 and next node 0x50cf 0x0000_00000000ff050cfc
2025-04-10 03:29:00.319838 INFO  BF_MC Write LAG node at addr 0x50cf with id 255 and next node 0x50d0 0x00ff_050d0c00ff050cfc
2025-04-10 03:29:00.319842 INFO  BF_MC Write LAG node at addr 0x50d0 with id 255 and next node 0x50d1 0x0000_00000000ff050d1c
2025-04-10 03:29:00.319846 INFO  BF_MC Write LAG node at addr 0x50d1 with id 255 and next node 0x50d2 0x00ff_050d2c00ff050d1c
2025-04-10 03:29:00.319850 INFO  BF_MC Write LAG node at addr 0x50d2 with id 255 and next node 0x50d3 0x0000_00000000ff050d3c
2025-04-10 03:29:00.319855 INFO  BF_MC Write LAG node at addr 0x50d3 with id 255 and next node 0x50d4 0x00ff_050d4c00ff050d3c
2025-04-10 03:29:00.319859 INFO  BF_MC Write LAG node at addr 0x50d4 with id 255 and next node 0x50d5 0x0000_00000000ff050d5c
2025-04-10 03:29:00.319864 INFO  BF_MC Write LAG node at addr 0x50d5 with id 255 and next node 0x50d6 0x00ff_050d6c00ff050d5c
2025-04-10 03:29:00.319868 INFO  BF_MC Write LAG node at addr 0x50d6 with id 255 and next node 0x50d7 0x0000_00000000ff050d7c
2025-04-10 03:29:00.319873 INFO  BF_MC Write LAG node at addr 0x50d7 with id 255 and next node 0x50d8 0x00ff_050d8c00ff050d7c
2025-04-10 03:29:00.319877 INFO  BF_MC Write LAG node at addr 0x50d8 with id 255 and next node 0x50d9 0x0000_00000000ff050d9c
2025-04-10 03:29:00.319881 INFO  BF_MC Write LAG node at addr 0x50d9 with id 255 and next node 0x50da 0x00ff_050dac00ff050d9c
2025-04-10 03:29:00.319885 INFO  BF_MC Write LAG node at addr 0x50da with id 255 and next node 0x50db 0x0000_00000000ff050dbc
2025-04-10 03:29:00.319890 INFO  BF_MC Write LAG node at addr 0x50db with id 255 and next node 0x50dc 0x00ff_050dcc00ff050dbc
2025-04-10 03:29:00.319894 INFO  BF_MC Write LAG node at addr 0x50dc with id 255 and next node 0x50dd 0x0000_00000000ff050ddc
2025-04-10 03:29:00.319898 INFO  BF_MC Write LAG node at addr 0x50dd with id 255 and next node 0x50de 0x00ff_050dec00ff050ddc
2025-04-10 03:29:00.319902 INFO  BF_MC Write LAG node at addr 0x50de with id 255 and next node 0x50df 0x0000_00000000ff050dfc
2025-04-10 03:29:00.319907 INFO  BF_MC Write LAG node at addr 0x50df with id 255 and next node 0x50e0 0x00ff_050e0c00ff050dfc
2025-04-10 03:29:00.319916 INFO  BF_MC Write LAG node at addr 0x50e0 with id 255 and next node 0x50e1 0x0000_00000000ff050e1c
2025-04-10 03:29:00.319921 INFO  BF_MC Write LAG node at addr 0x50e1 with id 255 and next node 0x50e2 0x00ff_050e2c00ff050e1c
2025-04-10 03:29:00.319924 INFO  BF_MC Write LAG node at addr 0x50e2 with id 255 and next node 0x50e3 0x0000_00000000ff050e3c
2025-04-10 03:29:00.319929 INFO  BF_MC Write LAG node at addr 0x50e3 with id 255 and next node 0x50e4 0x00ff_050e4c00ff050e3c
2025-04-10 03:29:00.319933 INFO  BF_MC Write LAG node at addr 0x50e4 with id 255 and next node 0x50e5 0x0000_00000000ff050e5c
2025-04-10 03:29:00.319937 INFO  BF_MC Write LAG node at addr 0x50e5 with id 255 and next node 0x50e6 0x00ff_050e6c00ff050e5c
2025-04-10 03:29:00.319941 INFO  BF_MC Write LAG node at addr 0x50e6 with id 255 and next node 0x50e7 0x0000_00000000ff050e7c
2025-04-10 03:29:00.319945 INFO  BF_MC Write LAG node at addr 0x50e7 with id 255 and next node 0x50e8 0x00ff_050e8c00ff050e7c
2025-04-10 03:29:00.319949 INFO  BF_MC Write LAG node at addr 0x50e8 with id 255 and next node 0x50e9 0x0000_00000000ff050e9c
2025-04-10 03:29:00.319953 INFO  BF_MC Write LAG node at addr 0x50e9 with id 255 and next node 0x50ea 0x00ff_050eac00ff050e9c
2025-04-10 03:29:00.319957 INFO  BF_MC Write LAG node at addr 0x50ea with id 255 and next node 0x50eb 0x0000_00000000ff050ebc
2025-04-10 03:29:00.319962 INFO  BF_MC Write LAG node at addr 0x50eb with id 255 and next node 0x50ec 0x00ff_050ecc00ff050ebc
2025-04-10 03:29:00.319965 INFO  BF_MC Write LAG node at addr 0x50ec with id 255 and next node 0x50ed 0x0000_00000000ff050edc
2025-04-10 03:29:00.319969 INFO  BF_MC Write LAG node at addr 0x50ed with id 255 and next node 0x50ee 0x00ff_050eec00ff050edc
2025-04-10 03:29:00.319973 INFO  BF_MC Write LAG node at addr 0x50ee with id 255 and next node 0x50ef 0x0000_00000000ff050efc
2025-04-10 03:29:00.319978 INFO  BF_MC Write LAG node at addr 0x50ef with id 255 and next node 0x50f0 0x00ff_050f0c00ff050efc
2025-04-10 03:29:00.319982 INFO  BF_MC Write LAG node at addr 0x50f0 with id 255 and next node 0x50f1 0x0000_00000000ff050f1c
2025-04-10 03:29:00.319986 INFO  BF_MC Write LAG node at addr 0x50f1 with id 255 and next node 0x50f2 0x00ff_050f2c00ff050f1c
2025-04-10 03:29:00.319989 INFO  BF_MC Write LAG node at addr 0x50f2 with id 255 and next node 0x50f3 0x0000_00000000ff050f3c
2025-04-10 03:29:00.319994 INFO  BF_MC Write LAG node at addr 0x50f3 with id 255 and next node 0x50f4 0x00ff_050f4c00ff050f3c
2025-04-10 03:29:00.319998 INFO  BF_MC Write LAG node at addr 0x50f4 with id 255 and next node 0x50f5 0x0000_00000000ff050f5c
2025-04-10 03:29:00.320002 INFO  BF_MC Write LAG node at addr 0x50f5 with id 255 and next node 0x50f6 0x00ff_050f6c00ff050f5c
2025-04-10 03:29:00.320003 DEBUG BF_PLTFM QSFP     4 : RESETL = false
2025-04-10 03:29:00.320006 INFO  BF_MC Write LAG node at addr 0x50f6 with id 255 and next node 0x50f7 0x0000_00000000ff050f7c
2025-04-10 03:29:00.320013 INFO  BF_MC Write LAG node at addr 0x50f7 with id 255 and next node 0x50f8 0x00ff_050f8c00ff050f7c
2025-04-10 03:29:00.320013 DEBUG BF_PLTFM QSFP     4 : False
2025-04-10 03:29:00.320017 INFO  BF_MC Write LAG node at addr 0x50f8 with id 255 and next node 0x50f9 0x0000_00000000ff050f9c
2025-04-10 03:29:00.320023 INFO  BF_MC Write LAG node at addr 0x50f9 with id 255 and next node 0x50fa 0x00ff_050fac00ff050f9c
2025-04-10 03:29:00.320027 INFO  BF_MC Write LAG node at addr 0x50fa with id 255 and next node 0x50fb 0x0000_00000000ff050fbc
2025-04-10 03:29:00.320031 INFO  BF_MC Write LAG node at addr 0x50fb with id 255 and next node 0x50fc 0x00ff_050fcc00ff050fbc
2025-04-10 03:29:00.320034 INFO  BF_MC Write LAG node at addr 0x50fc with id 255 and next node 0x50fd 0x0000_00000000ff050fdc
2025-04-10 03:29:00.320039 INFO  BF_MC Write LAG node at addr 0x50fd with id 255 and next node 0x50fe 0x00ff_050fec00ff050fdc
2025-04-10 03:29:00.320043 INFO  BF_MC Write LAG node at addr 0x50fe with id 255 and next node 0x50ff 0x0000_00000000ff050ffc
2025-04-10 03:29:00.320049 INFO  BF_MC Write LAG node at addr 0x50ff with id 255 and next node 0x5100 0x00ff_05100c00ff050ffc
2025-04-10 03:29:00.320053 INFO  BF_MC Write LAG node at addr 0x5100 with id 255 and next node 0x5101 0x0000_00000000ff05101c
2025-04-10 03:29:00.320058 INFO  BF_MC Write LAG node at addr 0x5101 with id 255 and next node 0x5102 0x00ff_05102c00ff05101c
2025-04-10 03:29:00.320062 INFO  BF_MC Write LAG node at addr 0x5102 with id 255 and next node 0x5103 0x0000_00000000ff05103c
2025-04-10 03:29:00.320066 INFO  BF_MC Write LAG node at addr 0x5103 with id 255 and next node 0 0x00ff_00000c00ff05103c
2025-04-10 03:29:00.320073 INFO  BF_MC Allocated RDM addresses 0x11c0 - 0x11df
2025-04-10 03:29:00.320078 INFO  BF_MC Write L1End node at addr 0x11c0, rid 0, l2 0x5101
2025-04-10 03:29:00.320082 INFO  BF_MC Write L1End node at addr 0x11c1, rid 0, l2 0x5100
2025-04-10 03:29:00.320086 INFO  BF_MC Write L1End node at addr 0x11c2, rid 0, l2 0x50ff
2025-04-10 03:29:00.320089 INFO  BF_MC Write L1End node at addr 0x11c3, rid 0, l2 0x50fe
2025-04-10 03:29:00.320094 INFO  BF_MC Write L1End node at addr 0x11c4, rid 0, l2 0x50fd
2025-04-10 03:29:00.320103 INFO  BF_MC Write L1End node at addr 0x11c5, rid 0, l2 0x50fc
2025-04-10 03:29:00.320107 INFO  BF_MC Write L1End node at addr 0x11c6, rid 0, l2 0x50fb
2025-04-10 03:29:00.320111 INFO  BF_MC Write L1End node at addr 0x11c7, rid 0, l2 0x50fa
2025-04-10 03:29:00.320115 INFO  BF_MC Write L1End node at addr 0x11c8, rid 0, l2 0x50f8
2025-04-10 03:29:00.320119 INFO  BF_MC Write L1End node at addr 0x11c9, rid 0, l2 0x50f6
2025-04-10 03:29:00.320123 INFO  BF_MC Write L1End node at addr 0x11ca, rid 0, l2 0x50f4
2025-04-10 03:29:00.320127 INFO  BF_MC Write L1End node at addr 0x11cb, rid 0, l2 0x50f2
2025-04-10 03:29:00.320131 INFO  BF_MC Write L1End node at addr 0x11cc, rid 0, l2 0x50f0
2025-04-10 03:29:00.320135 INFO  BF_MC Write L1End node at addr 0x11cd, rid 0, l2 0x50ee
2025-04-10 03:29:00.320138 INFO  BF_MC Write L1End node at addr 0x11ce, rid 0, l2 0x50ec
2025-04-10 03:29:00.320142 INFO  BF_MC Write L1End node at addr 0x11cf, rid 0, l2 0x50ea
2025-04-10 03:29:00.320146 INFO  BF_MC Write L1End node at addr 0x11d0, rid 0, l2 0x50e8
2025-04-10 03:29:00.320150 INFO  BF_MC Write L1End node at addr 0x11d1, rid 0, l2 0x50e6
2025-04-10 03:29:00.320154 INFO  BF_MC Write L1End node at addr 0x11d2, rid 0, l2 0x50e4
2025-04-10 03:29:00.320157 INFO  BF_MC Write L1End node at addr 0x11d3, rid 0, l2 0x50e0
2025-04-10 03:29:00.320162 INFO  BF_MC Write L1End node at addr 0x11d4, rid 0, l2 0x50dc
2025-04-10 03:29:00.320165 INFO  BF_MC Write L1End node at addr 0x11d5, rid 0, l2 0x50d8
2025-04-10 03:29:00.320169 INFO  BF_MC Write L1End node at addr 0x11d6, rid 0, l2 0x50d4
2025-04-10 03:29:00.320173 INFO  BF_MC Write L1End node at addr 0x11d7, rid 0, l2 0x50cc
2025-04-10 03:29:00.320177 INFO  BF_MC Write L1End node at addr 0x11d8, rid 0, l2 0x50c4
2025-04-10 03:29:00.320181 INFO  BF_MC Write L1End node at addr 0x11d9, rid 0, l2 0x50bc
2025-04-10 03:29:00.320185 INFO  BF_MC Write L1End node at addr 0x11da, rid 0, l2 0x50a0
2025-04-10 03:29:00.320189 INFO  BF_MC Write L1End node at addr 0x11db, rid 0, l2 0x5087
2025-04-10 03:29:00.320193 INFO  BF_MC Write L1End node at addr 0x11dc, rid 0, l2 0x506e
2025-04-10 03:29:00.320197 INFO  BF_MC Write L1End node at addr 0x11dd, rid 0, l2 0x5055
2025-04-10 03:29:00.320200 INFO  BF_MC Write L1End node at addr 0x11de, rid 0, l2 0x503c
2025-04-10 03:29:00.320204 INFO  BF_MC Write L1End node at addr 0x11df, rid 0, l2 0x5000
2025-04-10 03:29:00.320210 INFO  BF_MC Allocated RDM addresses 0x6000 - 0x6103
2025-04-10 03:29:00.320214 INFO  BF_MC Write LAG node at addr 0x6000 with id 255 and next node 0x6001 0x0000_00000000ff06001c
2025-04-10 03:29:00.320218 INFO  BF_MC Write LAG node at addr 0x6001 with id 255 and next node 0x6002 0x00ff_06002c00ff06001c
2025-04-10 03:29:00.320222 INFO  BF_MC Write LAG node at addr 0x6002 with id 255 and next node 0x6003 0x0000_00000000ff06003c
2025-04-10 03:29:00.320227 INFO  BF_MC Write LAG node at addr 0x6003 with id 255 and next node 0x6004 0x00ff_06004c00ff06003c
2025-04-10 03:29:00.320233 INFO  BF_MC Write LAG node at addr 0x6004 with id 255 and next node 0x6005 0x0000_00000000ff06005c
2025-04-10 03:29:00.320237 INFO  BF_MC Write LAG node at addr 0x6005 with id 255 and next node 0x6006 0x00ff_06006c00ff06005c
2025-04-10 03:29:00.320241 INFO  BF_MC Write LAG node at addr 0x6006 with id 255 and next node 0x6007 0x0000_00000000ff06007c
2025-04-10 03:29:00.320245 INFO  BF_MC Write LAG node at addr 0x6007 with id 255 and next node 0x6008 0x00ff_06008c00ff06007c
2025-04-10 03:29:00.320249 INFO  BF_MC Write LAG node at addr 0x6008 with id 255 and next node 0x6009 0x0000_00000000ff06009c
2025-04-10 03:29:00.320253 INFO  BF_MC Write LAG node at addr 0x6009 with id 255 and next node 0x600a 0x00ff_0600ac00ff06009c
2025-04-10 03:29:00.320257 INFO  BF_MC Write LAG node at addr 0x600a with id 255 and next node 0x600b 0x0000_00000000ff0600bc
2025-04-10 03:29:00.320262 INFO  BF_MC Write LAG node at addr 0x600b with id 255 and next node 0x600c 0x00ff_0600cc00ff0600bc
2025-04-10 03:29:00.320265 INFO  BF_MC Write LAG node at addr 0x600c with id 255 and next node 0x600d 0x0000_00000000ff0600dc
2025-04-10 03:29:00.320269 INFO  BF_MC Write LAG node at addr 0x600d with id 255 and next node 0x600e 0x00ff_0600ec00ff0600dc
2025-04-10 03:29:00.320273 INFO  BF_MC Write LAG node at addr 0x600e with id 255 and next node 0x600f 0x0000_00000000ff0600fc
2025-04-10 03:29:00.320278 INFO  BF_MC Write LAG node at addr 0x600f with id 255 and next node 0x6010 0x00ff_06010c00ff0600fc
2025-04-10 03:29:00.320282 INFO  BF_MC Write LAG node at addr 0x6010 with id 255 and next node 0x6011 0x0000_00000000ff06011c
2025-04-10 03:29:00.320286 INFO  BF_MC Write LAG node at addr 0x6011 with id 255 and next node 0x6012 0x00ff_06012c00ff06011c
2025-04-10 03:29:00.320290 INFO  BF_MC Write LAG node at addr 0x6012 with id 255 and next node 0x6013 0x0000_00000000ff06013c
2025-04-10 03:29:00.320294 INFO  BF_MC Write LAG node at addr 0x6013 with id 255 and next node 0x6014 0x00ff_06014c00ff06013c
2025-04-10 03:29:00.320298 INFO  BF_MC Write LAG node at addr 0x6014 with id 255 and next node 0x6015 0x0000_00000000ff06015c
2025-04-10 03:29:00.320302 INFO  BF_MC Write LAG node at addr 0x6015 with id 255 and next node 0x6016 0x00ff_06016c00ff06015c
2025-04-10 03:29:00.320306 INFO  BF_MC Write LAG node at addr 0x6016 with id 255 and next node 0x6017 0x0000_00000000ff06017c
2025-04-10 03:29:00.320311 INFO  BF_MC Write LAG node at addr 0x6017 with id 255 and next node 0x6018 0x00ff_06018c00ff06017c
2025-04-10 03:29:00.320314 INFO  BF_MC Write LAG node at addr 0x6018 with id 255 and next node 0x6019 0x0000_00000000ff06019c
2025-04-10 03:29:00.320318 INFO  BF_MC Write LAG node at addr 0x6019 with id 255 and next node 0x601a 0x00ff_0601ac00ff06019c
2025-04-10 03:29:00.320322 INFO  BF_MC Write LAG node at addr 0x601a with id 255 and next node 0x601b 0x0000_00000000ff0601bc
2025-04-10 03:29:00.320327 INFO  BF_MC Write LAG node at addr 0x601b with id 255 and next node 0x601c 0x00ff_0601cc00ff0601bc
2025-04-10 03:29:00.320331 INFO  BF_MC Write LAG node at addr 0x601c with id 255 and next node 0x601d 0x0000_00000000ff0601dc
2025-04-10 03:29:00.320335 INFO  BF_MC Write LAG node at addr 0x601d with id 255 and next node 0x601e 0x00ff_0601ec00ff0601dc
2025-04-10 03:29:00.320339 INFO  BF_MC Write LAG node at addr 0x601e with id 255 and next node 0x601f 0x0000_00000000ff0601fc
2025-04-10 03:29:00.320343 INFO  BF_MC Write LAG node at addr 0x601f with id 255 and next node 0x6020 0x00ff_06020c00ff0601fc
2025-04-10 03:29:00.320347 INFO  BF_MC Write LAG node at addr 0x6020 with id 255 and next node 0x6021 0x0000_00000000ff06021c
2025-04-10 03:29:00.320351 INFO  BF_MC Write LAG node at addr 0x6021 with id 255 and next node 0x6022 0x00ff_06022c00ff06021c
2025-04-10 03:29:00.320355 INFO  BF_MC Write LAG node at addr 0x6022 with id 255 and next node 0x6023 0x0000_00000000ff06023c
2025-04-10 03:29:00.320360 INFO  BF_MC Write LAG node at addr 0x6023 with id 255 and next node 0x6024 0x00ff_06024c00ff06023c
2025-04-10 03:29:00.320365 INFO  BF_MC Write LAG node at addr 0x6024 with id 255 and next node 0x6025 0x0000_00000000ff06025c
2025-04-10 03:29:00.320369 INFO  BF_MC Write LAG node at addr 0x6025 with id 255 and next node 0x6026 0x00ff_06026c00ff06025c
2025-04-10 03:29:00.320373 INFO  BF_MC Write LAG node at addr 0x6026 with id 255 and next node 0x6027 0x0000_00000000ff06027c
2025-04-10 03:29:00.320378 INFO  BF_MC Write LAG node at addr 0x6027 with id 255 and next node 0x6028 0x00ff_06028c00ff06027c
2025-04-10 03:29:00.320382 INFO  BF_MC Write LAG node at addr 0x6028 with id 255 and next node 0x6029 0x0000_00000000ff06029c
2025-04-10 03:29:00.320386 INFO  BF_MC Write LAG node at addr 0x6029 with id 255 and next node 0x602a 0x00ff_0602ac00ff06029c
2025-04-10 03:29:00.320389 INFO  BF_MC Write LAG node at addr 0x602a with id 255 and next node 0x602b 0x0000_00000000ff0602bc
2025-04-10 03:29:00.320394 INFO  BF_MC Write LAG node at addr 0x602b with id 255 and next node 0x602c 0x00ff_0602cc00ff0602bc
2025-04-10 03:29:00.320398 INFO  BF_MC Write LAG node at addr 0x602c with id 255 and next node 0x602d 0x0000_00000000ff0602dc
2025-04-10 03:29:00.320402 INFO  BF_MC Write LAG node at addr 0x602d with id 255 and next node 0x602e 0x00ff_0602ec00ff0602dc
2025-04-10 03:29:00.320406 INFO  BF_MC Write LAG node at addr 0x602e with id 255 and next node 0x602f 0x0000_00000000ff0602fc
2025-04-10 03:29:00.320410 INFO  BF_MC Write LAG node at addr 0x602f with id 255 and next node 0x6030 0x00ff_06030c00ff0602fc
2025-04-10 03:29:00.320414 INFO  BF_MC Write LAG node at addr 0x6030 with id 255 and next node 0x6031 0x0000_00000000ff06031c
2025-04-10 03:29:00.320418 INFO  BF_MC Write LAG node at addr 0x6031 with id 255 and next node 0x6032 0x00ff_06032c00ff06031c
2025-04-10 03:29:00.320422 INFO  BF_MC Write LAG node at addr 0x6032 with id 255 and next node 0x6033 0x0000_00000000ff06033c
2025-04-10 03:29:00.320427 INFO  BF_MC Write LAG node at addr 0x6033 with id 255 and next node 0x6034 0x00ff_06034c00ff06033c
2025-04-10 03:29:00.320431 INFO  BF_MC Write LAG node at addr 0x6034 with id 255 and next node 0x6035 0x0000_00000000ff06035c
2025-04-10 03:29:00.320435 INFO  BF_MC Write LAG node at addr 0x6035 with id 255 and next node 0x6036 0x00ff_06036c00ff06035c
2025-04-10 03:29:00.320439 INFO  BF_MC Write LAG node at addr 0x6036 with id 255 and next node 0x6037 0x0000_00000000ff06037c
2025-04-10 03:29:00.320443 INFO  BF_MC Write LAG node at addr 0x6037 with id 255 and next node 0x6038 0x00ff_06038c00ff06037c
2025-04-10 03:29:00.320447 INFO  BF_MC Write LAG node at addr 0x6038 with id 255 and next node 0x6039 0x0000_00000000ff06039c
2025-04-10 03:29:00.320451 INFO  BF_MC Write LAG node at addr 0x6039 with id 255 and next node 0x603a 0x00ff_0603ac00ff06039c
2025-04-10 03:29:00.320455 INFO  BF_MC Write LAG node at addr 0x603a with id 255 and next node 0x603b 0x0000_00000000ff0603bc
2025-04-10 03:29:00.320459 INFO  BF_MC Write LAG node at addr 0x603b with id 255 and next node 0x603c 0x00ff_0603cc00ff0603bc
2025-04-10 03:29:00.320463 INFO  BF_MC Write LAG node at addr 0x603c with id 255 and next node 0x603d 0x0000_00000000ff0603dc
2025-04-10 03:29:00.320467 INFO  BF_MC Write LAG node at addr 0x603d with id 255 and next node 0x603e 0x00ff_0603ec00ff0603dc
2025-04-10 03:29:00.320471 INFO  BF_MC Write LAG node at addr 0x603e with id 255 and next node 0x603f 0x0000_00000000ff0603fc
2025-04-10 03:29:00.320476 INFO  BF_MC Write LAG node at addr 0x603f with id 255 and next node 0x6040 0x00ff_06040c00ff0603fc
2025-04-10 03:29:00.320480 INFO  BF_MC Write LAG node at addr 0x6040 with id 255 and next node 0x6041 0x0000_00000000ff06041c
2025-04-10 03:29:00.320483 INFO  BF_MC Write LAG node at addr 0x6041 with id 255 and next node 0x6042 0x00ff_06042c00ff06041c
2025-04-10 03:29:00.320487 INFO  BF_MC Write LAG node at addr 0x6042 with id 255 and next node 0x6043 0x0000_00000000ff06043c
2025-04-10 03:29:00.320492 INFO  BF_MC Write LAG node at addr 0x6043 with id 255 and next node 0x6044 0x00ff_06044c00ff06043c
2025-04-10 03:29:00.320496 INFO  BF_MC Write LAG node at addr 0x6044 with id 255 and next node 0x6045 0x0000_00000000ff06045c
2025-04-10 03:29:00.320501 INFO  BF_MC Write LAG node at addr 0x6045 with id 255 and next node 0x6046 0x00ff_06046c00ff06045c
2025-04-10 03:29:00.320505 INFO  BF_MC Write LAG node at addr 0x6046 with id 255 and next node 0x6047 0x0000_00000000ff06047c
2025-04-10 03:29:00.320510 INFO  BF_MC Write LAG node at addr 0x6047 with id 255 and next node 0x6048 0x00ff_06048c00ff06047c
2025-04-10 03:29:00.320514 INFO  BF_MC Write LAG node at addr 0x6048 with id 255 and next node 0x6049 0x0000_00000000ff06049c
2025-04-10 03:29:00.320518 INFO  BF_MC Write LAG node at addr 0x6049 with id 255 and next node 0x604a 0x00ff_0604ac00ff06049c
2025-04-10 03:29:00.320522 INFO  BF_MC Write LAG node at addr 0x604a with id 255 and next node 0x604b 0x0000_00000000ff0604bc
2025-04-10 03:29:00.320526 INFO  BF_MC Write LAG node at addr 0x604b with id 255 and next node 0x604c 0x00ff_0604cc00ff0604bc
2025-04-10 03:29:00.320530 INFO  BF_MC Write LAG node at addr 0x604c with id 255 and next node 0x604d 0x0000_00000000ff0604dc
2025-04-10 03:29:00.320534 INFO  BF_MC Write LAG node at addr 0x604d with id 255 and next node 0x604e 0x00ff_0604ec00ff0604dc
2025-04-10 03:29:00.320538 INFO  BF_MC Write LAG node at addr 0x604e with id 255 and next node 0x604f 0x0000_00000000ff0604fc
2025-04-10 03:29:00.320542 INFO  BF_MC Write LAG node at addr 0x604f with id 255 and next node 0x6050 0x00ff_06050c00ff0604fc
2025-04-10 03:29:00.320548 INFO  BF_MC Write LAG node at addr 0x6050 with id 255 and next node 0x6051 0x0000_00000000ff06051c
2025-04-10 03:29:00.320552 INFO  BF_MC Write LAG node at addr 0x6051 with id 255 and next node 0x6052 0x00ff_06052c00ff06051c
2025-04-10 03:29:00.320556 INFO  BF_MC Write LAG node at addr 0x6052 with id 255 and next node 0x6053 0x0000_00000000ff06053c
2025-04-10 03:29:00.320560 INFO  BF_MC Write LAG node at addr 0x6053 with id 255 and next node 0x6054 0x00ff_06054c00ff06053c
2025-04-10 03:29:00.320564 INFO  BF_MC Write LAG node at addr 0x6054 with id 255 and next node 0x6055 0x0000_00000000ff06055c
2025-04-10 03:29:00.320568 INFO  BF_MC Write LAG node at addr 0x6055 with id 255 and next node 0x6056 0x00ff_06056c00ff06055c
2025-04-10 03:29:00.320572 INFO  BF_MC Write LAG node at addr 0x6056 with id 255 and next node 0x6057 0x0000_00000000ff06057c
2025-04-10 03:29:00.320577 INFO  BF_MC Write LAG node at addr 0x6057 with id 255 and next node 0x6058 0x00ff_06058c00ff06057c
2025-04-10 03:29:00.320581 INFO  BF_MC Write LAG node at addr 0x6058 with id 255 and next node 0x6059 0x0000_00000000ff06059c
2025-04-10 03:29:00.320585 INFO  BF_MC Write LAG node at addr 0x6059 with id 255 and next node 0x605a 0x00ff_0605ac00ff06059c
2025-04-10 03:29:00.320588 INFO  BF_MC Write LAG node at addr 0x605a with id 255 and next node 0x605b 0x0000_00000000ff0605bc
2025-04-10 03:29:00.320593 INFO  BF_MC Write LAG node at addr 0x605b with id 255 and next node 0x605c 0x00ff_0605cc00ff0605bc
2025-04-10 03:29:00.320597 INFO  BF_MC Write LAG node at addr 0x605c with id 255 and next node 0x605d 0x0000_00000000ff0605dc
2025-04-10 03:29:00.320601 INFO  BF_MC Write LAG node at addr 0x605d with id 255 and next node 0x605e 0x00ff_0605ec00ff0605dc
2025-04-10 03:29:00.320605 INFO  BF_MC Write LAG node at addr 0x605e with id 255 and next node 0x605f 0x0000_00000000ff0605fc
2025-04-10 03:29:00.320609 INFO  BF_MC Write LAG node at addr 0x605f with id 255 and next node 0x6060 0x00ff_06060c00ff0605fc
2025-04-10 03:29:00.320613 INFO  BF_MC Write LAG node at addr 0x6060 with id 255 and next node 0x6061 0x0000_00000000ff06061c
2025-04-10 03:29:00.320617 INFO  BF_MC Write LAG node at addr 0x6061 with id 255 and next node 0x6062 0x00ff_06062c00ff06061c
2025-04-10 03:29:00.320621 INFO  BF_MC Write LAG node at addr 0x6062 with id 255 and next node 0x6063 0x0000_00000000ff06063c
2025-04-10 03:29:00.320625 INFO  BF_MC Write LAG node at addr 0x6063 with id 255 and next node 0x6064 0x00ff_06064c00ff06063c
2025-04-10 03:29:00.320629 INFO  BF_MC Write LAG node at addr 0x6064 with id 255 and next node 0x6065 0x0000_00000000ff06065c
2025-04-10 03:29:00.320635 INFO  BF_MC Write LAG node at addr 0x6065 with id 255 and next node 0x6066 0x00ff_06066c00ff06065c
2025-04-10 03:29:00.320638 INFO  BF_MC Write LAG node at addr 0x6066 with id 255 and next node 0x6067 0x0000_00000000ff06067c
2025-04-10 03:29:00.320643 INFO  BF_MC Write LAG node at addr 0x6067 with id 255 and next node 0x6068 0x00ff_06068c00ff06067c
2025-04-10 03:29:00.320647 INFO  BF_MC Write LAG node at addr 0x6068 with id 255 and next node 0x6069 0x0000_00000000ff06069c
2025-04-10 03:29:00.320651 INFO  BF_MC Write LAG node at addr 0x6069 with id 255 and next node 0x606a 0x00ff_0606ac00ff06069c
2025-04-10 03:29:00.320654 INFO  BF_MC Write LAG node at addr 0x606a with id 255 and next node 0x606b 0x0000_00000000ff0606bc
2025-04-10 03:29:00.320659 INFO  BF_MC Write LAG node at addr 0x606b with id 255 and next node 0x606c 0x00ff_0606cc00ff0606bc
2025-04-10 03:29:00.320663 INFO  BF_MC Write LAG node at addr 0x606c with id 255 and next node 0x606d 0x0000_00000000ff0606dc
2025-04-10 03:29:00.320667 INFO  BF_MC Write LAG node at addr 0x606d with id 255 and next node 0x606e 0x00ff_0606ec00ff0606dc
2025-04-10 03:29:00.320671 INFO  BF_MC Write LAG node at addr 0x606e with id 255 and next node 0x606f 0x0000_00000000ff0606fc
2025-04-10 03:29:00.320675 INFO  BF_MC Write LAG node at addr 0x606f with id 255 and next node 0x6070 0x00ff_06070c00ff0606fc
2025-04-10 03:29:00.320680 INFO  BF_MC Write LAG node at addr 0x6070 with id 255 and next node 0x6071 0x0000_00000000ff06071c
2025-04-10 03:29:00.320684 INFO  BF_MC Write LAG node at addr 0x6071 with id 255 and next node 0x6072 0x00ff_06072c00ff06071c
2025-04-10 03:29:00.320687 INFO  BF_MC Write LAG node at addr 0x6072 with id 255 and next node 0x6073 0x0000_00000000ff06073c
2025-04-10 03:29:00.320692 INFO  BF_MC Write LAG node at addr 0x6073 with id 255 and next node 0x6074 0x00ff_06074c00ff06073c
2025-04-10 03:29:00.320696 INFO  BF_MC Write LAG node at addr 0x6074 with id 255 and next node 0x6075 0x0000_00000000ff06075c
2025-04-10 03:29:00.320700 INFO  BF_MC Write LAG node at addr 0x6075 with id 255 and next node 0x6076 0x00ff_06076c00ff06075c
2025-04-10 03:29:00.320704 INFO  BF_MC Write LAG node at addr 0x6076 with id 255 and next node 0x6077 0x0000_00000000ff06077c
2025-04-10 03:29:00.320708 INFO  BF_MC Write LAG node at addr 0x6077 with id 255 and next node 0x6078 0x00ff_06078c00ff06077c
2025-04-10 03:29:00.320712 INFO  BF_MC Write LAG node at addr 0x6078 with id 255 and next node 0x6079 0x0000_00000000ff06079c
2025-04-10 03:29:00.320716 INFO  BF_MC Write LAG node at addr 0x6079 with id 255 and next node 0x607a 0x00ff_0607ac00ff06079c
2025-04-10 03:29:00.320720 INFO  BF_MC Write LAG node at addr 0x607a with id 255 and next node 0x607b 0x0000_00000000ff0607bc
2025-04-10 03:29:00.320725 INFO  BF_MC Write LAG node at addr 0x607b with id 255 and next node 0x607c 0x00ff_0607cc00ff0607bc
2025-04-10 03:29:00.320729 INFO  BF_MC Write LAG node at addr 0x607c with id 255 and next node 0x607d 0x0000_00000000ff0607dc
2025-04-10 03:29:00.320732 INFO  BF_MC Write LAG node at addr 0x607d with id 255 and next node 0x607e 0x00ff_0607ec00ff0607dc
2025-04-10 03:29:00.320736 INFO  BF_MC Write LAG node at addr 0x607e with id 255 and next node 0x607f 0x0000_00000000ff0607fc
2025-04-10 03:29:00.320741 INFO  BF_MC Write LAG node at addr 0x607f with id 255 and next node 0x6080 0x00ff_06080c00ff0607fc
2025-04-10 03:29:00.320745 INFO  BF_MC Write LAG node at addr 0x6080 with id 255 and next node 0x6081 0x0000_00000000ff06081c
2025-04-10 03:29:00.320748 INFO  BF_MC Write LAG node at addr 0x6081 with id 255 and next node 0x6082 0x00ff_06082c00ff06081c
2025-04-10 03:29:00.320752 INFO  BF_MC Write LAG node at addr 0x6082 with id 255 and next node 0x6083 0x0000_00000000ff06083c
2025-04-10 03:29:00.320757 INFO  BF_MC Write LAG node at addr 0x6083 with id 255 and next node 0x6084 0x00ff_06084c00ff06083c
2025-04-10 03:29:00.320761 INFO  BF_MC Write LAG node at addr 0x6084 with id 255 and next node 0x6085 0x0000_00000000ff06085c
2025-04-10 03:29:00.320765 INFO  BF_MC Write LAG node at addr 0x6085 with id 255 and next node 0x6086 0x00ff_06086c00ff06085c
2025-04-10 03:29:00.320770 INFO  BF_MC Write LAG node at addr 0x6086 with id 255 and next node 0x6087 0x0000_00000000ff06087c
2025-04-10 03:29:00.320775 INFO  BF_MC Write LAG node at addr 0x6087 with id 255 and next node 0x6088 0x00ff_06088c00ff06087c
2025-04-10 03:29:00.320779 INFO  BF_MC Write LAG node at addr 0x6088 with id 255 and next node 0x6089 0x0000_00000000ff06089c
2025-04-10 03:29:00.320782 INFO  BF_MC Write LAG node at addr 0x6089 with id 255 and next node 0x608a 0x00ff_0608ac00ff06089c
2025-04-10 03:29:00.320786 INFO  BF_MC Write LAG node at addr 0x608a with id 255 and next node 0x608b 0x0000_00000000ff0608bc
2025-04-10 03:29:00.320791 INFO  BF_MC Write LAG node at addr 0x608b with id 255 and next node 0x608c 0x00ff_0608cc00ff0608bc
2025-04-10 03:29:00.320795 INFO  BF_MC Write LAG node at addr 0x608c with id 255 and next node 0x608d 0x0000_00000000ff0608dc
2025-04-10 03:29:00.320798 INFO  BF_MC Write LAG node at addr 0x608d with id 255 and next node 0x608e 0x00ff_0608ec00ff0608dc
2025-04-10 03:29:00.320802 INFO  BF_MC Write LAG node at addr 0x608e with id 255 and next node 0x608f 0x0000_00000000ff0608fc
2025-04-10 03:29:00.320807 INFO  BF_MC Write LAG node at addr 0x608f with id 255 and next node 0x6090 0x00ff_06090c00ff0608fc
2025-04-10 03:29:00.320811 INFO  BF_MC Write LAG node at addr 0x6090 with id 255 and next node 0x6091 0x0000_00000000ff06091c
2025-04-10 03:29:00.320815 INFO  BF_MC Write LAG node at addr 0x6091 with id 255 and next node 0x6092 0x00ff_06092c00ff06091c
2025-04-10 03:29:00.320819 INFO  BF_MC Write LAG node at addr 0x6092 with id 255 and next node 0x6093 0x0000_00000000ff06093c
2025-04-10 03:29:00.320824 INFO  BF_MC Write LAG node at addr 0x6093 with id 255 and next node 0x6094 0x00ff_06094c00ff06093c
2025-04-10 03:29:00.320827 INFO  BF_MC Write LAG node at addr 0x6094 with id 255 and next node 0x6095 0x0000_00000000ff06095c
2025-04-10 03:29:00.320831 INFO  BF_MC Write LAG node at addr 0x6095 with id 255 and next node 0x6096 0x00ff_06096c00ff06095c
2025-04-10 03:29:00.320835 INFO  BF_MC Write LAG node at addr 0x6096 with id 255 and next node 0x6097 0x0000_00000000ff06097c
2025-04-10 03:29:00.320840 INFO  BF_MC Write LAG node at addr 0x6097 with id 255 and next node 0x6098 0x00ff_06098c00ff06097c
2025-04-10 03:29:00.320843 INFO  BF_MC Write LAG node at addr 0x6098 with id 255 and next node 0x6099 0x0000_00000000ff06099c
2025-04-10 03:29:00.320847 INFO  BF_MC Write LAG node at addr 0x6099 with id 255 and next node 0x609a 0x00ff_0609ac00ff06099c
2025-04-10 03:29:00.320851 INFO  BF_MC Write LAG node at addr 0x609a with id 255 and next node 0x609b 0x0000_00000000ff0609bc
2025-04-10 03:29:00.320856 INFO  BF_MC Write LAG node at addr 0x609b with id 255 and next node 0x609c 0x00ff_0609cc00ff0609bc
2025-04-10 03:29:00.320859 INFO  BF_MC Write LAG node at addr 0x609c with id 255 and next node 0x609d 0x0000_00000000ff0609dc
2025-04-10 03:29:00.320863 INFO  BF_MC Write LAG node at addr 0x609d with id 255 and next node 0x609e 0x00ff_0609ec00ff0609dc
2025-04-10 03:29:00.320867 INFO  BF_MC Write LAG node at addr 0x609e with id 255 and next node 0x609f 0x0000_00000000ff0609fc
2025-04-10 03:29:00.320872 INFO  BF_MC Write LAG node at addr 0x609f with id 255 and next node 0x60a0 0x00ff_060a0c00ff0609fc
2025-04-10 03:29:00.320875 INFO  BF_MC Write LAG node at addr 0x60a0 with id 255 and next node 0x60a1 0x0000_00000000ff060a1c
2025-04-10 03:29:00.320879 INFO  BF_MC Write LAG node at addr 0x60a1 with id 255 and next node 0x60a2 0x00ff_060a2c00ff060a1c
2025-04-10 03:29:00.320883 INFO  BF_MC Write LAG node at addr 0x60a2 with id 255 and next node 0x60a3 0x0000_00000000ff060a3c
2025-04-10 03:29:00.320888 INFO  BF_MC Write LAG node at addr 0x60a3 with id 255 and next node 0x60a4 0x00ff_060a4c00ff060a3c
2025-04-10 03:29:00.320891 INFO  BF_MC Write LAG node at addr 0x60a4 with id 255 and next node 0x60a5 0x0000_00000000ff060a5c
2025-04-10 03:29:00.320895 INFO  BF_MC Write LAG node at addr 0x60a5 with id 255 and next node 0x60a6 0x00ff_060a6c00ff060a5c
2025-04-10 03:29:00.320901 INFO  BF_MC Write LAG node at addr 0x60a6 with id 255 and next node 0x60a7 0x0000_00000000ff060a7c
2025-04-10 03:29:00.320905 INFO  BF_MC Write LAG node at addr 0x60a7 with id 255 and next node 0x60a8 0x00ff_060a8c00ff060a7c
2025-04-10 03:29:00.320909 INFO  BF_MC Write LAG node at addr 0x60a8 with id 255 and next node 0x60a9 0x0000_00000000ff060a9c
2025-04-10 03:29:00.320913 INFO  BF_MC Write LAG node at addr 0x60a9 with id 255 and next node 0x60aa 0x00ff_060aac00ff060a9c
2025-04-10 03:29:00.320917 INFO  BF_MC Write LAG node at addr 0x60aa with id 255 and next node 0x60ab 0x0000_00000000ff060abc
2025-04-10 03:29:00.320922 INFO  BF_MC Write LAG node at addr 0x60ab with id 255 and next node 0x60ac 0x00ff_060acc00ff060abc
2025-04-10 03:29:00.320925 INFO  BF_MC Write LAG node at addr 0x60ac with id 255 and next node 0x60ad 0x0000_00000000ff060adc
2025-04-10 03:29:00.320929 INFO  BF_MC Write LAG node at addr 0x60ad with id 255 and next node 0x60ae 0x00ff_060aec00ff060adc
2025-04-10 03:29:00.320933 INFO  BF_MC Write LAG node at addr 0x60ae with id 255 and next node 0x60af 0x0000_00000000ff060afc
2025-04-10 03:29:00.320938 INFO  BF_MC Write LAG node at addr 0x60af with id 255 and next node 0x60b0 0x00ff_060b0c00ff060afc
2025-04-10 03:29:00.320942 INFO  BF_MC Write LAG node at addr 0x60b0 with id 255 and next node 0x60b1 0x0000_00000000ff060b1c
2025-04-10 03:29:00.320946 INFO  BF_MC Write LAG node at addr 0x60b1 with id 255 and next node 0x60b2 0x00ff_060b2c00ff060b1c
2025-04-10 03:29:00.320950 INFO  BF_MC Write LAG node at addr 0x60b2 with id 255 and next node 0x60b3 0x0000_00000000ff060b3c
2025-04-10 03:29:00.320954 INFO  BF_MC Write LAG node at addr 0x60b3 with id 255 and next node 0x60b4 0x00ff_060b4c00ff060b3c
2025-04-10 03:29:00.320958 INFO  BF_MC Write LAG node at addr 0x60b4 with id 255 and next node 0x60b5 0x0000_00000000ff060b5c
2025-04-10 03:29:00.320962 INFO  BF_MC Write LAG node at addr 0x60b5 with id 255 and next node 0x60b6 0x00ff_060b6c00ff060b5c
2025-04-10 03:29:00.320966 INFO  BF_MC Write LAG node at addr 0x60b6 with id 255 and next node 0x60b7 0x0000_00000000ff060b7c
2025-04-10 03:29:00.320971 INFO  BF_MC Write LAG node at addr 0x60b7 with id 255 and next node 0x60b8 0x00ff_060b8c00ff060b7c
2025-04-10 03:29:00.320974 INFO  BF_MC Write LAG node at addr 0x60b8 with id 255 and next node 0x60b9 0x0000_00000000ff060b9c
2025-04-10 03:29:00.320978 INFO  BF_MC Write LAG node at addr 0x60b9 with id 255 and next node 0x60ba 0x00ff_060bac00ff060b9c
2025-04-10 03:29:00.320982 INFO  BF_MC Write LAG node at addr 0x60ba with id 255 and next node 0x60bb 0x0000_00000000ff060bbc
2025-04-10 03:29:00.320986 INFO  BF_MC Write LAG node at addr 0x60bb with id 255 and next node 0x60bc 0x00ff_060bcc00ff060bbc
2025-04-10 03:29:00.320990 INFO  BF_MC Write LAG node at addr 0x60bc with id 255 and next node 0x60bd 0x0000_00000000ff060bdc
2025-04-10 03:29:00.320994 INFO  BF_MC Write LAG node at addr 0x60bd with id 255 and next node 0x60be 0x00ff_060bec00ff060bdc
2025-04-10 03:29:00.320998 INFO  BF_MC Write LAG node at addr 0x60be with id 255 and next node 0x60bf 0x0000_00000000ff060bfc
2025-04-10 03:29:00.321002 INFO  BF_MC Write LAG node at addr 0x60bf with id 255 and next node 0x60c0 0x00ff_060c0c00ff060bfc
2025-04-10 03:29:00.321006 INFO  BF_MC Write LAG node at addr 0x60c0 with id 255 and next node 0x60c1 0x0000_00000000ff060c1c
2025-04-10 03:29:00.321010 INFO  BF_MC Write LAG node at addr 0x60c1 with id 255 and next node 0x60c2 0x00ff_060c2c00ff060c1c
2025-04-10 03:29:00.321014 INFO  BF_MC Write LAG node at addr 0x60c2 with id 255 and next node 0x60c3 0x0000_00000000ff060c3c
2025-04-10 03:29:00.321018 INFO  BF_MC Write LAG node at addr 0x60c3 with id 255 and next node 0x60c4 0x00ff_060c4c00ff060c3c
2025-04-10 03:29:00.321022 INFO  BF_MC Write LAG node at addr 0x60c4 with id 255 and next node 0x60c5 0x0000_00000000ff060c5c
2025-04-10 03:29:00.321026 INFO  BF_MC Write LAG node at addr 0x60c5 with id 255 and next node 0x60c6 0x00ff_060c6c00ff060c5c
2025-04-10 03:29:00.321030 INFO  BF_MC Write LAG node at addr 0x60c6 with id 255 and next node 0x60c7 0x0000_00000000ff060c7c
2025-04-10 03:29:00.321036 INFO  BF_MC Write LAG node at addr 0x60c7 with id 255 and next node 0x60c8 0x00ff_060c8c00ff060c7c
2025-04-10 03:29:00.321040 INFO  BF_MC Write LAG node at addr 0x60c8 with id 255 and next node 0x60c9 0x0000_00000000ff060c9c
2025-04-10 03:29:00.321044 INFO  BF_MC Write LAG node at addr 0x60c9 with id 255 and next node 0x60ca 0x00ff_060cac00ff060c9c
2025-04-10 03:29:00.321048 INFO  BF_MC Write LAG node at addr 0x60ca with id 255 and next node 0x60cb 0x0000_00000000ff060cbc
2025-04-10 03:29:00.321052 INFO  BF_MC Write LAG node at addr 0x60cb with id 255 and next node 0x60cc 0x00ff_060ccc00ff060cbc
2025-04-10 03:29:00.321056 INFO  BF_MC Write LAG node at addr 0x60cc with id 255 and next node 0x60cd 0x0000_00000000ff060cdc
2025-04-10 03:29:00.321060 INFO  BF_MC Write LAG node at addr 0x60cd with id 255 and next node 0x60ce 0x00ff_060cec00ff060cdc
2025-04-10 03:29:00.321064 INFO  BF_MC Write LAG node at addr 0x60ce with id 255 and next node 0x60cf 0x0000_00000000ff060cfc
2025-04-10 03:29:00.321068 INFO  BF_MC Write LAG node at addr 0x60cf with id 255 and next node 0x60d0 0x00ff_060d0c00ff060cfc
2025-04-10 03:29:00.321073 INFO  BF_MC Write LAG node at addr 0x60d0 with id 255 and next node 0x60d1 0x0000_00000000ff060d1c
2025-04-10 03:29:00.321077 INFO  BF_MC Write LAG node at addr 0x60d1 with id 255 and next node 0x60d2 0x00ff_060d2c00ff060d1c
2025-04-10 03:29:00.321081 INFO  BF_MC Write LAG node at addr 0x60d2 with id 255 and next node 0x60d3 0x0000_00000000ff060d3c
2025-04-10 03:29:00.321085 INFO  BF_MC Write LAG node at addr 0x60d3 with id 255 and next node 0x60d4 0x00ff_060d4c00ff060d3c
2025-04-10 03:29:00.321089 INFO  BF_MC Write LAG node at addr 0x60d4 with id 255 and next node 0x60d5 0x0000_00000000ff060d5c
2025-04-10 03:29:00.321093 INFO  BF_MC Write LAG node at addr 0x60d5 with id 255 and next node 0x60d6 0x00ff_060d6c00ff060d5c
2025-04-10 03:29:00.321097 INFO  BF_MC Write LAG node at addr 0x60d6 with id 255 and next node 0x60d7 0x0000_00000000ff060d7c
2025-04-10 03:29:00.321108 INFO  BF_MC Write LAG node at addr 0x60d7 with id 255 and next node 0x60d8 0x00ff_060d8c00ff060d7c
2025-04-10 03:29:00.321112 INFO  BF_MC Write LAG node at addr 0x60d8 with id 255 and next node 0x60d9 0x0000_00000000ff060d9c
2025-04-10 03:29:00.321116 INFO  BF_MC Write LAG node at addr 0x60d9 with id 255 and next node 0x60da 0x00ff_060dac00ff060d9c
2025-04-10 03:29:00.321120 INFO  BF_MC Write LAG node at addr 0x60da with id 255 and next node 0x60db 0x0000_00000000ff060dbc
2025-04-10 03:29:00.321124 INFO  BF_MC Write LAG node at addr 0x60db with id 255 and next node 0x60dc 0x00ff_060dcc00ff060dbc
2025-04-10 03:29:00.321128 INFO  BF_MC Write LAG node at addr 0x60dc with id 255 and next node 0x60dd 0x0000_00000000ff060ddc
2025-04-10 03:29:00.321132 INFO  BF_MC Write LAG node at addr 0x60dd with id 255 and next node 0x60de 0x00ff_060dec00ff060ddc
2025-04-10 03:29:00.321136 INFO  BF_MC Write LAG node at addr 0x60de with id 255 and next node 0x60df 0x0000_00000000ff060dfc
2025-04-10 03:29:00.321140 INFO  BF_MC Write LAG node at addr 0x60df with id 255 and next node 0x60e0 0x00ff_060e0c00ff060dfc
2025-04-10 03:29:00.321144 INFO  BF_MC Write LAG node at addr 0x60e0 with id 255 and next node 0x60e1 0x0000_00000000ff060e1c
2025-04-10 03:29:00.321148 INFO  BF_MC Write LAG node at addr 0x60e1 with id 255 and next node 0x60e2 0x00ff_060e2c00ff060e1c
2025-04-10 03:29:00.321152 INFO  BF_MC Write LAG node at addr 0x60e2 with id 255 and next node 0x60e3 0x0000_00000000ff060e3c
2025-04-10 03:29:00.321157 INFO  BF_MC Write LAG node at addr 0x60e3 with id 255 and next node 0x60e4 0x00ff_060e4c00ff060e3c
2025-04-10 03:29:00.321160 INFO  BF_MC Write LAG node at addr 0x60e4 with id 255 and next node 0x60e5 0x0000_00000000ff060e5c
2025-04-10 03:29:00.321164 INFO  BF_MC Write LAG node at addr 0x60e5 with id 255 and next node 0x60e6 0x00ff_060e6c00ff060e5c
2025-04-10 03:29:00.321168 INFO  BF_MC Write LAG node at addr 0x60e6 with id 255 and next node 0x60e7 0x0000_00000000ff060e7c
2025-04-10 03:29:00.321174 INFO  BF_MC Write LAG node at addr 0x60e7 with id 255 and next node 0x60e8 0x00ff_060e8c00ff060e7c
2025-04-10 03:29:00.321178 INFO  BF_MC Write LAG node at addr 0x60e8 with id 255 and next node 0x60e9 0x0000_00000000ff060e9c
2025-04-10 03:29:00.321182 INFO  BF_MC Write LAG node at addr 0x60e9 with id 255 and next node 0x60ea 0x00ff_060eac00ff060e9c
2025-04-10 03:29:00.321186 INFO  BF_MC Write LAG node at addr 0x60ea with id 255 and next node 0x60eb 0x0000_00000000ff060ebc
2025-04-10 03:29:00.321190 INFO  BF_MC Write LAG node at addr 0x60eb with id 255 and next node 0x60ec 0x00ff_060ecc00ff060ebc
2025-04-10 03:29:00.321194 INFO  BF_MC Write LAG node at addr 0x60ec with id 255 and next node 0x60ed 0x0000_00000000ff060edc
2025-04-10 03:29:00.321198 INFO  BF_MC Write LAG node at addr 0x60ed with id 255 and next node 0x60ee 0x00ff_060eec00ff060edc
2025-04-10 03:29:00.321202 INFO  BF_MC Write LAG node at addr 0x60ee with id 255 and next node 0x60ef 0x0000_00000000ff060efc
2025-04-10 03:29:00.321206 INFO  BF_MC Write LAG node at addr 0x60ef with id 255 and next node 0x60f0 0x00ff_060f0c00ff060efc
2025-04-10 03:29:00.321211 INFO  BF_MC Write LAG node at addr 0x60f0 with id 255 and next node 0x60f1 0x0000_00000000ff060f1c
2025-04-10 03:29:00.321215 INFO  BF_MC Write LAG node at addr 0x60f1 with id 255 and next node 0x60f2 0x00ff_060f2c00ff060f1c
2025-04-10 03:29:00.321219 INFO  BF_MC Write LAG node at addr 0x60f2 with id 255 and next node 0x60f3 0x0000_00000000ff060f3c
2025-04-10 03:29:00.321223 INFO  BF_MC Write LAG node at addr 0x60f3 with id 255 and next node 0x60f4 0x00ff_060f4c00ff060f3c
2025-04-10 03:29:00.321227 INFO  BF_MC Write LAG node at addr 0x60f4 with id 255 and next node 0x60f5 0x0000_00000000ff060f5c
2025-04-10 03:29:00.321231 INFO  BF_MC Write LAG node at addr 0x60f5 with id 255 and next node 0x60f6 0x00ff_060f6c00ff060f5c
2025-04-10 03:29:00.321235 INFO  BF_MC Write LAG node at addr 0x60f6 with id 255 and next node 0x60f7 0x0000_00000000ff060f7c
2025-04-10 03:29:00.321239 INFO  BF_MC Write LAG node at addr 0x60f7 with id 255 and next node 0x60f8 0x00ff_060f8c00ff060f7c
2025-04-10 03:29:00.321243 INFO  BF_MC Write LAG node at addr 0x60f8 with id 255 and next node 0x60f9 0x0000_00000000ff060f9c
2025-04-10 03:29:00.321247 INFO  BF_MC Write LAG node at addr 0x60f9 with id 255 and next node 0x60fa 0x00ff_060fac00ff060f9c
2025-04-10 03:29:00.321251 INFO  BF_MC Write LAG node at addr 0x60fa with id 255 and next node 0x60fb 0x0000_00000000ff060fbc
2025-04-10 03:29:00.321256 INFO  BF_MC Write LAG node at addr 0x60fb with id 255 and next node 0x60fc 0x00ff_060fcc00ff060fbc
2025-04-10 03:29:00.321259 INFO  BF_MC Write LAG node at addr 0x60fc with id 255 and next node 0x60fd 0x0000_00000000ff060fdc
2025-04-10 03:29:00.321263 INFO  BF_MC Write LAG node at addr 0x60fd with id 255 and next node 0x60fe 0x00ff_060fec00ff060fdc
2025-04-10 03:29:00.321267 INFO  BF_MC Write LAG node at addr 0x60fe with id 255 and next node 0x60ff 0x0000_00000000ff060ffc
2025-04-10 03:29:00.321272 INFO  BF_MC Write LAG node at addr 0x60ff with id 255 and next node 0x6100 0x00ff_06100c00ff060ffc
2025-04-10 03:29:00.321276 INFO  BF_MC Write LAG node at addr 0x6100 with id 255 and next node 0x6101 0x0000_00000000ff06101c
2025-04-10 03:29:00.321280 INFO  BF_MC Write LAG node at addr 0x6101 with id 255 and next node 0x6102 0x00ff_06102c00ff06101c
2025-04-10 03:29:00.321284 INFO  BF_MC Write LAG node at addr 0x6102 with id 255 and next node 0x6103 0x0000_00000000ff06103c
2025-04-10 03:29:00.321288 INFO  BF_MC Write LAG node at addr 0x6103 with id 255 and next node 0 0x00ff_00000c00ff06103c
2025-04-10 03:29:00.321293 INFO  BF_MC Allocated RDM addresses 0x21c0 - 0x21df
2025-04-10 03:29:00.321297 INFO  BF_MC Write L1End node at addr 0x21c0, rid 0, l2 0x6101
2025-04-10 03:29:00.321301 INFO  BF_MC Write L1End node at addr 0x21c1, rid 0, l2 0x6100
2025-04-10 03:29:00.321305 INFO  BF_MC Write L1End node at addr 0x21c2, rid 0, l2 0x60ff
2025-04-10 03:29:00.321309 INFO  BF_MC Write L1End node at addr 0x21c3, rid 0, l2 0x60fe
2025-04-10 03:29:00.321315 INFO  BF_MC Write L1End node at addr 0x21c4, rid 0, l2 0x60fd
2025-04-10 03:29:00.321319 INFO  BF_MC Write L1End node at addr 0x21c5, rid 0, l2 0x60fc
2025-04-10 03:29:00.321324 INFO  BF_MC Write L1End node at addr 0x21c6, rid 0, l2 0x60fb
2025-04-10 03:29:00.321327 INFO  BF_MC Write L1End node at addr 0x21c7, rid 0, l2 0x60fa
2025-04-10 03:29:00.321331 INFO  BF_MC Write L1End node at addr 0x21c8, rid 0, l2 0x60f8
2025-04-10 03:29:00.321335 INFO  BF_MC Write L1End node at addr 0x21c9, rid 0, l2 0x60f6
2025-04-10 03:29:00.321339 INFO  BF_MC Write L1End node at addr 0x21ca, rid 0, l2 0x60f4
2025-04-10 03:29:00.321343 INFO  BF_MC Write L1End node at addr 0x21cb, rid 0, l2 0x60f2
2025-04-10 03:29:00.321347 INFO  BF_MC Write L1End node at addr 0x21cc, rid 0, l2 0x60f0
2025-04-10 03:29:00.321351 INFO  BF_MC Write L1End node at addr 0x21cd, rid 0, l2 0x60ee
2025-04-10 03:29:00.321355 INFO  BF_MC Write L1End node at addr 0x21ce, rid 0, l2 0x60ec
2025-04-10 03:29:00.321359 INFO  BF_MC Write L1End node at addr 0x21cf, rid 0, l2 0x60ea
2025-04-10 03:29:00.321363 INFO  BF_MC Write L1End node at addr 0x21d0, rid 0, l2 0x60e8
2025-04-10 03:29:00.321366 INFO  BF_MC Write L1End node at addr 0x21d1, rid 0, l2 0x60e6
2025-04-10 03:29:00.321371 INFO  BF_MC Write L1End node at addr 0x21d2, rid 0, l2 0x60e4
2025-04-10 03:29:00.321374 INFO  BF_MC Write L1End node at addr 0x21d3, rid 0, l2 0x60e0
2025-04-10 03:29:00.321378 INFO  BF_MC Write L1End node at addr 0x21d4, rid 0, l2 0x60dc
2025-04-10 03:29:00.321382 INFO  BF_MC Write L1End node at addr 0x21d5, rid 0, l2 0x60d8
2025-04-10 03:29:00.321386 INFO  BF_MC Write L1End node at addr 0x21d6, rid 0, l2 0x60d4
2025-04-10 03:29:00.321389 INFO  BF_MC Write L1End node at addr 0x21d7, rid 0, l2 0x60cc
2025-04-10 03:29:00.321393 INFO  BF_MC Write L1End node at addr 0x21d8, rid 0, l2 0x60c4
2025-04-10 03:29:00.321397 INFO  BF_MC Write L1End node at addr 0x21d9, rid 0, l2 0x60bc
2025-04-10 03:29:00.321401 INFO  BF_MC Write L1End node at addr 0x21da, rid 0, l2 0x60a0
2025-04-10 03:29:00.321405 INFO  BF_MC Write L1End node at addr 0x21db, rid 0, l2 0x6087
2025-04-10 03:29:00.321408 INFO  BF_MC Write L1End node at addr 0x21dc, rid 0, l2 0x606e
2025-04-10 03:29:00.321412 INFO  BF_MC Write L1End node at addr 0x21dd, rid 0, l2 0x6055
2025-04-10 03:29:00.321416 INFO  BF_MC Write L1End node at addr 0x21de, rid 0, l2 0x603c
2025-04-10 03:29:00.321420 INFO  BF_MC Write L1End node at addr 0x21df, rid 0, l2 0x6000
2025-04-10 03:29:00.321425 INFO  BF_MC Allocated RDM addresses 0x7000 - 0x7103
2025-04-10 03:29:00.321428 INFO  BF_MC Write LAG node at addr 0x7000 with id 255 and next node 0x7001 0x0000_00000000ff07001c
2025-04-10 03:29:00.321433 INFO  BF_MC Write LAG node at addr 0x7001 with id 255 and next node 0x7002 0x00ff_07002c00ff07001c
2025-04-10 03:29:00.321437 INFO  BF_MC Write LAG node at addr 0x7002 with id 255 and next node 0x7003 0x0000_00000000ff07003c
2025-04-10 03:29:00.321441 INFO  BF_MC Write LAG node at addr 0x7003 with id 255 and next node 0x7004 0x00ff_07004c00ff07003c
2025-04-10 03:29:00.321445 INFO  BF_MC Write LAG node at addr 0x7004 with id 255 and next node 0x7005 0x0000_00000000ff07005c
2025-04-10 03:29:00.321449 INFO  BF_MC Write LAG node at addr 0x7005 with id 255 and next node 0x7006 0x00ff_07006c00ff07005c
2025-04-10 03:29:00.321453 INFO  BF_MC Write LAG node at addr 0x7006 with id 255 and next node 0x7007 0x0000_00000000ff07007c
2025-04-10 03:29:00.321457 INFO  BF_MC Write LAG node at addr 0x7007 with id 255 and next node 0x7008 0x00ff_07008c00ff07007c
2025-04-10 03:29:00.321461 INFO  BF_MC Write LAG node at addr 0x7008 with id 255 and next node 0x7009 0x0000_00000000ff07009c
2025-04-10 03:29:00.321466 INFO  BF_MC Write LAG node at addr 0x7009 with id 255 and next node 0x700a 0x00ff_0700ac00ff07009c
2025-04-10 03:29:00.321470 INFO  BF_MC Write LAG node at addr 0x700a with id 255 and next node 0x700b 0x0000_00000000ff0700bc
2025-04-10 03:29:00.321474 INFO  BF_MC Write LAG node at addr 0x700b with id 255 and next node 0x700c 0x00ff_0700cc00ff0700bc
2025-04-10 03:29:00.321480 INFO  BF_MC Write LAG node at addr 0x700c with id 255 and next node 0x700d 0x0000_00000000ff0700dc
2025-04-10 03:29:00.321484 INFO  BF_MC Write LAG node at addr 0x700d with id 255 and next node 0x700e 0x00ff_0700ec00ff0700dc
2025-04-10 03:29:00.321488 INFO  BF_MC Write LAG node at addr 0x700e with id 255 and next node 0x700f 0x0000_00000000ff0700fc
2025-04-10 03:29:00.321492 INFO  BF_MC Write LAG node at addr 0x700f with id 255 and next node 0x7010 0x00ff_07010c00ff0700fc
2025-04-10 03:29:00.321496 INFO  BF_MC Write LAG node at addr 0x7010 with id 255 and next node 0x7011 0x0000_00000000ff07011c
2025-04-10 03:29:00.321501 INFO  BF_MC Write LAG node at addr 0x7011 with id 255 and next node 0x7012 0x00ff_07012c00ff07011c
2025-04-10 03:29:00.321504 INFO  BF_MC Write LAG node at addr 0x7012 with id 255 and next node 0x7013 0x0000_00000000ff07013c
2025-04-10 03:29:00.321508 INFO  BF_MC Write LAG node at addr 0x7013 with id 255 and next node 0x7014 0x00ff_07014c00ff07013c
2025-04-10 03:29:00.321512 INFO  BF_MC Write LAG node at addr 0x7014 with id 255 and next node 0x7015 0x0000_00000000ff07015c
2025-04-10 03:29:00.321517 INFO  BF_MC Write LAG node at addr 0x7015 with id 255 and next node 0x7016 0x00ff_07016c00ff07015c
2025-04-10 03:29:00.321521 INFO  BF_MC Write LAG node at addr 0x7016 with id 255 and next node 0x7017 0x0000_00000000ff07017c
2025-04-10 03:29:00.321524 INFO  BF_MC Write LAG node at addr 0x7017 with id 255 and next node 0x7018 0x00ff_07018c00ff07017c
2025-04-10 03:29:00.321528 INFO  BF_MC Write LAG node at addr 0x7018 with id 255 and next node 0x7019 0x0000_00000000ff07019c
2025-04-10 03:29:00.321533 INFO  BF_MC Write LAG node at addr 0x7019 with id 255 and next node 0x701a 0x00ff_0701ac00ff07019c
2025-04-10 03:29:00.321537 INFO  BF_MC Write LAG node at addr 0x701a with id 255 and next node 0x701b 0x0000_00000000ff0701bc
2025-04-10 03:29:00.321541 INFO  BF_MC Write LAG node at addr 0x701b with id 255 and next node 0x701c 0x00ff_0701cc00ff0701bc
2025-04-10 03:29:00.321544 INFO  BF_MC Write LAG node at addr 0x701c with id 255 and next node 0x701d 0x0000_00000000ff0701dc
2025-04-10 03:29:00.321549 INFO  BF_MC Write LAG node at addr 0x701d with id 255 and next node 0x701e 0x00ff_0701ec00ff0701dc
2025-04-10 03:29:00.321553 INFO  BF_MC Write LAG node at addr 0x701e with id 255 and next node 0x701f 0x0000_00000000ff0701fc
2025-04-10 03:29:00.321557 INFO  BF_MC Write LAG node at addr 0x701f with id 255 and next node 0x7020 0x00ff_07020c00ff0701fc
2025-04-10 03:29:00.321560 INFO  BF_MC Write LAG node at addr 0x7020 with id 255 and next node 0x7021 0x0000_00000000ff07021c
2025-04-10 03:29:00.321565 INFO  BF_MC Write LAG node at addr 0x7021 with id 255 and next node 0x7022 0x00ff_07022c00ff07021c
2025-04-10 03:29:00.321569 INFO  BF_MC Write LAG node at addr 0x7022 with id 255 and next node 0x7023 0x0000_00000000ff07023c
2025-04-10 03:29:00.321572 INFO  BF_MC Write LAG node at addr 0x7023 with id 255 and next node 0x7024 0x00ff_07024c00ff07023c
2025-04-10 03:29:00.321576 INFO  BF_MC Write LAG node at addr 0x7024 with id 255 and next node 0x7025 0x0000_00000000ff07025c
2025-04-10 03:29:00.321581 INFO  BF_MC Write LAG node at addr 0x7025 with id 255 and next node 0x7026 0x00ff_07026c00ff07025c
2025-04-10 03:29:00.321585 INFO  BF_MC Write LAG node at addr 0x7026 with id 255 and next node 0x7027 0x0000_00000000ff07027c
2025-04-10 03:29:00.321588 INFO  BF_MC Write LAG node at addr 0x7027 with id 255 and next node 0x7028 0x00ff_07028c00ff07027c
2025-04-10 03:29:00.321592 INFO  BF_MC Write LAG node at addr 0x7028 with id 255 and next node 0x7029 0x0000_00000000ff07029c
2025-04-10 03:29:00.321597 INFO  BF_MC Write LAG node at addr 0x7029 with id 255 and next node 0x702a 0x00ff_0702ac00ff07029c
2025-04-10 03:29:00.321601 INFO  BF_MC Write LAG node at addr 0x702a with id 255 and next node 0x702b 0x0000_00000000ff0702bc
2025-04-10 03:29:00.321605 INFO  BF_MC Write LAG node at addr 0x702b with id 255 and next node 0x702c 0x00ff_0702cc00ff0702bc
2025-04-10 03:29:00.321609 INFO  BF_MC Write LAG node at addr 0x702c with id 255 and next node 0x702d 0x0000_00000000ff0702dc
2025-04-10 03:29:00.321615 INFO  BF_MC Write LAG node at addr 0x702d with id 255 and next node 0x702e 0x00ff_0702ec00ff0702dc
2025-04-10 03:29:00.321619 INFO  BF_MC Write LAG node at addr 0x702e with id 255 and next node 0x702f 0x0000_00000000ff0702fc
2025-04-10 03:29:00.321623 INFO  BF_MC Write LAG node at addr 0x702f with id 255 and next node 0x7030 0x00ff_07030c00ff0702fc
2025-04-10 03:29:00.321627 INFO  BF_MC Write LAG node at addr 0x7030 with id 255 and next node 0x7031 0x0000_00000000ff07031c
2025-04-10 03:29:00.321632 INFO  BF_MC Write LAG node at addr 0x7031 with id 255 and next node 0x7032 0x00ff_07032c00ff07031c
2025-04-10 03:29:00.321636 INFO  BF_MC Write LAG node at addr 0x7032 with id 255 and next node 0x7033 0x0000_00000000ff07033c
2025-04-10 03:29:00.321639 INFO  BF_MC Write LAG node at addr 0x7033 with id 255 and next node 0x7034 0x00ff_07034c00ff07033c
2025-04-10 03:29:00.321643 INFO  BF_MC Write LAG node at addr 0x7034 with id 255 and next node 0x7035 0x0000_00000000ff07035c
2025-04-10 03:29:00.321648 INFO  BF_MC Write LAG node at addr 0x7035 with id 255 and next node 0x7036 0x00ff_07036c00ff07035c
2025-04-10 03:29:00.321651 INFO  BF_MC Write LAG node at addr 0x7036 with id 255 and next node 0x7037 0x0000_00000000ff07037c
2025-04-10 03:29:00.321655 INFO  BF_MC Write LAG node at addr 0x7037 with id 255 and next node 0x7038 0x00ff_07038c00ff07037c
2025-04-10 03:29:00.321659 INFO  BF_MC Write LAG node at addr 0x7038 with id 255 and next node 0x7039 0x0000_00000000ff07039c
2025-04-10 03:29:00.321664 INFO  BF_MC Write LAG node at addr 0x7039 with id 255 and next node 0x703a 0x00ff_0703ac00ff07039c
2025-04-10 03:29:00.321667 INFO  BF_MC Write LAG node at addr 0x703a with id 255 and next node 0x703b 0x0000_00000000ff0703bc
2025-04-10 03:29:00.321671 INFO  BF_MC Write LAG node at addr 0x703b with id 255 and next node 0x703c 0x00ff_0703cc00ff0703bc
2025-04-10 03:29:00.321675 INFO  BF_MC Write LAG node at addr 0x703c with id 255 and next node 0x703d 0x0000_00000000ff0703dc
2025-04-10 03:29:00.321680 INFO  BF_MC Write LAG node at addr 0x703d with id 255 and next node 0x703e 0x00ff_0703ec00ff0703dc
2025-04-10 03:29:00.321683 INFO  BF_MC Write LAG node at addr 0x703e with id 255 and next node 0x703f 0x0000_00000000ff0703fc
2025-04-10 03:29:00.321687 INFO  BF_MC Write LAG node at addr 0x703f with id 255 and next node 0x7040 0x00ff_07040c00ff0703fc
2025-04-10 03:29:00.321691 INFO  BF_MC Write LAG node at addr 0x7040 with id 255 and next node 0x7041 0x0000_00000000ff07041c
2025-04-10 03:29:00.321696 INFO  BF_MC Write LAG node at addr 0x7041 with id 255 and next node 0x7042 0x00ff_07042c00ff07041c
2025-04-10 03:29:00.321699 INFO  BF_MC Write LAG node at addr 0x7042 with id 255 and next node 0x7043 0x0000_00000000ff07043c
2025-04-10 03:29:00.321703 INFO  BF_MC Write LAG node at addr 0x7043 with id 255 and next node 0x7044 0x00ff_07044c00ff07043c
2025-04-10 03:29:00.321707 INFO  BF_MC Write LAG node at addr 0x7044 with id 255 and next node 0x7045 0x0000_00000000ff07045c
2025-04-10 03:29:00.321712 INFO  BF_MC Write LAG node at addr 0x7045 with id 255 and next node 0x7046 0x00ff_07046c00ff07045c
2025-04-10 03:29:00.321715 INFO  BF_MC Write LAG node at addr 0x7046 with id 255 and next node 0x7047 0x0000_00000000ff07047c
2025-04-10 03:29:00.321719 INFO  BF_MC Write LAG node at addr 0x7047 with id 255 and next node 0x7048 0x00ff_07048c00ff07047c
2025-04-10 03:29:00.321723 INFO  BF_MC Write LAG node at addr 0x7048 with id 255 and next node 0x7049 0x0000_00000000ff07049c
2025-04-10 03:29:00.321728 INFO  BF_MC Write LAG node at addr 0x7049 with id 255 and next node 0x704a 0x00ff_0704ac00ff07049c
2025-04-10 03:29:00.321732 INFO  BF_MC Write LAG node at addr 0x704a with id 255 and next node 0x704b 0x0000_00000000ff0704bc
2025-04-10 03:29:00.321736 INFO  BF_MC Write LAG node at addr 0x704b with id 255 and next node 0x704c 0x00ff_0704cc00ff0704bc
2025-04-10 03:29:00.321740 INFO  BF_MC Write LAG node at addr 0x704c with id 255 and next node 0x704d 0x0000_00000000ff0704dc
2025-04-10 03:29:00.321746 INFO  BF_MC Write LAG node at addr 0x704d with id 255 and next node 0x704e 0x00ff_0704ec00ff0704dc
2025-04-10 03:29:00.321750 INFO  BF_MC Write LAG node at addr 0x704e with id 255 and next node 0x704f 0x0000_00000000ff0704fc
2025-04-10 03:29:00.321754 INFO  BF_MC Write LAG node at addr 0x704f with id 255 and next node 0x7050 0x00ff_07050c00ff0704fc
2025-04-10 03:29:00.321758 INFO  BF_MC Write LAG node at addr 0x7050 with id 255 and next node 0x7051 0x0000_00000000ff07051c
2025-04-10 03:29:00.321763 INFO  BF_MC Write LAG node at addr 0x7051 with id 255 and next node 0x7052 0x00ff_07052c00ff07051c
2025-04-10 03:29:00.321766 INFO  BF_MC Write LAG node at addr 0x7052 with id 255 and next node 0x7053 0x0000_00000000ff07053c
2025-04-10 03:29:00.321770 INFO  BF_MC Write LAG node at addr 0x7053 with id 255 and next node 0x7054 0x00ff_07054c00ff07053c
2025-04-10 03:29:00.321774 INFO  BF_MC Write LAG node at addr 0x7054 with id 255 and next node 0x7055 0x0000_00000000ff07055c
2025-04-10 03:29:00.321779 INFO  BF_MC Write LAG node at addr 0x7055 with id 255 and next node 0x7056 0x00ff_07056c00ff07055c
2025-04-10 03:29:00.321782 INFO  BF_MC Write LAG node at addr 0x7056 with id 255 and next node 0x7057 0x0000_00000000ff07057c
2025-04-10 03:29:00.321786 INFO  BF_MC Write LAG node at addr 0x7057 with id 255 and next node 0x7058 0x00ff_07058c00ff07057c
2025-04-10 03:29:00.321790 INFO  BF_MC Write LAG node at addr 0x7058 with id 255 and next node 0x7059 0x0000_00000000ff07059c
2025-04-10 03:29:00.321795 INFO  BF_MC Write LAG node at addr 0x7059 with id 255 and next node 0x705a 0x00ff_0705ac00ff07059c
2025-04-10 03:29:00.321798 INFO  BF_MC Write LAG node at addr 0x705a with id 255 and next node 0x705b 0x0000_00000000ff0705bc
2025-04-10 03:29:00.321802 INFO  BF_MC Write LAG node at addr 0x705b with id 255 and next node 0x705c 0x00ff_0705cc00ff0705bc
2025-04-10 03:29:00.321806 INFO  BF_MC Write LAG node at addr 0x705c with id 255 and next node 0x705d 0x0000_00000000ff0705dc
2025-04-10 03:29:00.321811 INFO  BF_MC Write LAG node at addr 0x705d with id 255 and next node 0x705e 0x00ff_0705ec00ff0705dc
2025-04-10 03:29:00.321814 INFO  BF_MC Write LAG node at addr 0x705e with id 255 and next node 0x705f 0x0000_00000000ff0705fc
2025-04-10 03:29:00.321818 INFO  BF_MC Write LAG node at addr 0x705f with id 255 and next node 0x7060 0x00ff_07060c00ff0705fc
2025-04-10 03:29:00.321822 INFO  BF_MC Write LAG node at addr 0x7060 with id 255 and next node 0x7061 0x0000_00000000ff07061c
2025-04-10 03:29:00.321827 INFO  BF_MC Write LAG node at addr 0x7061 with id 255 and next node 0x7062 0x00ff_07062c00ff07061c
2025-04-10 03:29:00.321830 INFO  BF_MC Write LAG node at addr 0x7062 with id 255 and next node 0x7063 0x0000_00000000ff07063c
2025-04-10 03:29:00.321834 INFO  BF_MC Write LAG node at addr 0x7063 with id 255 and next node 0x7064 0x00ff_07064c00ff07063c
2025-04-10 03:29:00.321838 INFO  BF_MC Write LAG node at addr 0x7064 with id 255 and next node 0x7065 0x0000_00000000ff07065c
2025-04-10 03:29:00.321843 INFO  BF_MC Write LAG node at addr 0x7065 with id 255 and next node 0x7066 0x00ff_07066c00ff07065c
2025-04-10 03:29:00.321846 INFO  BF_MC Write LAG node at addr 0x7066 with id 255 and next node 0x7067 0x0000_00000000ff07067c
2025-04-10 03:29:00.321850 INFO  BF_MC Write LAG node at addr 0x7067 with id 255 and next node 0x7068 0x00ff_07068c00ff07067c
2025-04-10 03:29:00.321854 INFO  BF_MC Write LAG node at addr 0x7068 with id 255 and next node 0x7069 0x0000_00000000ff07069c
2025-04-10 03:29:00.321859 INFO  BF_MC Write LAG node at addr 0x7069 with id 255 and next node 0x706a 0x00ff_0706ac00ff07069c
2025-04-10 03:29:00.321863 INFO  BF_MC Write LAG node at addr 0x706a with id 255 and next node 0x706b 0x0000_00000000ff0706bc
2025-04-10 03:29:00.321867 INFO  BF_MC Write LAG node at addr 0x706b with id 255 and next node 0x706c 0x00ff_0706cc00ff0706bc
2025-04-10 03:29:00.321871 INFO  BF_MC Write LAG node at addr 0x706c with id 255 and next node 0x706d 0x0000_00000000ff0706dc
2025-04-10 03:29:00.322466 DEBUG BF_PLTFM QSFPMSM  4 : QSFP_FSM_ST_WAIT_T_RESET     --> QSFP_FSM_ST_WAIT_TON_TXDIS   (2000ms)
2025-04-10 03:29:00.322486 DEBUG BF_PLTFM QSFP     7 : RESETL = false
2025-04-10 03:29:00.322497 DEBUG BF_PLTFM QSFP     7 : False
2025-04-10 03:29:00.324085 INFO  BF_MC Write LAG node at addr 0x706d with id 255 and next node 0x706e 0x00ff_0706ec00ff0706dc
2025-04-10 03:29:00.324108 INFO  BF_MC Write LAG node at addr 0x706e with id 255 and next node 0x706f 0x0000_00000000ff0706fc
2025-04-10 03:29:00.324114 INFO  BF_MC Write LAG node at addr 0x706f with id 255 and next node 0x7070 0x00ff_07070c00ff0706fc
2025-04-10 03:29:00.324118 INFO  BF_MC Write LAG node at addr 0x7070 with id 255 and next node 0x7071 0x0000_00000000ff07071c
2025-04-10 03:29:00.324122 INFO  BF_MC Write LAG node at addr 0x7071 with id 255 and next node 0x7072 0x00ff_07072c00ff07071c
2025-04-10 03:29:00.324128 INFO  BF_MC Write LAG node at addr 0x7072 with id 255 and next node 0x7073 0x0000_00000000ff07073c
2025-04-10 03:29:00.324132 INFO  BF_MC Write LAG node at addr 0x7073 with id 255 and next node 0x7074 0x00ff_07074c00ff07073c
2025-04-10 03:29:00.324136 INFO  BF_MC Write LAG node at addr 0x7074 with id 255 and next node 0x7075 0x0000_00000000ff07075c
2025-04-10 03:29:00.324140 INFO  BF_MC Write LAG node at addr 0x7075 with id 255 and next node 0x7076 0x00ff_07076c00ff07075c
2025-04-10 03:29:00.324145 INFO  BF_MC Write LAG node at addr 0x7076 with id 255 and next node 0x7077 0x0000_00000000ff07077c
2025-04-10 03:29:00.324149 INFO  BF_MC Write LAG node at addr 0x7077 with id 255 and next node 0x7078 0x00ff_07078c00ff07077c
2025-04-10 03:29:00.324154 INFO  BF_MC Write LAG node at addr 0x7078 with id 255 and next node 0x7079 0x0000_00000000ff07079c
2025-04-10 03:29:00.324158 INFO  BF_MC Write LAG node at addr 0x7079 with id 255 and next node 0x707a 0x00ff_0707ac00ff07079c
2025-04-10 03:29:00.324163 INFO  BF_MC Write LAG node at addr 0x707a with id 255 and next node 0x707b 0x0000_00000000ff0707bc
2025-04-10 03:29:00.324167 INFO  BF_MC Write LAG node at addr 0x707b with id 255 and next node 0x707c 0x00ff_0707cc00ff0707bc
2025-04-10 03:29:00.324171 INFO  BF_MC Write LAG node at addr 0x707c with id 255 and next node 0x707d 0x0000_00000000ff0707dc
2025-04-10 03:29:00.324176 INFO  BF_MC Write LAG node at addr 0x707d with id 255 and next node 0x707e 0x00ff_0707ec00ff0707dc
2025-04-10 03:29:00.324180 INFO  BF_MC Write LAG node at addr 0x707e with id 255 and next node 0x707f 0x0000_00000000ff0707fc
2025-04-10 03:29:00.324185 INFO  BF_MC Write LAG node at addr 0x707f with id 255 and next node 0x7080 0x00ff_07080c00ff0707fc
2025-04-10 03:29:00.324189 INFO  BF_MC Write LAG node at addr 0x7080 with id 255 and next node 0x7081 0x0000_00000000ff07081c
2025-04-10 03:29:00.324193 INFO  BF_MC Write LAG node at addr 0x7081 with id 255 and next node 0x7082 0x00ff_07082c00ff07081c
2025-04-10 03:29:00.324198 INFO  BF_MC Write LAG node at addr 0x7082 with id 255 and next node 0x7083 0x0000_00000000ff07083c
2025-04-10 03:29:00.324202 INFO  BF_MC Write LAG node at addr 0x7083 with id 255 and next node 0x7084 0x00ff_07084c00ff07083c
2025-04-10 03:29:00.324207 INFO  BF_MC Write LAG node at addr 0x7084 with id 255 and next node 0x7085 0x0000_00000000ff07085c
2025-04-10 03:29:00.324211 INFO  BF_MC Write LAG node at addr 0x7085 with id 255 and next node 0x7086 0x00ff_07086c00ff07085c
2025-04-10 03:29:00.324216 INFO  BF_MC Write LAG node at addr 0x7086 with id 255 and next node 0x7087 0x0000_00000000ff07087c
2025-04-10 03:29:00.324220 INFO  BF_MC Write LAG node at addr 0x7087 with id 255 and next node 0x7088 0x00ff_07088c00ff07087c
2025-04-10 03:29:00.324224 INFO  BF_MC Write LAG node at addr 0x7088 with id 255 and next node 0x7089 0x0000_00000000ff07089c
2025-04-10 03:29:00.324228 INFO  BF_MC Write LAG node at addr 0x7089 with id 255 and next node 0x708a 0x00ff_0708ac00ff07089c
2025-04-10 03:29:00.324234 INFO  BF_MC Write LAG node at addr 0x708a with id 255 and next node 0x708b 0x0000_00000000ff0708bc
2025-04-10 03:29:00.324238 INFO  BF_MC Write LAG node at addr 0x708b with id 255 and next node 0x708c 0x00ff_0708cc00ff0708bc
2025-04-10 03:29:00.324247 INFO  BF_MC Write LAG node at addr 0x708c with id 255 and next node 0x708d 0x0000_00000000ff0708dc
2025-04-10 03:29:00.324252 INFO  BF_MC Write LAG node at addr 0x708d with id 255 and next node 0x708e 0x00ff_0708ec00ff0708dc
2025-04-10 03:29:00.324257 INFO  BF_MC Write LAG node at addr 0x708e with id 255 and next node 0x708f 0x0000_00000000ff0708fc
2025-04-10 03:29:00.324261 INFO  BF_MC Write LAG node at addr 0x708f with id 255 and next node 0x7090 0x00ff_07090c00ff0708fc
2025-04-10 03:29:00.324265 INFO  BF_MC Write LAG node at addr 0x7090 with id 255 and next node 0x7091 0x0000_00000000ff07091c
2025-04-10 03:29:00.324269 INFO  BF_MC Write LAG node at addr 0x7091 with id 255 and next node 0x7092 0x00ff_07092c00ff07091c
2025-04-10 03:29:00.324274 INFO  BF_MC Write LAG node at addr 0x7092 with id 255 and next node 0x7093 0x0000_00000000ff07093c
2025-04-10 03:29:00.324278 INFO  BF_MC Write LAG node at addr 0x7093 with id 255 and next node 0x7094 0x00ff_07094c00ff07093c
2025-04-10 03:29:00.324282 INFO  BF_MC Write LAG node at addr 0x7094 with id 255 and next node 0x7095 0x0000_00000000ff07095c
2025-04-10 03:29:00.324287 INFO  BF_MC Write LAG node at addr 0x7095 with id 255 and next node 0x7096 0x00ff_07096c00ff07095c
2025-04-10 03:29:00.324292 INFO  BF_MC Write LAG node at addr 0x7096 with id 255 and next node 0x7097 0x0000_00000000ff07097c
2025-04-10 03:29:00.324296 INFO  BF_MC Write LAG node at addr 0x7097 with id 255 and next node 0x7098 0x00ff_07098c00ff07097c
2025-04-10 03:29:00.324300 INFO  BF_MC Write LAG node at addr 0x7098 with id 255 and next node 0x7099 0x0000_00000000ff07099c
2025-04-10 03:29:00.324304 INFO  BF_MC Write LAG node at addr 0x7099 with id 255 and next node 0x709a 0x00ff_0709ac00ff07099c
2025-04-10 03:29:00.324309 INFO  BF_MC Write LAG node at addr 0x709a with id 255 and next node 0x709b 0x0000_00000000ff0709bc
2025-04-10 03:29:00.324313 INFO  BF_MC Write LAG node at addr 0x709b with id 255 and next node 0x709c 0x00ff_0709cc00ff0709bc
2025-04-10 03:29:00.324318 INFO  BF_MC Write LAG node at addr 0x709c with id 255 and next node 0x709d 0x0000_00000000ff0709dc
2025-04-10 03:29:00.324322 INFO  BF_MC Write LAG node at addr 0x709d with id 255 and next node 0x709e 0x00ff_0709ec00ff0709dc
2025-04-10 03:29:00.324327 INFO  BF_MC Write LAG node at addr 0x709e with id 255 and next node 0x709f 0x0000_00000000ff0709fc
2025-04-10 03:29:00.324331 INFO  BF_MC Write LAG node at addr 0x709f with id 255 and next node 0x70a0 0x00ff_070a0c00ff0709fc
2025-04-10 03:29:00.324335 INFO  BF_MC Write LAG node at addr 0x70a0 with id 255 and next node 0x70a1 0x0000_00000000ff070a1c
2025-04-10 03:29:00.324339 INFO  BF_MC Write LAG node at addr 0x70a1 with id 255 and next node 0x70a2 0x00ff_070a2c00ff070a1c
2025-04-10 03:29:00.324344 INFO  BF_MC Write LAG node at addr 0x70a2 with id 255 and next node 0x70a3 0x0000_00000000ff070a3c
2025-04-10 03:29:00.324348 INFO  BF_MC Write LAG node at addr 0x70a3 with id 255 and next node 0x70a4 0x00ff_070a4c00ff070a3c
2025-04-10 03:29:00.324352 INFO  BF_MC Write LAG node at addr 0x70a4 with id 255 and next node 0x70a5 0x0000_00000000ff070a5c
2025-04-10 03:29:00.324357 INFO  BF_MC Write LAG node at addr 0x70a5 with id 255 and next node 0x70a6 0x00ff_070a6c00ff070a5c
2025-04-10 03:29:00.324361 INFO  BF_MC Write LAG node at addr 0x70a6 with id 255 and next node 0x70a7 0x0000_00000000ff070a7c
2025-04-10 03:29:00.324366 INFO  BF_MC Write LAG node at addr 0x70a7 with id 255 and next node 0x70a8 0x00ff_070a8c00ff070a7c
2025-04-10 03:29:00.324370 INFO  BF_MC Write LAG node at addr 0x70a8 with id 255 and next node 0x70a9 0x0000_00000000ff070a9c
2025-04-10 03:29:00.324374 INFO  BF_MC Write LAG node at addr 0x70a9 with id 255 and next node 0x70aa 0x00ff_070aac00ff070a9c
2025-04-10 03:29:00.324379 INFO  BF_MC Write LAG node at addr 0x70aa with id 255 and next node 0x70ab 0x0000_00000000ff070abc
2025-04-10 03:29:00.324383 INFO  BF_MC Write LAG node at addr 0x70ab with id 255 and next node 0x70ac 0x00ff_070acc00ff070abc
2025-04-10 03:29:00.324387 INFO  BF_MC Write LAG node at addr 0x70ac with id 255 and next node 0x70ad 0x0000_00000000ff070adc
2025-04-10 03:29:00.324394 INFO  BF_MC Write LAG node at addr 0x70ad with id 255 and next node 0x70ae 0x00ff_070aec00ff070adc
2025-04-10 03:29:00.324399 INFO  BF_MC Write LAG node at addr 0x70ae with id 255 and next node 0x70af 0x0000_00000000ff070afc
2025-04-10 03:29:00.324403 INFO  BF_MC Write LAG node at addr 0x70af with id 255 and next node 0x70b0 0x00ff_070b0c00ff070afc
2025-04-10 03:29:00.324407 INFO  BF_MC Write LAG node at addr 0x70b0 with id 255 and next node 0x70b1 0x0000_00000000ff070b1c
2025-04-10 03:29:00.324411 INFO  BF_MC Write LAG node at addr 0x70b1 with id 255 and next node 0x70b2 0x00ff_070b2c00ff070b1c
2025-04-10 03:29:00.324416 INFO  BF_MC Write LAG node at addr 0x70b2 with id 255 and next node 0x70b3 0x0000_00000000ff070b3c
2025-04-10 03:29:00.324420 INFO  BF_MC Write LAG node at addr 0x70b3 with id 255 and next node 0x70b4 0x00ff_070b4c00ff070b3c
2025-04-10 03:29:00.324425 INFO  BF_MC Write LAG node at addr 0x70b4 with id 255 and next node 0x70b5 0x0000_00000000ff070b5c
2025-04-10 03:29:00.324429 INFO  BF_MC Write LAG node at addr 0x70b5 with id 255 and next node 0x70b6 0x00ff_070b6c00ff070b5c
2025-04-10 03:29:00.324434 INFO  BF_MC Write LAG node at addr 0x70b6 with id 255 and next node 0x70b7 0x0000_00000000ff070b7c
2025-04-10 03:29:00.324438 INFO  BF_MC Write LAG node at addr 0x70b7 with id 255 and next node 0x70b8 0x00ff_070b8c00ff070b7c
2025-04-10 03:29:00.324442 INFO  BF_MC Write LAG node at addr 0x70b8 with id 255 and next node 0x70b9 0x0000_00000000ff070b9c
2025-04-10 03:29:00.324446 INFO  BF_MC Write LAG node at addr 0x70b9 with id 255 and next node 0x70ba 0x00ff_070bac00ff070b9c
2025-04-10 03:29:00.324451 INFO  BF_MC Write LAG node at addr 0x70ba with id 255 and next node 0x70bb 0x0000_00000000ff070bbc
2025-04-10 03:29:00.324455 INFO  BF_MC Write LAG node at addr 0x70bb with id 255 and next node 0x70bc 0x00ff_070bcc00ff070bbc
2025-04-10 03:29:00.324459 INFO  BF_MC Write LAG node at addr 0x70bc with id 255 and next node 0x70bd 0x0000_00000000ff070bdc
2025-04-10 03:29:00.324464 INFO  BF_MC Write LAG node at addr 0x70bd with id 255 and next node 0x70be 0x00ff_070bec00ff070bdc
2025-04-10 03:29:00.324469 INFO  BF_MC Write LAG node at addr 0x70be with id 255 and next node 0x70bf 0x0000_00000000ff070bfc
2025-04-10 03:29:00.324473 INFO  BF_MC Write LAG node at addr 0x70bf with id 255 and next node 0x70c0 0x00ff_070c0c00ff070bfc
2025-04-10 03:29:00.324477 INFO  BF_MC Write LAG node at addr 0x70c0 with id 255 and next node 0x70c1 0x0000_00000000ff070c1c
2025-04-10 03:29:00.324481 INFO  BF_MC Write LAG node at addr 0x70c1 with id 255 and next node 0x70c2 0x00ff_070c2c00ff070c1c
2025-04-10 03:29:00.324486 INFO  BF_MC Write LAG node at addr 0x70c2 with id 255 and next node 0x70c3 0x0000_00000000ff070c3c
2025-04-10 03:29:00.324490 INFO  BF_MC Write LAG node at addr 0x70c3 with id 255 and next node 0x70c4 0x00ff_070c4c00ff070c3c
2025-04-10 03:29:00.324494 INFO  BF_MC Write LAG node at addr 0x70c4 with id 255 and next node 0x70c5 0x0000_00000000ff070c5c
2025-04-10 03:29:00.324498 INFO  BF_MC Write LAG node at addr 0x70c5 with id 255 and next node 0x70c6 0x00ff_070c6c00ff070c5c
2025-04-10 03:29:00.324503 INFO  BF_MC Write LAG node at addr 0x70c6 with id 255 and next node 0x70c7 0x0000_00000000ff070c7c
2025-04-10 03:29:00.324507 INFO  BF_MC Write LAG node at addr 0x70c7 with id 255 and next node 0x70c8 0x00ff_070c8c00ff070c7c
2025-04-10 03:29:00.324512 INFO  BF_MC Write LAG node at addr 0x70c8 with id 255 and next node 0x70c9 0x0000_00000000ff070c9c
2025-04-10 03:29:00.324516 INFO  BF_MC Write LAG node at addr 0x70c9 with id 255 and next node 0x70ca 0x00ff_070cac00ff070c9c
2025-04-10 03:29:00.324521 INFO  BF_MC Write LAG node at addr 0x70ca with id 255 and next node 0x70cb 0x0000_00000000ff070cbc
2025-04-10 03:29:00.324525 INFO  BF_MC Write LAG node at addr 0x70cb with id 255 and next node 0x70cc 0x00ff_070ccc00ff070cbc
2025-04-10 03:29:00.324529 INFO  BF_MC Write LAG node at addr 0x70cc with id 255 and next node 0x70cd 0x0000_00000000ff070cdc
2025-04-10 03:29:00.324535 INFO  BF_MC Write LAG node at addr 0x70cd with id 255 and next node 0x70ce 0x00ff_070cec00ff070cdc
2025-04-10 03:29:00.324540 INFO  BF_MC Write LAG node at addr 0x70ce with id 255 and next node 0x70cf 0x0000_00000000ff070cfc
2025-04-10 03:29:00.324545 INFO  BF_MC Write LAG node at addr 0x70cf with id 255 and next node 0x70d0 0x00ff_070d0c00ff070cfc
2025-04-10 03:29:00.324549 INFO  BF_MC Write LAG node at addr 0x70d0 with id 255 and next node 0x70d1 0x0000_00000000ff070d1c
2025-04-10 03:29:00.324553 INFO  BF_MC Write LAG node at addr 0x70d1 with id 255 and next node 0x70d2 0x00ff_070d2c00ff070d1c
2025-04-10 03:29:00.324558 INFO  BF_MC Write LAG node at addr 0x70d2 with id 255 and next node 0x70d3 0x0000_00000000ff070d3c
2025-04-10 03:29:00.324562 INFO  BF_MC Write LAG node at addr 0x70d3 with id 255 and next node 0x70d4 0x00ff_070d4c00ff070d3c
2025-04-10 03:29:00.324566 INFO  BF_MC Write LAG node at addr 0x70d4 with id 255 and next node 0x70d5 0x0000_00000000ff070d5c
2025-04-10 03:29:00.324571 INFO  BF_MC Write LAG node at addr 0x70d5 with id 255 and next node 0x70d6 0x00ff_070d6c00ff070d5c
2025-04-10 03:29:00.324576 INFO  BF_MC Write LAG node at addr 0x70d6 with id 255 and next node 0x70d7 0x0000_00000000ff070d7c
2025-04-10 03:29:00.324580 INFO  BF_MC Write LAG node at addr 0x70d7 with id 255 and next node 0x70d8 0x00ff_070d8c00ff070d7c
2025-04-10 03:29:00.324584 INFO  BF_MC Write LAG node at addr 0x70d8 with id 255 and next node 0x70d9 0x0000_00000000ff070d9c
2025-04-10 03:29:00.324588 INFO  BF_MC Write LAG node at addr 0x70d9 with id 255 and next node 0x70da 0x00ff_070dac00ff070d9c
2025-04-10 03:29:00.324593 INFO  BF_MC Write LAG node at addr 0x70da with id 255 and next node 0x70db 0x0000_00000000ff070dbc
2025-04-10 03:29:00.324597 INFO  BF_MC Write LAG node at addr 0x70db with id 255 and next node 0x70dc 0x00ff_070dcc00ff070dbc
2025-04-10 03:29:00.324601 INFO  BF_MC Write LAG node at addr 0x70dc with id 255 and next node 0x70dd 0x0000_00000000ff070ddc
2025-04-10 03:29:00.324606 INFO  BF_MC Write LAG node at addr 0x70dd with id 255 and next node 0x70de 0x00ff_070dec00ff070ddc
2025-04-10 03:29:00.324611 INFO  BF_MC Write LAG node at addr 0x70de with id 255 and next node 0x70df 0x0000_00000000ff070dfc
2025-04-10 03:29:00.324615 INFO  BF_MC Write LAG node at addr 0x70df with id 255 and next node 0x70e0 0x00ff_070e0c00ff070dfc
2025-04-10 03:29:00.324619 INFO  BF_MC Write LAG node at addr 0x70e0 with id 255 and next node 0x70e1 0x0000_00000000ff070e1c
2025-04-10 03:29:00.324623 INFO  BF_MC Write LAG node at addr 0x70e1 with id 255 and next node 0x70e2 0x00ff_070e2c00ff070e1c
2025-04-10 03:29:00.324628 INFO  BF_MC Write LAG node at addr 0x70e2 with id 255 and next node 0x70e3 0x0000_00000000ff070e3c
2025-04-10 03:29:00.324632 INFO  BF_MC Write LAG node at addr 0x70e3 with id 255 and next node 0x70e4 0x00ff_070e4c00ff070e3c
2025-04-10 03:29:00.324637 INFO  BF_MC Write LAG node at addr 0x70e4 with id 255 and next node 0x70e5 0x0000_00000000ff070e5c
2025-04-10 03:29:00.324641 INFO  BF_MC Write LAG node at addr 0x70e5 with id 255 and next node 0x70e6 0x00ff_070e6c00ff070e5c
2025-04-10 03:29:00.324646 INFO  BF_MC Write LAG node at addr 0x70e6 with id 255 and next node 0x70e7 0x0000_00000000ff070e7c
2025-04-10 03:29:00.324650 INFO  BF_MC Write LAG node at addr 0x70e7 with id 255 and next node 0x70e8 0x00ff_070e8c00ff070e7c
2025-04-10 03:29:00.324654 INFO  BF_MC Write LAG node at addr 0x70e8 with id 255 and next node 0x70e9 0x0000_00000000ff070e9c
2025-04-10 03:29:00.324658 INFO  BF_MC Write LAG node at addr 0x70e9 with id 255 and next node 0x70ea 0x00ff_070eac00ff070e9c
2025-04-10 03:29:00.324663 INFO  BF_MC Write LAG node at addr 0x70ea with id 255 and next node 0x70eb 0x0000_00000000ff070ebc
2025-04-10 03:29:00.324667 INFO  BF_MC Write LAG node at addr 0x70eb with id 255 and next node 0x70ec 0x00ff_070ecc00ff070ebc
2025-04-10 03:29:00.324672 INFO  BF_MC Write LAG node at addr 0x70ec with id 255 and next node 0x70ed 0x0000_00000000ff070edc
2025-04-10 03:29:00.324676 INFO  BF_MC Write LAG node at addr 0x70ed with id 255 and next node 0x70ee 0x00ff_070eec00ff070edc
2025-04-10 03:29:00.324683 INFO  BF_MC Write LAG node at addr 0x70ee with id 255 and next node 0x70ef 0x0000_00000000ff070efc
2025-04-10 03:29:00.324687 INFO  BF_MC Write LAG node at addr 0x70ef with id 255 and next node 0x70f0 0x00ff_070f0c00ff070efc
2025-04-10 03:29:00.324691 INFO  BF_MC Write LAG node at addr 0x70f0 with id 255 and next node 0x70f1 0x0000_00000000ff070f1c
2025-04-10 03:29:00.324696 INFO  BF_MC Write LAG node at addr 0x70f1 with id 255 and next node 0x70f2 0x00ff_070f2c00ff070f1c
2025-04-10 03:29:00.324700 INFO  BF_MC Write LAG node at addr 0x70f2 with id 255 and next node 0x70f3 0x0000_00000000ff070f3c
2025-04-10 03:29:00.324705 INFO  BF_MC Write LAG node at addr 0x70f3 with id 255 and next node 0x70f4 0x00ff_070f4c00ff070f3c
2025-04-10 03:29:00.324709 INFO  BF_MC Write LAG node at addr 0x70f4 with id 255 and next node 0x70f5 0x0000_00000000ff070f5c
2025-04-10 03:29:00.324713 INFO  BF_MC Write LAG node at addr 0x70f5 with id 255 and next node 0x70f6 0x00ff_070f6c00ff070f5c
2025-04-10 03:29:00.324718 INFO  BF_MC Write LAG node at addr 0x70f6 with id 255 and next node 0x70f7 0x0000_00000000ff070f7c
2025-04-10 03:29:00.324722 INFO  BF_MC Write LAG node at addr 0x70f7 with id 255 and next node 0x70f8 0x00ff_070f8c00ff070f7c
2025-04-10 03:29:00.324726 INFO  BF_MC Write LAG node at addr 0x70f8 with id 255 and next node 0x70f9 0x0000_00000000ff070f9c
2025-04-10 03:29:00.324730 INFO  BF_MC Write LAG node at addr 0x70f9 with id 255 and next node 0x70fa 0x00ff_070fac00ff070f9c
2025-04-10 03:29:00.324735 INFO  BF_MC Write LAG node at addr 0x70fa with id 255 and next node 0x70fb 0x0000_00000000ff070fbc
2025-04-10 03:29:00.324739 INFO  BF_MC Write LAG node at addr 0x70fb with id 255 and next node 0x70fc 0x00ff_070fcc00ff070fbc
2025-04-10 03:29:00.324744 INFO  BF_MC Write LAG node at addr 0x70fc with id 255 and next node 0x70fd 0x0000_00000000ff070fdc
2025-04-10 03:29:00.324748 INFO  BF_MC Write LAG node at addr 0x70fd with id 255 and next node 0x70fe 0x00ff_070fec00ff070fdc
2025-04-10 03:29:00.324753 INFO  BF_MC Write LAG node at addr 0x70fe with id 255 and next node 0x70ff 0x0000_00000000ff070ffc
2025-04-10 03:29:00.324757 INFO  BF_MC Write LAG node at addr 0x70ff with id 255 and next node 0x7100 0x00ff_07100c00ff070ffc
2025-04-10 03:29:00.324761 INFO  BF_MC Write LAG node at addr 0x7100 with id 255 and next node 0x7101 0x0000_00000000ff07101c
2025-04-10 03:29:00.324765 INFO  BF_MC Write LAG node at addr 0x7101 with id 255 and next node 0x7102 0x00ff_07102c00ff07101c
2025-04-10 03:29:00.324770 INFO  BF_MC Write LAG node at addr 0x7102 with id 255 and next node 0x7103 0x0000_00000000ff07103c
2025-04-10 03:29:00.324774 INFO  BF_MC Write LAG node at addr 0x7103 with id 255 and next node 0 0x00ff_00000c00ff07103c
2025-04-10 03:29:00.324782 INFO  BF_MC Allocated RDM addresses 0x31c0 - 0x31df
2025-04-10 03:29:00.324787 INFO  BF_MC Write L1End node at addr 0x31c0, rid 0, l2 0x7101
2025-04-10 03:29:00.324792 INFO  BF_MC Write L1End node at addr 0x31c1, rid 0, l2 0x7100
2025-04-10 03:29:00.324796 INFO  BF_MC Write L1End node at addr 0x31c2, rid 0, l2 0x70ff
2025-04-10 03:29:00.324800 INFO  BF_MC Write L1End node at addr 0x31c3, rid 0, l2 0x70fe
2025-04-10 03:29:00.324804 INFO  BF_MC Write L1End node at addr 0x31c4, rid 0, l2 0x70fd
2025-04-10 03:29:00.324809 INFO  BF_MC Write L1End node at addr 0x31c5, rid 0, l2 0x70fc
2025-04-10 03:29:00.324813 INFO  BF_MC Write L1End node at addr 0x31c6, rid 0, l2 0x70fb
2025-04-10 03:29:00.324817 INFO  BF_MC Write L1End node at addr 0x31c7, rid 0, l2 0x70fa
2025-04-10 03:29:00.324821 INFO  BF_MC Write L1End node at addr 0x31c8, rid 0, l2 0x70f8
2025-04-10 03:29:00.324825 INFO  BF_MC Write L1End node at addr 0x31c9, rid 0, l2 0x70f6
2025-04-10 03:29:00.324829 INFO  BF_MC Write L1End node at addr 0x31ca, rid 0, l2 0x70f4
2025-04-10 03:29:00.324833 INFO  BF_MC Write L1End node at addr 0x31cb, rid 0, l2 0x70f2
2025-04-10 03:29:00.324837 INFO  BF_MC Write L1End node at addr 0x31cc, rid 0, l2 0x70f0
2025-04-10 03:29:00.324842 INFO  BF_MC Write L1End node at addr 0x31cd, rid 0, l2 0x70ee
2025-04-10 03:29:00.324848 INFO  BF_MC Write L1End node at addr 0x31ce, rid 0, l2 0x70ec
2025-04-10 03:29:00.324852 INFO  BF_MC Write L1End node at addr 0x31cf, rid 0, l2 0x70ea
2025-04-10 03:29:00.324856 INFO  BF_MC Write L1End node at addr 0x31d0, rid 0, l2 0x70e8
2025-04-10 03:29:00.324861 INFO  BF_MC Write L1End node at addr 0x31d1, rid 0, l2 0x70e6
2025-04-10 03:29:00.324865 INFO  BF_MC Write L1End node at addr 0x31d2, rid 0, l2 0x70e4
2025-04-10 03:29:00.324869 INFO  BF_MC Write L1End node at addr 0x31d3, rid 0, l2 0x70e0
2025-04-10 03:29:00.324873 INFO  BF_MC Write L1End node at addr 0x31d4, rid 0, l2 0x70dc
2025-04-10 03:29:00.324877 INFO  BF_MC Write L1End node at addr 0x31d5, rid 0, l2 0x70d8
2025-04-10 03:29:00.324881 INFO  BF_MC Write L1End node at addr 0x31d6, rid 0, l2 0x70d4
2025-04-10 03:29:00.324885 INFO  BF_MC Write L1End node at addr 0x31d7, rid 0, l2 0x70cc
2025-04-10 03:29:00.324889 INFO  BF_MC Write L1End node at addr 0x31d8, rid 0, l2 0x70c4
2025-04-10 03:29:00.324894 INFO  BF_MC Write L1End node at addr 0x31d9, rid 0, l2 0x70bc
2025-04-10 03:29:00.324898 INFO  BF_MC Write L1End node at addr 0x31da, rid 0, l2 0x70a0
2025-04-10 03:29:00.324902 INFO  BF_MC Write L1End node at addr 0x31db, rid 0, l2 0x7087
2025-04-10 03:29:00.324906 INFO  BF_MC Write L1End node at addr 0x31dc, rid 0, l2 0x706e
2025-04-10 03:29:00.324911 INFO  BF_MC Write L1End node at addr 0x31dd, rid 0, l2 0x7055
2025-04-10 03:29:00.324914 INFO  BF_MC Write L1End node at addr 0x31de, rid 0, l2 0x703c
2025-04-10 03:29:00.324918 INFO  BF_MC Write L1End node at addr 0x31df, rid 0, l2 0x7000
2025-04-10 03:29:00.326146 DEBUG BF_PLTFM QSFPMSM  7 : QSFP_FSM_ST_WAIT_T_RESET     --> QSFP_FSM_ST_WAIT_TON_TXDIS   (2000ms)
2025-04-10 03:29:00.326159 DEBUG BF_PLTFM QSFP     8 : RESETL = false
2025-04-10 03:29:00.326165 DEBUG BF_PLTFM QSFP     8 : False
2025-04-10 03:29:00.329733 DEBUG BF_PLTFM QSFPMSM  8 : QSFP_FSM_ST_WAIT_T_RESET     --> QSFP_FSM_ST_WAIT_TON_TXDIS   (2000ms)
2025-04-10 03:29:00.335003 INFO  BF_MC mc_mgr_add_device: Device 0 add successful.
2025-04-10 03:29:00.356942 INFO  BF_PM bf_pm_port_add_with_lanes:4847 0:4/0:2(speed):0(fec):1(n_lanes)
2025-04-10 03:29:00.356980 DEBUG BF_PORT 0:152: 2(speed): 0(fec): 1(n_lanes)
2025-04-10 03:29:00.356987 DEBUG BF_PORT port_mgr_tof1_port_add:1030:0:152:2(speed):0(fec)
2025-04-10 03:29:00.357006 DEBUG BF_PORT PRT :0:152:-: MACs serdesmux.sig_ok=LOW
2025-04-10 03:29:00.357087 DEBUG BF_PORT PRT :0:152:-: Disable MAC Rx
2025-04-10 03:29:00.357096 DEBUG BF_PORT MAC: 0:41:0 :  set rx enable = false
2025-04-10 03:29:00.361513 DEBUG BF_PORT MAC: DIS: 0:41:0 : Disable channel
2025-04-10 03:29:00.361522 DEBUG BF_PORT MAC: DIS: 0:41:0 : ERROR! : ch0mode.ena = 0!
2025-04-10 03:29:00.361951 INFO  BF_TM TM buffers egress usage count after disabling qac_rx for dev 0, dev_port 152 before wait 1 is 0
2025-04-10 03:29:00.361960 INFO  BF_TM TM buffers got drained after disabling qac_rx for dev 0, dev_port 152 after 0 waits
2025-04-10 03:29:00.362424 DEBUG BF_PORT 0:152: 2(speed): 0(fec): 1(n_lanes)
2025-04-10 03:29:00.362431 DEBUG BF_PORT port_mgr_tof1_port_add:1030:0:152:2(speed):0(fec)
2025-04-10 03:29:00.362591 INFO  BF_DVM Dev 0 port 152 added sts Success (0)
2025-04-10 03:29:00.362598 INFO  BF_PM bf_pm_port_direction_clear:4449 0:4/0
2025-04-10 03:29:00.362609 DEBUG BF_PLTFM Extended Mac addr: 6c:ec:5a:a:dd:19 

2025-04-10 03:29:00.362626 DEBUG BF_PORT SDS :0:152:0: MAP: Rx inv=0
2025-04-10 03:29:00.362736 DEBUG BF_PORT SDS :0:152:0: MAP: Tx inv=0
2025-04-10 03:29:00.363929 INFO  BF_PM bf_pm_port_enable:5106 0:4/0
2025-04-10 03:29:00.363938 INFO  BF_PM bf_pm_port_add_with_lanes:4847 0:4/1:2(speed):0(fec):1(n_lanes)
2025-04-10 03:29:00.363947 DEBUG BF_PORT 0:153: 2(speed): 0(fec): 1(n_lanes)
2025-04-10 03:29:00.363953 DEBUG BF_PORT port_mgr_tof1_port_add:1030:0:153:2(speed):0(fec)
2025-04-10 03:29:00.363963 DEBUG BF_PORT PRT :0:153:-: MACs serdesmux.sig_ok=LOW
2025-04-10 03:29:00.364034 DEBUG BF_PORT PRT :0:153:-: Disable MAC Rx
2025-04-10 03:29:00.364040 DEBUG BF_PORT MAC: 0:41:1 :  set rx enable = false
2025-04-10 03:29:00.368428 DEBUG BF_PORT MAC: DIS: 0:41:1 : Disable channel
2025-04-10 03:29:00.368436 DEBUG BF_PORT MAC: DIS: 0:41:1 : ERROR! : ch0mode.ena = 0!
2025-04-10 03:29:00.368810 INFO  BF_TM TM buffers egress usage count after disabling qac_rx for dev 0, dev_port 153 before wait 1 is 0
2025-04-10 03:29:00.368817 INFO  BF_TM TM buffers got drained after disabling qac_rx for dev 0, dev_port 153 after 0 waits
2025-04-10 03:29:00.369265 DEBUG BF_PORT 0:153: 2(speed): 0(fec): 1(n_lanes)
2025-04-10 03:29:00.369270 DEBUG BF_PORT port_mgr_tof1_port_add:1030:0:153:2(speed):0(fec)
2025-04-10 03:29:00.369429 INFO  BF_DVM Dev 0 port 153 added sts Success (0)
2025-04-10 03:29:00.369435 INFO  BF_PM bf_pm_port_direction_clear:4449 0:4/1
2025-04-10 03:29:00.369442 DEBUG BF_PLTFM Extended Mac addr: 6c:ec:5a:a:dd:1a 

2025-04-10 03:29:00.369450 DEBUG BF_PORT SDS :0:153:0: MAP: Rx inv=0
2025-04-10 03:29:00.369553 DEBUG BF_PORT SDS :0:153:0: MAP: Tx inv=0
2025-04-10 03:29:00.370726 INFO  BF_PM bf_pm_port_enable:5106 0:4/1
2025-04-10 03:29:00.370735 INFO  BF_PM bf_pm_port_add_with_lanes:4847 0:4/2:2(speed):0(fec):1(n_lanes)
2025-04-10 03:29:00.370744 DEBUG BF_PORT 0:154: 2(speed): 0(fec): 1(n_lanes)
2025-04-10 03:29:00.370748 DEBUG BF_PORT port_mgr_tof1_port_add:1030:0:154:2(speed):0(fec)
2025-04-10 03:29:00.370757 DEBUG BF_PORT PRT :0:154:-: MACs serdesmux.sig_ok=LOW
2025-04-10 03:29:00.370831 DEBUG BF_PORT PRT :0:154:-: Disable MAC Rx
2025-04-10 03:29:00.370836 DEBUG BF_PORT MAC: 0:41:2 :  set rx enable = false
2025-04-10 03:29:00.375217 DEBUG BF_PORT MAC: DIS: 0:41:2 : Disable channel
2025-04-10 03:29:00.375225 DEBUG BF_PORT MAC: DIS: 0:41:2 : ERROR! : ch0mode.ena = 0!
2025-04-10 03:29:00.375598 INFO  BF_TM TM buffers egress usage count after disabling qac_rx for dev 0, dev_port 154 before wait 1 is 0
2025-04-10 03:29:00.375604 INFO  BF_TM TM buffers got drained after disabling qac_rx for dev 0, dev_port 154 after 0 waits
2025-04-10 03:29:00.376075 DEBUG BF_PORT 0:154: 2(speed): 0(fec): 1(n_lanes)
2025-04-10 03:29:00.376081 DEBUG BF_PORT port_mgr_tof1_port_add:1030:0:154:2(speed):0(fec)
2025-04-10 03:29:00.376240 INFO  BF_DVM Dev 0 port 154 added sts Success (0)
2025-04-10 03:29:00.376246 INFO  BF_PM bf_pm_port_direction_clear:4449 0:4/2
2025-04-10 03:29:00.376251 DEBUG BF_PLTFM Extended Mac addr: 6c:ec:5a:a:dd:1b 

2025-04-10 03:29:00.376259 DEBUG BF_PORT SDS :0:154:0: MAP: Rx inv=0
2025-04-10 03:29:00.376364 DEBUG BF_PORT SDS :0:154:0: MAP: Tx inv=0
2025-04-10 03:29:00.377538 INFO  BF_PM bf_pm_port_enable:5106 0:4/2
2025-04-10 03:29:00.377545 INFO  BF_PM bf_pm_port_add_with_lanes:4847 0:4/3:2(speed):0(fec):1(n_lanes)
2025-04-10 03:29:00.377555 DEBUG BF_PORT 0:155: 2(speed): 0(fec): 1(n_lanes)
2025-04-10 03:29:00.377561 DEBUG BF_PORT port_mgr_tof1_port_add:1030:0:155:2(speed):0(fec)
2025-04-10 03:29:00.377569 DEBUG BF_PORT PRT :0:155:-: MACs serdesmux.sig_ok=LOW
2025-04-10 03:29:00.377641 DEBUG BF_PORT PRT :0:155:-: Disable MAC Rx
2025-04-10 03:29:00.377647 DEBUG BF_PORT MAC: 0:41:3 :  set rx enable = false
2025-04-10 03:29:00.382028 DEBUG BF_PORT MAC: DIS: 0:41:3 : Disable channel
2025-04-10 03:29:00.382035 DEBUG BF_PORT MAC: DIS: 0:41:3 : ERROR! : ch0mode.ena = 0!
2025-04-10 03:29:00.382410 INFO  BF_TM TM buffers egress usage count after disabling qac_rx for dev 0, dev_port 155 before wait 1 is 0
2025-04-10 03:29:00.382418 INFO  BF_TM TM buffers got drained after disabling qac_rx for dev 0, dev_port 155 after 0 waits
2025-04-10 03:29:00.382890 DEBUG BF_PORT 0:155: 2(speed): 0(fec): 1(n_lanes)
2025-04-10 03:29:00.382895 DEBUG BF_PORT port_mgr_tof1_port_add:1030:0:155:2(speed):0(fec)
2025-04-10 03:29:00.383054 INFO  BF_DVM Dev 0 port 155 added sts Success (0)
2025-04-10 03:29:00.383059 INFO  BF_PM bf_pm_port_direction_clear:4449 0:4/3
2025-04-10 03:29:00.383064 DEBUG BF_PLTFM Extended Mac addr: 6c:ec:5a:a:dd:1c 

2025-04-10 03:29:00.383074 DEBUG BF_PORT SDS :0:155:0: MAP: Rx inv=0
2025-04-10 03:29:00.383177 DEBUG BF_PORT SDS :0:155:0: MAP: Tx inv=0
2025-04-10 03:29:00.384351 INFO  BF_PM bf_pm_port_enable:5106 0:4/3
2025-04-10 03:29:01.721376 DEBUG BF_PLTFM QSFP Scan started..
2025-04-10 03:29:02.348870 DEBUG BF_PLTFM QSFP     4 : Clear existing alarms..
2025-04-10 03:29:02.353038 DEBUG BF_PLTFM QSFP     4 : Alarms (Bytes 2-14) : 00 fe 00 00 01 00 00 05 55 00 00 00 00
2025-04-10 03:29:02.353081 DEBUG BF_PLTFM QSFP     4 : [7:4] Tx LOS: f -> f : [3:0] Rx LOS: f -> e
2025-04-10 03:29:02.353095 DEBUG BF_PLTFM QSFP     4 : Temp Alarm/Warn: 00 -> 01
2025-04-10 03:29:02.353134 DEBUG BF_PLTFM QSFP     4 : Rx Power Alarm/Warn CH1/2: 00 -> 05
2025-04-10 03:29:02.353145 DEBUG BF_PLTFM QSFP     4 : Rx Power Alarm/Warn CH3/4: 00 -> 55
2025-04-10 03:29:02.353156 DEBUG BF_PLTFM QSFP     4 : Now check for current alarms..
2025-04-10 03:29:02.357275 DEBUG BF_PLTFM QSFP     4 : Alarms (Bytes 2-14) : 02 00 00 00 00 00 00 00 00 00 00 00 00
2025-04-10 03:29:02.357325 DEBUG BF_PLTFM QSFP     4 : IntL : 0 -> 1
2025-04-10 03:29:02.357338 DEBUG BF_PLTFM QSFP     4 : [7:4] Tx LOS: f -> 0 : [3:0] Rx LOS: e -> 0
2025-04-10 03:29:02.357357 DEBUG BF_PLTFM QSFP     4 : Temp Alarm/Warn: 01 -> 00
2025-04-10 03:29:02.357371 DEBUG BF_PLTFM QSFP     4 : Rx Power Alarm/Warn CH1/2: 05 -> 00
2025-04-10 03:29:02.357388 DEBUG BF_PLTFM QSFP     4 : Rx Power Alarm/Warn CH3/4: 55 -> 00
2025-04-10 03:29:02.357407 DEBUG BF_PLTFM QSFP     4 : TX_DISABLE, mask=0xf, new value=1
2025-04-10 03:29:02.762999 DEBUG BF_PLTFM QSFPMSM  4 : QSFP_FSM_ST_WAIT_TON_TXDIS   --> QSFP_FSM_ST_WAIT_TOFF_LPMODE (100ms)
2025-04-10 03:29:02.763049 DEBUG BF_PLTFM QSFP     7 : Clear existing alarms..
2025-04-10 03:29:02.767187 DEBUG BF_PLTFM QSFP     7 : Alarms (Bytes 2-14) : 00 0f 00 00 a1 00 00 00 00 00 00 00 00
2025-04-10 03:29:02.767231 DEBUG BF_PLTFM QSFP     7 : [7:4] Tx LOS: f -> 0 : [3:0] Rx LOS: f -> f
2025-04-10 03:29:02.767246 DEBUG BF_PLTFM QSFP     7 : Temp Alarm/Warn: 00 -> a1
2025-04-10 03:29:02.767258 DEBUG BF_PLTFM QSFP     7 : Now check for current alarms..
2025-04-10 03:29:02.771371 DEBUG BF_PLTFM QSFP     7 : Alarms (Bytes 2-14) : 00 00 00 00 a0 00 00 00 00 00 00 00 00
2025-04-10 03:29:02.771415 DEBUG BF_PLTFM QSFP     7 : [7:4] Tx LOS: 0 -> 0 : [3:0] Rx LOS: f -> 0
2025-04-10 03:29:02.771430 DEBUG BF_PLTFM QSFP     7 : Temp Alarm/Warn: a1 -> a0
2025-04-10 03:29:02.771442 DEBUG BF_PLTFM QSFP     7 : TX_DISABLE, mask=0xf, new value=1
2025-04-10 03:29:03.177009 DEBUG BF_PLTFM QSFPMSM  7 : QSFP_FSM_ST_WAIT_TON_TXDIS   --> QSFP_FSM_ST_WAIT_TOFF_LPMODE (100ms)
2025-04-10 03:29:03.177057 DEBUG BF_PLTFM QSFP     8 : Clear existing alarms..
2025-04-10 03:29:03.181725 DEBUG BF_PLTFM QSFP     8 : Alarms (Bytes 2-14) : 00 f0 00 00 00 00 00 00 00 00 00 00 00
2025-04-10 03:29:03.181768 DEBUG BF_PLTFM QSFP     8 : [7:4] Tx LOS: f -> f : [3:0] Rx LOS: f -> 0
2025-04-10 03:29:03.181787 DEBUG BF_PLTFM QSFP     8 : Now check for current alarms..
2025-04-10 03:29:03.188541 DEBUG BF_PLTFM QSFP     8 : TX_DISABLE, mask=0xf, new value=1
2025-04-10 03:29:03.599708 DEBUG BF_PLTFM QSFPMSM  8 : QSFP_FSM_ST_WAIT_TON_TXDIS   --> QSFP_FSM_ST_WAIT_TOFF_LPMODE (100ms)
2025-04-10 03:29:03.603680 DEBUG BF_PLTFM QSFP     4 : value read from qsfp Power Control byte : 0x0
2025-04-10 03:29:03.604186 INFO  BF_PM bf_pm_pltfm_front_port_eligible_for_autoneg:4161 0:4/0:0(an_eligibility)
2025-04-10 03:29:03.604209 INFO  BF_PM bf_pm_pltfm_front_port_ready_for_bringup:4058 0:4/0:1(ready)
2025-04-10 03:29:03.608323 DEBUG BF_PLTFM QSFP:  4 : ch[0] : dev_port=152 : is OPTICAL
2025-04-10 03:29:03.608388 DEBUG BF_PORT port_mgr_port_enable:134:0:152:1(enb)
2025-04-10 03:29:03.608414 DEBUG BF_PORT port_mgr_tof1_port_enable:1328:0:152:1(enb)
2025-04-10 03:29:03.608426 DEBUG BF_PORT PRT :0:152:-: Enable
2025-04-10 03:29:03.608459 INFO  BF_TM Enabling QAC rx during port-enable for dev 0, dev_port 152
2025-04-10 03:29:03.608503 INFO  BF_PM bf_pm_pltfm_front_port_eligible_for_autoneg:4161 0:4/1:0(an_eligibility)
2025-04-10 03:29:03.608521 INFO  BF_PM bf_pm_pltfm_front_port_ready_for_bringup:4058 0:4/1:1(ready)
2025-04-10 03:29:03.608597 DEBUG BF_PORT FSM :0:152:-: MACs serdesmux.sig_ok=LOW
2025-04-10 03:29:03.613311 DEBUG BF_PORT FSM :0:152:-: BF_FSM_ST_IDLE             --> BF_FSM_ST_WAIT_PLL         
2025-04-10 03:29:03.613415 DEBUG BF_PLTFM QSFP:  4 : ch[1] : dev_port=153 : is OPTICAL
2025-04-10 03:29:03.613453 DEBUG BF_PORT port_mgr_port_enable:134:0:153:1(enb)
2025-04-10 03:29:03.613461 DEBUG BF_PORT port_mgr_tof1_port_enable:1328:0:153:1(enb)
2025-04-10 03:29:03.613468 DEBUG BF_PORT PRT :0:153:-: Enable
2025-04-10 03:29:03.613485 INFO  BF_TM Enabling QAC rx during port-enable for dev 0, dev_port 153
2025-04-10 03:29:03.613505 INFO  BF_PM bf_pm_pltfm_front_port_eligible_for_autoneg:4161 0:4/2:0(an_eligibility)
2025-04-10 03:29:03.613513 INFO  BF_PM bf_pm_pltfm_front_port_ready_for_bringup:4058 0:4/2:1(ready)
2025-04-10 03:29:03.613743 DEBUG BF_PORT FSM :0:153:-: MACs serdesmux.sig_ok=LOW
2025-04-10 03:29:03.618399 DEBUG BF_PORT FSM :0:153:-: BF_FSM_ST_IDLE             --> BF_FSM_ST_WAIT_PLL         
2025-04-10 03:29:03.618520 DEBUG BF_PLTFM QSFP:  4 : ch[2] : dev_port=154 : is OPTICAL
2025-04-10 03:29:03.618551 DEBUG BF_PORT port_mgr_port_enable:134:0:154:1(enb)
2025-04-10 03:29:03.618559 DEBUG BF_PORT port_mgr_tof1_port_enable:1328:0:154:1(enb)
2025-04-10 03:29:03.618567 DEBUG BF_PORT PRT :0:154:-: Enable
2025-04-10 03:29:03.618591 INFO  BF_TM Enabling QAC rx during port-enable for dev 0, dev_port 154
2025-04-10 03:29:03.618608 INFO  BF_PM bf_pm_pltfm_front_port_eligible_for_autoneg:4161 0:4/3:0(an_eligibility)
2025-04-10 03:29:03.618617 INFO  BF_PM bf_pm_pltfm_front_port_ready_for_bringup:4058 0:4/3:1(ready)
2025-04-10 03:29:03.618816 DEBUG BF_PORT FSM :0:154:-: MACs serdesmux.sig_ok=LOW
2025-04-10 03:29:03.623638 DEBUG BF_PORT FSM :0:154:-: BF_FSM_ST_IDLE             --> BF_FSM_ST_WAIT_PLL         
2025-04-10 03:29:03.623744 DEBUG BF_PLTFM QSFP:  4 : ch[3] : dev_port=155 : is OPTICAL
2025-04-10 03:29:03.623778 DEBUG BF_PORT port_mgr_port_enable:134:0:155:1(enb)
2025-04-10 03:29:03.623787 DEBUG BF_PORT port_mgr_tof1_port_enable:1328:0:155:1(enb)
2025-04-10 03:29:03.623797 DEBUG BF_PORT PRT :0:155:-: Enable
2025-04-10 03:29:03.623814 INFO  BF_TM Enabling QAC rx during port-enable for dev 0, dev_port 155
2025-04-10 03:29:03.623831 DEBUG BF_PLTFM QSFPMSM  4 : QSFP_FSM_ST_WAIT_TOFF_LPMODE --> QSFP_FSM_ST_DETECTED         (300ms)
2025-04-10 03:29:03.624056 DEBUG BF_PORT FSM :0:155:-: MACs serdesmux.sig_ok=LOW
2025-04-10 03:29:03.626602 DEBUG BF_PLTFM QSFP     7 : value read from qsfp Power Control byte : 0x0
2025-04-10 03:29:03.627716 DEBUG BF_PORT FSM :0:155:-: BF_FSM_ST_IDLE             --> BF_FSM_ST_WAIT_PLL         
2025-04-10 03:29:03.628140 INFO  BF_PM bf_pm_pltfm_front_port_eligible_for_autoneg:4161 0:7/0:0(an_eligibility)
2025-04-10 03:29:03.628173 INFO  BF_PM bf_pm_pltfm_front_port_ready_for_bringup:4058 0:7/0:1(ready)
2025-04-10 03:29:03.628186 INFO  BF_PM bf_pm_pltfm_front_port_eligible_for_autoneg:4161 0:7/1:0(an_eligibility)
2025-04-10 03:29:03.628195 INFO  BF_PM bf_pm_pltfm_front_port_ready_for_bringup:4058 0:7/1:1(ready)
2025-04-10 03:29:03.628203 INFO  BF_PM bf_pm_pltfm_front_port_eligible_for_autoneg:4161 0:7/2:0(an_eligibility)
2025-04-10 03:29:03.628212 INFO  BF_PM bf_pm_pltfm_front_port_ready_for_bringup:4058 0:7/2:1(ready)
2025-04-10 03:29:03.628222 INFO  BF_PM bf_pm_pltfm_front_port_eligible_for_autoneg:4161 0:7/3:0(an_eligibility)
2025-04-10 03:29:03.628231 INFO  BF_PM bf_pm_pltfm_front_port_ready_for_bringup:4058 0:7/3:1(ready)
2025-04-10 03:29:03.628240 DEBUG BF_PLTFM QSFPMSM  7 : QSFP_FSM_ST_WAIT_TOFF_LPMODE --> QSFP_FSM_ST_DETECTED         (300ms)
2025-04-10 03:29:03.663685 DEBUG BF_PORT FSM :0:152:-: BF_FSM_ST_WAIT_PLL         --> BF_FSM_ST_CFG_SERDES       
2025-04-10 03:29:03.668892 DEBUG BF_PORT FSM :0:153:-: BF_FSM_ST_WAIT_PLL         --> BF_FSM_ST_CFG_SERDES       
2025-04-10 03:29:03.674174 DEBUG BF_PORT FSM :0:154:-: BF_FSM_ST_WAIT_PLL         --> BF_FSM_ST_CFG_SERDES       
2025-04-10 03:29:03.675772 DEBUG BF_PORT FSM :0:1: 38: Tx loop bandwidth setting: 503h <1283>
2025-04-10 03:29:03.675904 DEBUG BF_PORT FSM :0:152:-: Disable MAC CH TX/RX, toggle swreset
2025-04-10 03:29:03.675927 DEBUG BF_PORT MAC: 0:41:0 :  set tx enable = false
2025-04-10 03:29:03.675954 DEBUG BF_PORT MAC: 0:41:0 :  set rx enable = false
2025-04-10 03:29:03.675975 DEBUG BF_PORT MAC: DIS: 0:41:0 : Disable channel
2025-04-10 03:29:03.675999 DEBUG BF_PORT MAC: ENA: 0:41:0 : Enable channel
2025-04-10 03:29:03.676226 DEBUG BF_PORT FSM :0:152:-: Serdes TX driver ON
2025-04-10 03:29:03.676239 DEBUG BF_PORT FSM :0:152:-: BF_FSM_ST_CFG_SERDES       --> BF_FSM_ST_WAIT_SIGNAL_OK   
2025-04-10 03:29:03.676261 DEBUG BF_PLTFM QSFP:  4 : ch[0] : dev_port=152 : is OPTICAL
2025-04-10 03:29:03.676279 INFO  BF_PM bf_pm_pltfm_front_port_num_lanes_get:4192 0:4/0
2025-04-10 03:29:03.676302 DEBUG BF_PLTFM QSFP:  4 : ch[0] Enable (dev_port=152, ln=0)
2025-04-10 03:29:03.676320 DEBUG BF_PLTFM QSFPCSM  4/0 : QSFP_CH_FSM_ST_DISABLED --> QSFP_CH_FSM_ST_ENABLING (0ms)
2025-04-10 03:29:03.678014 DEBUG BF_PORT FSM :0:155:-: BF_FSM_ST_WAIT_PLL         --> BF_FSM_ST_CFG_SERDES       
2025-04-10 03:29:03.680686 DEBUG BF_PORT FSM :0:1: 39: Tx loop bandwidth setting: 503h <1283>
2025-04-10 03:29:03.680828 DEBUG BF_PORT FSM :0:153:-: Disable MAC CH TX/RX, toggle swreset
2025-04-10 03:29:03.680842 DEBUG BF_PORT MAC: 0:41:1 :  set tx enable = false
2025-04-10 03:29:03.680861 DEBUG BF_PORT MAC: 0:41:1 :  set rx enable = false
2025-04-10 03:29:03.680878 DEBUG BF_PORT MAC: DIS: 0:41:1 : Disable channel
2025-04-10 03:29:03.680898 DEBUG BF_PORT MAC: ENA: 0:41:1 : Enable channel
2025-04-10 03:29:03.681111 DEBUG BF_PORT FSM :0:153:-: Serdes TX driver ON
2025-04-10 03:29:03.681122 DEBUG BF_PORT FSM :0:153:-: BF_FSM_ST_CFG_SERDES       --> BF_FSM_ST_WAIT_SIGNAL_OK   
2025-04-10 03:29:03.681138 DEBUG BF_PLTFM QSFP:  4 : ch[1] : dev_port=153 : is OPTICAL
2025-04-10 03:29:03.681153 INFO  BF_PM bf_pm_pltfm_front_port_num_lanes_get:4192 0:4/1
2025-04-10 03:29:03.681166 DEBUG BF_PLTFM QSFP:  4 : ch[1] Enable (dev_port=153, ln=0)
2025-04-10 03:29:03.681177 DEBUG BF_PLTFM QSFPCSM  4/1 : QSFP_CH_FSM_ST_DISABLED --> QSFP_CH_FSM_ST_ENABLING (0ms)
2025-04-10 03:29:03.685771 DEBUG BF_PORT FSM :0:1: 40: Tx loop bandwidth setting: 503h <1283>
2025-04-10 03:29:03.685914 DEBUG BF_PORT FSM :0:154:-: Disable MAC CH TX/RX, toggle swreset
2025-04-10 03:29:03.685927 DEBUG BF_PORT MAC: 0:41:2 :  set tx enable = false
2025-04-10 03:29:03.685940 DEBUG BF_PORT MAC: 0:41:2 :  set rx enable = false
2025-04-10 03:29:03.685952 DEBUG BF_PORT MAC: DIS: 0:41:2 : Disable channel
2025-04-10 03:29:03.685973 DEBUG BF_PORT MAC: ENA: 0:41:2 : Enable channel
2025-04-10 03:29:03.686186 DEBUG BF_PORT FSM :0:154:-: Serdes TX driver ON
2025-04-10 03:29:03.686199 DEBUG BF_PORT FSM :0:154:-: BF_FSM_ST_CFG_SERDES       --> BF_FSM_ST_WAIT_SIGNAL_OK   
2025-04-10 03:29:03.686215 DEBUG BF_PLTFM QSFP:  4 : ch[2] : dev_port=154 : is OPTICAL
2025-04-10 03:29:03.686229 INFO  BF_PM bf_pm_pltfm_front_port_num_lanes_get:4192 0:4/2
2025-04-10 03:29:03.686243 DEBUG BF_PLTFM QSFP:  4 : ch[2] Enable (dev_port=154, ln=0)
2025-04-10 03:29:03.686254 DEBUG BF_PLTFM QSFPCSM  4/2 : QSFP_CH_FSM_ST_DISABLED --> QSFP_CH_FSM_ST_ENABLING (0ms)
2025-04-10 03:29:03.689733 DEBUG BF_PORT FSM :0:1: 41: Tx loop bandwidth setting: 503h <1283>
2025-04-10 03:29:03.689874 DEBUG BF_PORT FSM :0:155:-: Disable MAC CH TX/RX, toggle swreset
2025-04-10 03:29:03.689887 DEBUG BF_PORT MAC: 0:41:3 :  set tx enable = false
2025-04-10 03:29:03.689900 DEBUG BF_PORT MAC: 0:41:3 :  set rx enable = false
2025-04-10 03:29:03.689912 DEBUG BF_PORT MAC: DIS: 0:41:3 : Disable channel
2025-04-10 03:29:03.689933 DEBUG BF_PORT MAC: ENA: 0:41:3 : Enable channel
2025-04-10 03:29:03.690146 DEBUG BF_PORT FSM :0:155:-: Serdes TX driver ON
2025-04-10 03:29:03.690158 DEBUG BF_PORT FSM :0:155:-: BF_FSM_ST_CFG_SERDES       --> BF_FSM_ST_WAIT_SIGNAL_OK   
2025-04-10 03:29:03.690174 DEBUG BF_PLTFM QSFP:  4 : ch[3] : dev_port=155 : is OPTICAL
2025-04-10 03:29:03.690188 INFO  BF_PM bf_pm_pltfm_front_port_num_lanes_get:4192 0:4/3
2025-04-10 03:29:03.690202 DEBUG BF_PLTFM QSFP:  4 : ch[3] Enable (dev_port=155, ln=0)
2025-04-10 03:29:03.690213 DEBUG BF_PLTFM QSFPCSM  4/3 : QSFP_CH_FSM_ST_DISABLED --> QSFP_CH_FSM_ST_ENABLING (0ms)
2025-04-10 03:29:03.701260 DEBUG BF_PLTFM QSFP     4 : ch[0] : NOT Ready 
2025-04-10 03:29:03.701315 DEBUG BF_PLTFM QSFPCSM  4/0 : QSFP_CH_FSM_ST_ENABLING.0 --> QSFP_CH_FSM_ST_ENA_CDR.0 (300ms)
2025-04-10 03:29:03.701329 DEBUG BF_PLTFM QSFP     4 : ch[1] : NOT Ready 
2025-04-10 03:29:03.701340 DEBUG BF_PLTFM QSFPCSM  4/1 : QSFP_CH_FSM_ST_ENABLING.0 --> QSFP_CH_FSM_ST_ENA_CDR.0 (300ms)
2025-04-10 03:29:03.701353 DEBUG BF_PLTFM QSFP     4 : ch[2] : NOT Ready 
2025-04-10 03:29:03.701373 DEBUG BF_PLTFM QSFPCSM  4/2 : QSFP_CH_FSM_ST_ENABLING.0 --> QSFP_CH_FSM_ST_ENA_CDR.0 (300ms)
2025-04-10 03:29:03.701392 DEBUG BF_PLTFM QSFP     4 : ch[3] : NOT Ready 
2025-04-10 03:29:03.701404 DEBUG BF_PLTFM QSFPCSM  4/3 : QSFP_CH_FSM_ST_ENABLING.0 --> QSFP_CH_FSM_ST_ENA_CDR.0 (300ms)
2025-04-10 03:29:03.704247 DEBUG BF_PLTFM QSFP     8 : value read from qsfp Power Control byte : 0x0
2025-04-10 03:29:03.704709 INFO  BF_PM bf_pm_pltfm_front_port_eligible_for_autoneg:4161 0:8/0:0(an_eligibility)
2025-04-10 03:29:03.704727 INFO  BF_PM bf_pm_pltfm_front_port_ready_for_bringup:4058 0:8/0:1(ready)
2025-04-10 03:29:03.704740 INFO  BF_PM bf_pm_pltfm_front_port_eligible_for_autoneg:4161 0:8/1:0(an_eligibility)
2025-04-10 03:29:03.704752 INFO  BF_PM bf_pm_pltfm_front_port_ready_for_bringup:4058 0:8/1:1(ready)
2025-04-10 03:29:03.704765 INFO  BF_PM bf_pm_pltfm_front_port_eligible_for_autoneg:4161 0:8/2:0(an_eligibility)
2025-04-10 03:29:03.704777 INFO  BF_PM bf_pm_pltfm_front_port_ready_for_bringup:4058 0:8/2:1(ready)
2025-04-10 03:29:03.704789 INFO  BF_PM bf_pm_pltfm_front_port_eligible_for_autoneg:4161 0:8/3:0(an_eligibility)
2025-04-10 03:29:03.704800 INFO  BF_PM bf_pm_pltfm_front_port_ready_for_bringup:4058 0:8/3:1(ready)
2025-04-10 03:29:03.704819 DEBUG BF_PLTFM QSFPMSM  8 : QSFP_FSM_ST_WAIT_TOFF_LPMODE --> QSFP_FSM_ST_DETECTED         (300ms)
2025-04-10 03:29:04.065971 DEBUG BF_PLTFM QSFPMSM  4 : QSFP_FSM_ST_DETECTED         --> QSFP_FSM_ST_UPDATE           (0ms)
2025-04-10 03:29:04.066131 DEBUG BF_PLTFM QSFPCSM  4/0 : QSFP_CH_FSM_ST_ENA_CDR.0 --> QSFP_CH_FSM_ST_ENA_CDR.1 (300ms)
2025-04-10 03:29:04.066181 DEBUG BF_PLTFM QSFPCSM  4/1 : QSFP_CH_FSM_ST_ENA_CDR.0 --> QSFP_CH_FSM_ST_ENA_CDR.1 (300ms)
2025-04-10 03:29:04.066228 DEBUG BF_PLTFM QSFPCSM  4/2 : QSFP_CH_FSM_ST_ENA_CDR.0 --> QSFP_CH_FSM_ST_ENA_CDR.1 (300ms)
2025-04-10 03:29:04.066248 DEBUG BF_PLTFM QSFPCSM  4/3 : QSFP_CH_FSM_ST_ENA_CDR.0 --> QSFP_CH_FSM_ST_ENA_CDR.1 (300ms)
2025-04-10 03:29:04.081394 DEBUG BF_PLTFM QSFP     8 : Alarms (Bytes 2-14) : 00 f0 00 00 00 00 00 00 00 55 55 55 55
2025-04-10 03:29:04.081457 DEBUG BF_PLTFM QSFP     8 : Tx Bias Alarm/Warn CH1/2: 00 -> 55
2025-04-10 03:29:04.081499 DEBUG BF_PLTFM QSFP     8 : Tx Bias Alarm/Warn CH3/4: 00 -> 55
2025-04-10 03:29:04.081510 DEBUG BF_PLTFM QSFP     8 : Tx Power Alarm/Warn CH1/2: 00 -> 55
2025-04-10 03:29:04.081545 DEBUG BF_PLTFM QSFP     8 : Tx Power Alarm/Warn CH3/4: 00 -> 55
2025-04-10 03:29:04.086853 DEBUG BF_PLTFM QSFPMSM  4 : QSFP_FSM_ST_UPDATE           --> QSFP_FSM_ST_WAIT_UPDATE      (300ms)
2025-04-10 03:29:04.380627 DEBUG BF_PLTFM QSFP     8 : Alarms (Bytes 2-14) : 00 00 00 00 00 00 00 00 00 55 55 55 55
2025-04-10 03:29:04.380685 DEBUG BF_PLTFM QSFP     8 : [7:4] Tx LOS: f -> 0 : [3:0] Rx LOS: 0 -> 0
2025-04-10 03:29:04.466550 DEBUG BF_PLTFM QSFPMSM  4 : QSFP_FSM_ST_WAIT_UPDATE      --> QSFP_FSM_ST_DETECTED         (0ms)
2025-04-10 03:29:04.577661 DEBUG BF_PLTFM QSFP     4 : ch[0] : TX LOS (byte 3) = 0e : TX CDR LOL (byte 5) = 00 : [ok] <num_lanes=1 : msk=10>
2025-04-10 03:29:04.589476 DEBUG BF_PLTFM QSFP     4 : ch[0] : TX LOS (byte 3) = 00 : TX CDR LOL (byte 5) = 00 : [ok] <num_lanes=1 : msk=10>
2025-04-10 03:29:04.601411 DEBUG BF_PLTFM QSFP     4 : ch[0] : TX LOS (byte 3) = 00 : TX CDR LOL (byte 5) = 00 : [ok] <num_lanes=1 : msk=10>
2025-04-10 03:29:04.601460 DEBUG BF_PLTFM QSFPCSM  4/0 : QSFP_CH_FSM_ST_ENA_CDR.1 --> QSFP_CH_FSM_ST_ENA_OPTICAL_TX.0 (0ms)
2025-04-10 03:29:04.613265 DEBUG BF_PLTFM QSFP     4 : ch[1] : TX LOS (byte 3) = 00 : TX CDR LOL (byte 5) = 00 : [ok] <num_lanes=1 : msk=20>
2025-04-10 03:29:04.625060 DEBUG BF_PLTFM QSFP     4 : ch[1] : TX LOS (byte 3) = 00 : TX CDR LOL (byte 5) = 00 : [ok] <num_lanes=1 : msk=20>
2025-04-10 03:29:04.636897 DEBUG BF_PLTFM QSFP     4 : ch[1] : TX LOS (byte 3) = 00 : TX CDR LOL (byte 5) = 00 : [ok] <num_lanes=1 : msk=20>
2025-04-10 03:29:04.636938 DEBUG BF_PLTFM QSFPCSM  4/1 : QSFP_CH_FSM_ST_ENA_CDR.1 --> QSFP_CH_FSM_ST_ENA_OPTICAL_TX.0 (0ms)
2025-04-10 03:29:04.648781 DEBUG BF_PLTFM QSFP     4 : ch[2] : TX LOS (byte 3) = 00 : TX CDR LOL (byte 5) = 00 : [ok] <num_lanes=1 : msk=40>
2025-04-10 03:29:04.660636 DEBUG BF_PLTFM QSFP     4 : ch[2] : TX LOS (byte 3) = 00 : TX CDR LOL (byte 5) = 00 : [ok] <num_lanes=1 : msk=40>
2025-04-10 03:29:04.672456 DEBUG BF_PLTFM QSFP     4 : ch[2] : TX LOS (byte 3) = 00 : TX CDR LOL (byte 5) = 00 : [ok] <num_lanes=1 : msk=40>
2025-04-10 03:29:04.672506 DEBUG BF_PLTFM QSFPCSM  4/2 : QSFP_CH_FSM_ST_ENA_CDR.1 --> QSFP_CH_FSM_ST_ENA_OPTICAL_TX.0 (0ms)
2025-04-10 03:29:04.684475 DEBUG BF_PLTFM QSFP     4 : ch[3] : TX LOS (byte 3) = 00 : TX CDR LOL (byte 5) = 00 : [ok] <num_lanes=1 : msk=80>
2025-04-10 03:29:04.696480 DEBUG BF_PLTFM QSFP     4 : ch[3] : TX LOS (byte 3) = 00 : TX CDR LOL (byte 5) = 00 : [ok] <num_lanes=1 : msk=80>
2025-04-10 03:29:04.708305 DEBUG BF_PLTFM QSFP     4 : ch[3] : TX LOS (byte 3) = 00 : TX CDR LOL (byte 5) = 00 : [ok] <num_lanes=1 : msk=80>
2025-04-10 03:29:04.708348 DEBUG BF_PLTFM QSFPCSM  4/3 : QSFP_CH_FSM_ST_ENA_CDR.1 --> QSFP_CH_FSM_ST_ENA_OPTICAL_TX.0 (0ms)
2025-04-10 03:29:04.715548 DEBUG BF_PLTFM QSFP     4 : Alarms (Bytes 2-14) : 02 00 00 00 00 00 00 05 55 11 11 55 55
2025-04-10 03:29:04.715601 DEBUG BF_PLTFM QSFP     4 : Rx Power Alarm/Warn CH1/2: 00 -> 05
2025-04-10 03:29:04.715620 DEBUG BF_PLTFM QSFP     4 : Rx Power Alarm/Warn CH3/4: 00 -> 55
2025-04-10 03:29:04.715639 DEBUG BF_PLTFM QSFP     4 : Tx Bias Alarm/Warn CH1/2: 00 -> 11
2025-04-10 03:29:04.715657 DEBUG BF_PLTFM QSFP     4 : Tx Bias Alarm/Warn CH3/4: 00 -> 11
2025-04-10 03:29:04.715685 DEBUG BF_PLTFM QSFP     4 : Tx Power Alarm/Warn CH1/2: 00 -> 55
2025-04-10 03:29:04.715704 DEBUG BF_PLTFM QSFP     4 : Tx Power Alarm/Warn CH3/4: 00 -> 55
2025-04-10 03:29:04.722660 DEBUG BF_PLTFM QSFPMSM  4 : QSFP_FSM_ST_DETECTED         --> QSFP_FSM_ST_UPDATE           (0ms)
2025-04-10 03:29:04.722706 DEBUG BF_PLTFM QSFPCSM  4/0 : QSFP_CH_FSM_ST_ENA_OPTICAL_TX.0 --> QSFP_CH_FSM_ST_ENA_OPTICAL_TX.1 (0ms)
2025-04-10 03:29:04.722751 DEBUG BF_PLTFM QSFPCSM  4/1 : QSFP_CH_FSM_ST_ENA_OPTICAL_TX.0 --> QSFP_CH_FSM_ST_ENA_OPTICAL_TX.1 (0ms)
2025-04-10 03:29:04.722776 DEBUG BF_PLTFM QSFPCSM  4/2 : QSFP_CH_FSM_ST_ENA_OPTICAL_TX.0 --> QSFP_CH_FSM_ST_ENA_OPTICAL_TX.1 (0ms)
2025-04-10 03:29:04.722795 DEBUG BF_PLTFM QSFPCSM  4/3 : QSFP_CH_FSM_ST_ENA_OPTICAL_TX.0 --> QSFP_CH_FSM_ST_ENA_OPTICAL_TX.1 (0ms)
2025-04-10 03:29:04.776005 DEBUG BF_PLTFM QSFPMSM  4 : QSFP_FSM_ST_UPDATE           --> QSFP_FSM_ST_WAIT_UPDATE      (0ms)
2025-04-10 03:29:04.866237 DEBUG BF_PLTFM QSFPMSM  4 : QSFP_FSM_ST_WAIT_UPDATE      --> QSFP_FSM_ST_DETECTED         (0ms)
2025-04-10 03:29:04.966564 DEBUG BF_PLTFM QSFPCSM  4/0 : First enable after reset. Extra 3.1 sec wait
2025-04-10 03:29:04.966612 DEBUG BF_PLTFM QSFPCSM  4/0 : QSFP_CH_FSM_ST_ENA_OPTICAL_TX.1 --> QSFP_CH_FSM_ST_NOTIFY_ENABLED.0 (3500ms)
2025-04-10 03:29:04.966627 DEBUG BF_PLTFM QSFPCSM  4/1 : First enable after reset. Extra 3.1 sec wait
2025-04-10 03:29:04.966646 DEBUG BF_PLTFM QSFPCSM  4/1 : QSFP_CH_FSM_ST_ENA_OPTICAL_TX.1 --> QSFP_CH_FSM_ST_NOTIFY_ENABLED.0 (3500ms)
2025-04-10 03:29:04.966658 DEBUG BF_PLTFM QSFPCSM  4/2 : First enable after reset. Extra 3.1 sec wait
2025-04-10 03:29:04.966668 DEBUG BF_PLTFM QSFPCSM  4/2 : QSFP_CH_FSM_ST_ENA_OPTICAL_TX.1 --> QSFP_CH_FSM_ST_NOTIFY_ENABLED.0 (3500ms)
2025-04-10 03:29:04.966680 DEBUG BF_PLTFM QSFPCSM  4/3 : First enable after reset. Extra 3.1 sec wait
2025-04-10 03:29:04.966698 DEBUG BF_PLTFM QSFPCSM  4/3 : QSFP_CH_FSM_ST_ENA_OPTICAL_TX.1 --> QSFP_CH_FSM_ST_NOTIFY_ENABLED.0 (3500ms)
2025-04-10 03:29:04.973989 DEBUG BF_PLTFM QSFP     4 : Alarms (Bytes 2-14) : 00 0e 00 00 00 00 00 00 00 00 00 00 00
2025-04-10 03:29:04.974046 DEBUG BF_PLTFM QSFP     4 : IntL : 1 -> 0
2025-04-10 03:29:04.974059 DEBUG BF_PLTFM QSFP     4 : [7:4] Tx LOS: 0 -> 0 : [3:0] Rx LOS: 0 -> e
2025-04-10 03:29:04.974078 DEBUG BF_PLTFM QSFP     4 : Rx Power Alarm/Warn CH1/2: 05 -> 00
2025-04-10 03:29:04.974089 DEBUG BF_PLTFM QSFP     4 : Rx Power Alarm/Warn CH3/4: 55 -> 00
2025-04-10 03:29:04.974111 DEBUG BF_PLTFM QSFP     4 : Tx Bias Alarm/Warn CH1/2: 11 -> 00
2025-04-10 03:29:04.974124 DEBUG BF_PLTFM QSFP     4 : Tx Bias Alarm/Warn CH3/4: 11 -> 00
2025-04-10 03:29:04.974141 DEBUG BF_PLTFM QSFP     4 : Tx Power Alarm/Warn CH1/2: 55 -> 00
2025-04-10 03:29:04.974151 DEBUG BF_PLTFM QSFP     4 : Tx Power Alarm/Warn CH3/4: 55 -> 00
2025-04-10 03:29:04.979977 DEBUG BF_PLTFM QSFP     4 : dev_port=153 : LOS=1
2025-04-10 03:29:04.980018 DEBUG BF_PLTFM QSFP     4 : dev_port=154 : LOS=1
2025-04-10 03:29:04.980037 DEBUG BF_PLTFM QSFP     4 : dev_port=155 : LOS=1
2025-04-10 03:29:05.076991 DEBUG BF_PORT FSM :0:152: is_opt=1 : is_ready=1 : LOS=0 debounce_thr=8
2025-04-10 03:29:05.077822 DEBUG BF_PORT FSM :0:152:0: LOS=1 EI=0 flock= 1 calibration=ok
2025-04-10 03:29:05.077845 DEBUG BF_PORT FSM :0:152:-: BF_FSM_ST_WAIT_SIGNAL_OK   --> BF_FSM_ST_START_DFE        
2025-04-10 03:29:05.088492 DEBUG BF_PORT FSM :0:152:-: BF_FSM_ST_START_DFE        --> BF_FSM_ST_WAIT_DFE_DONE    
2025-04-10 03:29:05.271166 DEBUG BF_PLTFM QSFP     4 : Alarms (Bytes 2-14) : 00 00 00 00 00 00 00 00 00 00 00 00 00
2025-04-10 03:29:05.271223 DEBUG BF_PLTFM QSFP     4 : [7:4] Tx LOS: 0 -> 0 : [3:0] Rx LOS: e -> 0
2025-04-10 03:29:05.274126 DEBUG BF_PLTFM QSFP     4 : dev_port=153 : LOS=0
2025-04-10 03:29:05.274174 DEBUG BF_PLTFM QSFP     4 : dev_port=154 : LOS=0
2025-04-10 03:29:05.274186 DEBUG BF_PLTFM QSFP     4 : dev_port=155 : LOS=0
2025-04-10 03:29:05.588867 DEBUG BF_PORT FSM :0:153: is_opt=1 : is_ready=1 : LOS=0 debounce_thr=8
2025-04-10 03:29:05.589641 DEBUG BF_PORT FSM :0:153:0: LOS=1 EI=0 flock= 1 calibration=ok
2025-04-10 03:29:05.589673 DEBUG BF_PORT FSM :0:153:-: BF_FSM_ST_WAIT_SIGNAL_OK   --> BF_FSM_ST_START_DFE        
2025-04-10 03:29:05.589698 DEBUG BF_PORT FSM :0:154: is_opt=1 : is_ready=1 : LOS=0 debounce_thr=8
2025-04-10 03:29:05.590420 DEBUG BF_PORT FSM :0:154:0: LOS=1 EI=0 flock= 1 calibration=ok
2025-04-10 03:29:05.590436 DEBUG BF_PORT FSM :0:154:-: BF_FSM_ST_WAIT_SIGNAL_OK   --> BF_FSM_ST_START_DFE        
2025-04-10 03:29:05.601143 DEBUG BF_PORT FSM :0:153:-: BF_FSM_ST_START_DFE        --> BF_FSM_ST_WAIT_DFE_DONE    
2025-04-10 03:29:05.611815 DEBUG BF_PORT FSM :0:154:-: BF_FSM_ST_START_DFE        --> BF_FSM_ST_WAIT_DFE_DONE    
2025-04-10 03:29:05.611865 DEBUG BF_PORT FSM :0:155: is_opt=1 : is_ready=1 : LOS=0 debounce_thr=8
2025-04-10 03:29:05.612602 DEBUG BF_PORT FSM :0:155:0: LOS=1 EI=0 flock= 1 calibration=ok
2025-04-10 03:29:05.612627 DEBUG BF_PORT FSM :0:155:-: BF_FSM_ST_WAIT_SIGNAL_OK   --> BF_FSM_ST_START_DFE        
2025-04-10 03:29:05.623331 DEBUG BF_PORT FSM :0:155:-: BF_FSM_ST_START_DFE        --> BF_FSM_ST_WAIT_DFE_DONE    
2025-04-10 03:29:06.002561 DEBUG BF_PORT Upper eye edge: +/- 260 mV (ht=520mV)
2025-04-10 03:29:06.002589 DEBUG BF_PORT FSM :0:152:0: 1e06=520mV/ 40mV
2025-04-10 03:29:06.002597 DEBUG BF_PORT FSM :0:152:-: MACs serdesmux.sig_ok=PASS-THRU
2025-04-10 03:29:06.002610 DEBUG BF_PORT FSM :0:152:-: Enable MAC TX and RX for app logic
2025-04-10 03:29:06.002618 DEBUG BF_PORT MAC: 0:41:0 :  set rx enable = true
2025-04-10 03:29:06.002627 DEBUG BF_PORT MAC: 0:41:0 :  set tx enable = true
2025-04-10 03:29:06.002840 DEBUG BF_PORT FSM :0:152:-: BF_FSM_ST_WAIT_DFE_DONE    --> BF_FSM_ST_WAIT_PCS_UP      
2025-04-10 03:29:06.103169 DEBUG BF_PORT FSM :0:152:-: state=1 PCS_status=1 local_fault=0 remote fault =0
2025-04-10 03:29:06.103392 DEBUG BF_PORT FSM :0:152:-: PCS err-blk=0 : syn-lst=0 : bk-lk-lst=0 : hi_ber=0 : val-err=0 : unk-err=0 : inv-err=0 : bip=0
2025-04-10 03:29:06.203754 DEBUG BF_PORT FSM :0:152:-: state=1 PCS_status=1 local_fault=0 remote fault =0
2025-04-10 03:29:06.203963 DEBUG BF_PORT FSM :0:152:-: PCS err-blk=0 : syn-lst=0 : bk-lk-lst=0 : hi_ber=0 : val-err=0 : unk-err=0 : inv-err=0 : bip=0
2025-04-10 03:29:06.304379 DEBUG BF_PORT FSM :0:152:-: state=1 PCS_status=1 local_fault=0 remote fault =0
2025-04-10 03:29:06.304582 DEBUG BF_PORT FSM :0:152:-: PCS err-blk=0 : syn-lst=0 : bk-lk-lst=0 : hi_ber=0 : val-err=0 : unk-err=0 : inv-err=0 : bip=0
2025-04-10 03:29:06.404687 DEBUG BF_PORT FSM :0:152:-: state=1 PCS_status=1 local_fault=0 remote fault =0
2025-04-10 03:29:06.404904 DEBUG BF_PORT FSM :0:152:-: PCS err-blk=0 : syn-lst=0 : bk-lk-lst=0 : hi_ber=0 : val-err=0 : unk-err=0 : inv-err=0 : bip=0
2025-04-10 03:29:06.507041 DEBUG BF_PORT Upper eye edge: +/- 250 mV (ht=500mV)
2025-04-10 03:29:06.507082 DEBUG BF_PORT FSM :0:153:0: 1e06=500mV/ 40mV
2025-04-10 03:29:06.507097 DEBUG BF_PORT FSM :0:153:-: MACs serdesmux.sig_ok=PASS-THRU
2025-04-10 03:29:06.507135 DEBUG BF_PORT FSM :0:153:-: Enable MAC TX and RX for app logic
2025-04-10 03:29:06.507149 DEBUG BF_PORT MAC: 0:41:1 :  set rx enable = true
2025-04-10 03:29:06.507164 DEBUG BF_PORT MAC: 0:41:1 :  set tx enable = true
2025-04-10 03:29:06.507591 DEBUG BF_PORT 0:153: ln:0 LOS=1 Port Dn
2025-04-10 03:29:06.507714 DEBUG BF_PORT FSM :0:153:-: BF_FSM_ST_WAIT_DFE_DONE    --> BF_FSM_ST_WAIT_PCS_UP      
2025-04-10 03:29:06.507739 DEBUG BF_PORT FSM :0:152:-: state=1 PCS_status=1 local_fault=0 remote fault =0
2025-04-10 03:29:06.507898 DEBUG BF_PORT FSM :0:152:-: PCS err-blk=0 : syn-lst=0 : bk-lk-lst=0 : hi_ber=0 : val-err=0 : unk-err=0 : inv-err=0 : bip=0
2025-04-10 03:29:06.524123 DEBUG BF_PORT Upper eye edge: +/- 270 mV (ht=540mV)
2025-04-10 03:29:06.524142 DEBUG BF_PORT FSM :0:154:0: 1e06=540mV/ 40mV
2025-04-10 03:29:06.524147 DEBUG BF_PORT FSM :0:154:-: MACs serdesmux.sig_ok=PASS-THRU
2025-04-10 03:29:06.524156 DEBUG BF_PORT FSM :0:154:-: Enable MAC TX and RX for app logic
2025-04-10 03:29:06.524162 DEBUG BF_PORT MAC: 0:41:2 :  set rx enable = true
2025-04-10 03:29:06.524170 DEBUG BF_PORT MAC: 0:41:2 :  set tx enable = true
2025-04-10 03:29:06.524566 DEBUG BF_PORT 0:154: ln:0 LOS=1 Port Dn
2025-04-10 03:29:06.524671 DEBUG BF_PORT FSM :0:154:-: BF_FSM_ST_WAIT_DFE_DONE    --> BF_FSM_ST_WAIT_PCS_UP      
2025-04-10 03:29:06.536316 DEBUG BF_PORT Upper eye edge: +/- 270 mV (ht=540mV)
2025-04-10 03:29:06.536325 DEBUG BF_PORT FSM :0:155:0: 1e06=540mV/ 40mV
2025-04-10 03:29:06.536329 DEBUG BF_PORT FSM :0:155:-: MACs serdesmux.sig_ok=PASS-THRU
2025-04-10 03:29:06.536337 DEBUG BF_PORT FSM :0:155:-: Enable MAC TX and RX for app logic
2025-04-10 03:29:06.536343 DEBUG BF_PORT MAC: 0:41:3 :  set rx enable = true
2025-04-10 03:29:06.536351 DEBUG BF_PORT MAC: 0:41:3 :  set tx enable = true
2025-04-10 03:29:06.536743 DEBUG BF_PORT 0:155: ln:0 LOS=1 Port Dn
2025-04-10 03:29:06.536846 DEBUG BF_PORT FSM :0:155:-: BF_FSM_ST_WAIT_DFE_DONE    --> BF_FSM_ST_WAIT_PCS_UP      
2025-04-10 03:29:06.607850 DEBUG BF_PORT FSM :0:153:-: state=1 PCS_status=1 local_fault=0 remote fault =0
2025-04-10 03:29:06.608057 DEBUG BF_PORT FSM :0:153:-: PCS err-blk=0 : syn-lst=0 : bk-lk-lst=0 : hi_ber=0 : val-err=0 : unk-err=0 : inv-err=0 : bip=0
2025-04-10 03:29:06.608083 DEBUG BF_PORT FSM :0:152:-: state=1 PCS_status=1 local_fault=0 remote fault =0
2025-04-10 03:29:06.608260 DEBUG BF_PORT FSM :0:152:-: PCS err-blk=0 : syn-lst=0 : bk-lk-lst=0 : hi_ber=0 : val-err=0 : unk-err=0 : inv-err=0 : bip=0
2025-04-10 03:29:06.624919 DEBUG BF_PORT FSM :0:154:-: state=1 PCS_status=1 local_fault=0 remote fault =0
2025-04-10 03:29:06.625143 DEBUG BF_PORT FSM :0:154:-: PCS err-blk=0 : syn-lst=0 : bk-lk-lst=0 : hi_ber=0 : val-err=0 : unk-err=0 : inv-err=0 : bip=0
2025-04-10 03:29:06.637117 DEBUG BF_PORT FSM :0:155:-: state=1 PCS_status=1 local_fault=0 remote fault =0
2025-04-10 03:29:06.637319 DEBUG BF_PORT FSM :0:155:-: PCS err-blk=0 : syn-lst=0 : bk-lk-lst=0 : hi_ber=0 : val-err=0 : unk-err=0 : inv-err=0 : bip=0
2025-04-10 03:29:06.708438 DEBUG BF_PORT FSM :0:153:-: state=1 PCS_status=1 local_fault=0 remote fault =0
2025-04-10 03:29:06.708656 DEBUG BF_PORT FSM :0:153:-: PCS err-blk=0 : syn-lst=0 : bk-lk-lst=0 : hi_ber=0 : val-err=0 : unk-err=0 : inv-err=0 : bip=0
2025-04-10 03:29:06.708698 DEBUG BF_PORT FSM :0:152:-: state=1 PCS_status=1 local_fault=0 remote fault =0
2025-04-10 03:29:06.708855 DEBUG BF_PORT FSM :0:152:-: PCS err-blk=0 : syn-lst=0 : bk-lk-lst=0 : hi_ber=0 : val-err=0 : unk-err=0 : inv-err=0 : bip=0
2025-04-10 03:29:06.725506 DEBUG BF_PORT FSM :0:154:-: state=1 PCS_status=1 local_fault=0 remote fault =0
2025-04-10 03:29:06.725712 DEBUG BF_PORT FSM :0:154:-: PCS err-blk=0 : syn-lst=0 : bk-lk-lst=0 : hi_ber=0 : val-err=0 : unk-err=0 : inv-err=0 : bip=0
2025-04-10 03:29:06.737676 DEBUG BF_PORT FSM :0:155:-: state=1 PCS_status=1 local_fault=0 remote fault =0
2025-04-10 03:29:06.737878 DEBUG BF_PORT FSM :0:155:-: PCS err-blk=0 : syn-lst=0 : bk-lk-lst=0 : hi_ber=0 : val-err=0 : unk-err=0 : inv-err=0 : bip=0
2025-04-10 03:29:06.808901 DEBUG BF_PORT FSM :0:153:-: state=1 PCS_status=1 local_fault=0 remote fault =0
2025-04-10 03:29:06.809130 DEBUG BF_PORT FSM :0:153:-: PCS err-blk=0 : syn-lst=0 : bk-lk-lst=0 : hi_ber=0 : val-err=0 : unk-err=0 : inv-err=0 : bip=0
2025-04-10 03:29:06.809160 DEBUG BF_PORT FSM :0:152:-: state=1 PCS_status=1 local_fault=0 remote fault =0
2025-04-10 03:29:06.809316 DEBUG BF_PORT FSM :0:152:-: PCS err-blk=0 : syn-lst=0 : bk-lk-lst=0 : hi_ber=0 : val-err=0 : unk-err=0 : inv-err=0 : bip=0
2025-04-10 03:29:06.811074 DEBUG BF_PORT FSM :0:152:-: BF_FSM_ST_WAIT_PCS_UP      --> BF_FSM_ST_WAIT_DWN_EVNT    
2025-04-10 03:29:06.811109 DEBUG BF_PORT 0:152: --- Up
2025-04-10 03:29:06.811137 DEBUG BF_PM pm_port_link_status_chg_cb:3798 PM: Dev 0 : front port 4/0 (152) : UP
2025-04-10 03:29:06.833004 DEBUG BF_PORT FSM :0:154:-: state=1 PCS_status=1 local_fault=0 remote fault =0
2025-04-10 03:29:06.833209 DEBUG BF_PORT FSM :0:154:-: PCS err-blk=0 : syn-lst=0 : bk-lk-lst=0 : hi_ber=0 : val-err=0 : unk-err=0 : inv-err=0 : bip=0
2025-04-10 03:29:06.838283 DEBUG BF_PORT FSM :0:155:-: state=1 PCS_status=1 local_fault=0 remote fault =0
2025-04-10 03:29:06.838478 DEBUG BF_PORT FSM :0:155:-: PCS err-blk=0 : syn-lst=0 : bk-lk-lst=0 : hi_ber=0 : val-err=0 : unk-err=0 : inv-err=0 : bip=0
2025-04-10 03:29:06.909497 DEBUG BF_PORT FSM :0:153:-: state=1 PCS_status=1 local_fault=0 remote fault =0
2025-04-10 03:29:06.909698 DEBUG BF_PORT FSM :0:153:-: PCS err-blk=0 : syn-lst=0 : bk-lk-lst=0 : hi_ber=0 : val-err=0 : unk-err=0 : inv-err=0 : bip=0
2025-04-10 03:29:06.933353 DEBUG BF_PORT FSM :0:154:-: state=1 PCS_status=1 local_fault=0 remote fault =0
2025-04-10 03:29:06.933560 DEBUG BF_PORT FSM :0:154:-: PCS err-blk=0 : syn-lst=0 : bk-lk-lst=0 : hi_ber=0 : val-err=0 : unk-err=0 : inv-err=0 : bip=0
2025-04-10 03:29:06.938602 DEBUG BF_PORT FSM :0:155:-: state=1 PCS_status=1 local_fault=0 remote fault =0
2025-04-10 03:29:06.938803 DEBUG BF_PORT FSM :0:155:-: PCS err-blk=0 : syn-lst=0 : bk-lk-lst=0 : hi_ber=0 : val-err=0 : unk-err=0 : inv-err=0 : bip=0
2025-04-10 03:29:07.009966 DEBUG BF_PORT FSM :0:153:-: state=1 PCS_status=1 local_fault=0 remote fault =0
2025-04-10 03:29:07.010177 DEBUG BF_PORT FSM :0:153:-: PCS err-blk=0 : syn-lst=0 : bk-lk-lst=0 : hi_ber=0 : val-err=0 : unk-err=0 : inv-err=0 : bip=0
2025-04-10 03:29:07.033759 DEBUG BF_PORT FSM :0:154:-: state=1 PCS_status=1 local_fault=0 remote fault =0
2025-04-10 03:29:07.033962 DEBUG BF_PORT FSM :0:154:-: PCS err-blk=0 : syn-lst=0 : bk-lk-lst=0 : hi_ber=0 : val-err=0 : unk-err=0 : inv-err=0 : bip=0
2025-04-10 03:29:07.039027 DEBUG BF_PORT FSM :0:155:-: state=1 PCS_status=1 local_fault=0 remote fault =0
2025-04-10 03:29:07.039239 DEBUG BF_PORT FSM :0:155:-: PCS err-blk=0 : syn-lst=0 : bk-lk-lst=0 : hi_ber=0 : val-err=0 : unk-err=0 : inv-err=0 : bip=0
2025-04-10 03:29:07.110460 DEBUG BF_PORT FSM :0:153:-: state=1 PCS_status=1 local_fault=0 remote fault =0
2025-04-10 03:29:07.110661 DEBUG BF_PORT FSM :0:153:-: PCS err-blk=0 : syn-lst=0 : bk-lk-lst=0 : hi_ber=0 : val-err=0 : unk-err=0 : inv-err=0 : bip=0
2025-04-10 03:29:07.134078 DEBUG BF_PORT FSM :0:154:-: state=1 PCS_status=1 local_fault=0 remote fault =0
2025-04-10 03:29:07.134290 DEBUG BF_PORT FSM :0:154:-: PCS err-blk=0 : syn-lst=0 : bk-lk-lst=0 : hi_ber=0 : val-err=0 : unk-err=0 : inv-err=0 : bip=0
2025-04-10 03:29:07.139402 DEBUG BF_PORT FSM :0:155:-: state=1 PCS_status=1 local_fault=0 remote fault =0
2025-04-10 03:29:07.139604 DEBUG BF_PORT FSM :0:155:-: PCS err-blk=0 : syn-lst=0 : bk-lk-lst=0 : hi_ber=0 : val-err=0 : unk-err=0 : inv-err=0 : bip=0
2025-04-10 03:29:07.211029 DEBUG BF_PORT FSM :0:153:-: state=1 PCS_status=1 local_fault=0 remote fault =0
2025-04-10 03:29:07.211224 DEBUG BF_PORT FSM :0:153:-: PCS err-blk=0 : syn-lst=0 : bk-lk-lst=0 : hi_ber=0 : val-err=0 : unk-err=0 : inv-err=0 : bip=0
2025-04-10 03:29:07.234723 DEBUG BF_PORT FSM :0:154:-: state=1 PCS_status=1 local_fault=0 remote fault =0
2025-04-10 03:29:07.234925 DEBUG BF_PORT FSM :0:154:-: PCS err-blk=0 : syn-lst=0 : bk-lk-lst=0 : hi_ber=0 : val-err=0 : unk-err=0 : inv-err=0 : bip=0
2025-04-10 03:29:07.239667 DEBUG BF_PORT FSM :0:155:-: state=1 PCS_status=1 local_fault=0 remote fault =0
2025-04-10 03:29:07.239863 DEBUG BF_PORT FSM :0:155:-: PCS err-blk=0 : syn-lst=0 : bk-lk-lst=0 : hi_ber=0 : val-err=0 : unk-err=0 : inv-err=0 : bip=0
2025-04-10 03:29:07.311500 DEBUG BF_PORT FSM :0:153:-: state=1 PCS_status=1 local_fault=0 remote fault =0
2025-04-10 03:29:07.311702 DEBUG BF_PORT FSM :0:153:-: PCS err-blk=0 : syn-lst=0 : bk-lk-lst=0 : hi_ber=0 : val-err=0 : unk-err=0 : inv-err=0 : bip=0
2025-04-10 03:29:07.313441 DEBUG BF_PORT FSM :0:153:-: BF_FSM_ST_WAIT_PCS_UP      --> BF_FSM_ST_WAIT_DWN_EVNT    
2025-04-10 03:29:07.313460 DEBUG BF_PORT 0:153: --- Up
2025-04-10 03:29:07.313481 DEBUG BF_PM pm_port_link_status_chg_cb:3798 PM: Dev 0 : front port 4/1 (153) : UP
2025-04-10 03:29:07.335213 DEBUG BF_PORT FSM :0:154:-: state=1 PCS_status=1 local_fault=0 remote fault =0
2025-04-10 03:29:07.335424 DEBUG BF_PORT FSM :0:154:-: PCS err-blk=0 : syn-lst=0 : bk-lk-lst=0 : hi_ber=0 : val-err=0 : unk-err=0 : inv-err=0 : bip=0
2025-04-10 03:29:07.337166 DEBUG BF_PORT FSM :0:154:-: BF_FSM_ST_WAIT_PCS_UP      --> BF_FSM_ST_WAIT_DWN_EVNT    
2025-04-10 03:29:07.337188 DEBUG BF_PORT 0:154: --- Up
2025-04-10 03:29:07.337210 DEBUG BF_PM pm_port_link_status_chg_cb:3798 PM: Dev 0 : front port 4/2 (154) : UP
2025-04-10 03:29:07.348287 DEBUG BF_PORT FSM :0:155:-: state=1 PCS_status=1 local_fault=0 remote fault =0
2025-04-10 03:29:07.348464 DEBUG BF_PORT FSM :0:155:-: PCS err-blk=0 : syn-lst=0 : bk-lk-lst=0 : hi_ber=0 : val-err=0 : unk-err=0 : inv-err=0 : bip=0
2025-04-10 03:29:07.350170 DEBUG BF_PORT FSM :0:155:-: BF_FSM_ST_WAIT_PCS_UP      --> BF_FSM_ST_WAIT_DWN_EVNT    
2025-04-10 03:29:07.350187 DEBUG BF_PORT 0:155: --- Up
2025-04-10 03:29:07.350210 DEBUG BF_PM pm_port_link_status_chg_cb:3798 PM: Dev 0 : front port 4/3 (155) : UP
2025-04-10 03:29:08.541597 DEBUG BF_PLTFM QSFP     4 : ch[0] : Ready 
2025-04-10 03:29:08.541659 DEBUG BF_PLTFM QSFPCSM  4/0 : QSFP_CH_FSM_ST_NOTIFY_ENABLED.0 --> QSFP_CH_FSM_ST_ENABLED.0 (0ms)
2025-04-10 03:29:08.557639 DEBUG BF_PLTFM QSFP     4 : ch[1] : Ready 
2025-04-10 03:29:08.557689 DEBUG BF_PLTFM QSFPCSM  4/1 : QSFP_CH_FSM_ST_NOTIFY_ENABLED.0 --> QSFP_CH_FSM_ST_ENABLED.0 (0ms)
2025-04-10 03:29:08.573759 DEBUG BF_PLTFM QSFP     4 : ch[2] : Ready 
2025-04-10 03:29:08.573807 DEBUG BF_PLTFM QSFPCSM  4/2 : QSFP_CH_FSM_ST_NOTIFY_ENABLED.0 --> QSFP_CH_FSM_ST_ENABLED.0 (0ms)
2025-04-10 03:29:08.589783 DEBUG BF_PLTFM QSFP     4 : ch[3] : Ready 
2025-04-10 03:29:08.589839 DEBUG BF_PLTFM QSFPCSM  4/3 : QSFP_CH_FSM_ST_NOTIFY_ENABLED.0 --> QSFP_CH_FSM_ST_ENABLED.0 (0ms)
2025-04-10 03:31:13.852035 DEBUG BF_PORT 0 : MAC41: CH3: link_interrups: 0x0010 RF: 0, LF: 1
2025-04-10 03:31:13.852129 DEBUG BF_PORT FSM :0:155:-: (WDEV) state=0 PCS_status=0 local_fault=1 remote fault =0
2025-04-10 03:31:13.852157 DEBUG BF_PORT FSM :0:155:-: BF_FSM_ST_WAIT_DWN_EVNT    --> BF_FSM_ST_ABORT            (alt)
2025-04-10 03:31:13.853161 DEBUG BF_PORT 0:155: updated historical ctrs, wait for hw ctrs clear.
2025-04-10 03:31:13.853179 DEBUG BF_PORT MAC: DIS: 0:41:3 : Disable channel
2025-04-10 03:31:13.853203 DEBUG BF_PORT MAC: ENA: 0:41:3 : Enable channel
2025-04-10 03:31:13.853219 DEBUG BF_PORT 0:155: --- Dn
2025-04-10 03:31:13.853268 DEBUG BF_PM pm_port_link_status_chg_cb:3798 PM: Dev 0 : front port 4/3 (155) : DOWN
2025-04-10 03:31:13.853319 DEBUG BF_PM bf_pm_port_log_pcs_counters:3665 PCS: Dev : 0 : front port : 4/3 (155) : pcs-sts=0 blk-lk=0 blk-lk-all=0 hi-ber=0 : algn-lk-all=0 algn-lk=0
2025-04-10 03:31:13.872522 DEBUG BF_PORT FSM :0:155:-: MACs serdesmux.sig_ok=LOW
2025-04-10 03:31:13.872575 DEBUG BF_PORT FSM :0:155:-: Disable MAC Rx
2025-04-10 03:31:13.872597 DEBUG BF_PORT MAC: 0:41:3 :  set rx enable = false
2025-04-10 03:31:13.874646 DEBUG BF_PORT MAC: DIS: 0:41:3 : Disable channel
2025-04-10 03:31:13.874677 DEBUG BF_PORT MAC: ENA: 0:41:3 : Enable channel
2025-04-10 03:31:13.874691 DEBUG BF_PORT 0:155: hw ctrs cleared.
2025-04-10 03:31:13.874707 DEBUG BF_PORT FSM :0:155:-: BF_FSM_ST_ABORT            --> BF_FSM_ST_RE_INIT_SERDES_RX 
2025-04-10 03:31:13.925051 DEBUG BF_PORT FSM :0:155:-: MACs serdesmux.sig_ok=LOW
2025-04-10 03:31:13.925128 DEBUG BF_PORT FSM :0:155:-: Serdes Rx=ON
2025-04-10 03:31:13.925975 DEBUG BF_PORT FSM :0:155:-: BF_FSM_ST_RE_INIT_SERDES_RX --> BF_FSM_ST_WAIT_RX_PLL      
2025-04-10 03:31:13.976437 DEBUG BF_PORT FSM :0:155:-: BF_FSM_ST_WAIT_RX_PLL      --> BF_FSM_ST_RE_CFG_SERDES_RX 
2025-04-10 03:31:13.976479 DEBUG BF_PORT FSM :0:155:-: Disable MAC CH TX/RX, toggle swreset
2025-04-10 03:31:13.976497 DEBUG BF_PORT MAC: 0:41:3 :  set tx enable = false
2025-04-10 03:31:13.976512 DEBUG BF_PORT MAC: 0:41:3 :  set rx enable = false
2025-04-10 03:31:13.976529 DEBUG BF_PORT MAC: DIS: 0:41:3 : Disable channel
2025-04-10 03:31:13.976552 DEBUG BF_PORT MAC: ENA: 0:41:3 : Enable channel
2025-04-10 03:31:13.977382 DEBUG BF_PORT FSM :0:1: 41: Tx loop bandwidth setting: 503h <1283>
2025-04-10 03:31:13.977505 DEBUG BF_PORT FSM :0:155:-: BF_FSM_ST_RE_CFG_SERDES_RX --> BF_FSM_ST_WAIT_SIGNAL_OK   
2025-04-10 03:31:14.027775 DEBUG BF_PORT FSM :0:155: is_opt=1 : is_ready=1 : LOS=0 debounce_thr=8
2025-04-10 03:31:14.028578 DEBUG BF_PORT FSM :0:155:0: LOS=1 EI=1 flock= 1 calibration=ok
2025-04-10 03:31:14.028602 DEBUG BF_PORT FSM :0:155:-: BF_FSM_ST_WAIT_SIGNAL_OK   --> BF_FSM_ST_START_DFE        
2025-04-10 03:31:14.039292 DEBUG BF_PORT FSM :0:155:-: BF_FSM_ST_START_DFE        --> BF_FSM_ST_WAIT_DFE_DONE    
2025-04-10 03:31:14.154308 DEBUG BF_PLTFM QSFP     4 : Alarms (Bytes 2-14) : 00 08 00 00 00 00 00 00 05 00 00 00 00
2025-04-10 03:31:14.154424 DEBUG BF_PLTFM QSFP     4 : [7:4] Tx LOS: 0 -> 0 : [3:0] Rx LOS: 0 -> 8
2025-04-10 03:31:14.154452 DEBUG BF_PLTFM QSFP     4 : Rx Power Alarm/Warn CH3/4: 00 -> 05
2025-04-10 03:31:14.161528 DEBUG BF_PLTFM QSFP     4 : dev_port=155 : LOS=1
2025-04-10 03:31:14.544788 DEBUG BF_PORT Upper eye edge: +/- 0 mV (ht=0mV)
2025-04-10 03:31:14.544827 DEBUG BF_PORT FSM :0:155:0: 1e06=  0mV/ 40mV
2025-04-10 03:31:14.544849 DEBUG BF_PORT FSM :0:155:0: Re-Start ICAL
2025-04-10 03:31:15.359923 DEBUG BF_PORT Upper eye edge: +/- 450 mV (ht=900mV)
2025-04-10 03:31:15.359990 DEBUG BF_PORT FSM :0:155:0: 1e06=900mV/ 19mV
2025-04-10 03:31:15.360003 DEBUG BF_PORT FSM :0:155:0: Invalid eye height: 900
2025-04-10 03:31:15.360015 DEBUG BF_PORT FSM :0:155:-: BF_FSM_ST_WAIT_DFE_DONE    --> BF_FSM_ST_ABORT            (alt)
2025-04-10 03:31:15.360053 DEBUG BF_PORT FSM :0:155:-: MACs serdesmux.sig_ok=LOW
2025-04-10 03:31:15.360074 DEBUG BF_PORT FSM :0:155:-: Disable MAC Rx
2025-04-10 03:31:15.360089 DEBUG BF_PORT MAC: 0:41:3 :  set rx enable = false
2025-04-10 03:31:15.360426 DEBUG BF_PORT MAC: DIS: 0:41:3 : Disable channel
2025-04-10 03:31:15.360454 DEBUG BF_PORT MAC: ENA: 0:41:3 : Enable channel
2025-04-10 03:31:15.360472 DEBUG BF_PORT 0:155: hw ctrs cleared.
2025-04-10 03:31:15.360483 DEBUG BF_PORT FSM :0:155:-: BF_FSM_ST_ABORT            --> BF_FSM_ST_RE_INIT_SERDES_RX 
2025-04-10 03:31:15.410728 DEBUG BF_PORT FSM :0:155:-: MACs serdesmux.sig_ok=LOW
2025-04-10 03:31:15.410784 DEBUG BF_PORT FSM :0:155:-: Serdes Rx=ON
2025-04-10 03:31:15.411588 DEBUG BF_PORT FSM :0:155:-: BF_FSM_ST_RE_INIT_SERDES_RX --> BF_FSM_ST_WAIT_RX_PLL      
2025-04-10 03:31:15.462090 DEBUG BF_PORT FSM :0:155:-: BF_FSM_ST_WAIT_RX_PLL      --> BF_FSM_ST_RE_CFG_SERDES_RX 
2025-04-10 03:31:15.462176 DEBUG BF_PORT FSM :0:155:-: Disable MAC CH TX/RX, toggle swreset
2025-04-10 03:31:15.462201 DEBUG BF_PORT MAC: 0:41:3 :  set tx enable = false
2025-04-10 03:31:15.462221 DEBUG BF_PORT MAC: 0:41:3 :  set rx enable = false
2025-04-10 03:31:15.462234 DEBUG BF_PORT MAC: DIS: 0:41:3 : Disable channel
2025-04-10 03:31:15.462257 DEBUG BF_PORT MAC: ENA: 0:41:3 : Enable channel
2025-04-10 03:31:15.463091 DEBUG BF_PORT FSM :0:1: 41: Tx loop bandwidth setting: 503h <1283>
2025-04-10 03:31:15.463258 DEBUG BF_PORT FSM :0:155:-: BF_FSM_ST_RE_CFG_SERDES_RX --> BF_FSM_ST_WAIT_SIGNAL_OK   
